customer_id,signup_date,customer_segment,location,acquisition_channel,age,gender,signup_year,signup_month
C00001,2024-04-12,medium,Bhubaneswar,ads,25,male,2024,2024-04
C00002,2025-03-11,high,Hyderabad,referral,47,female,2025,2025-03
C00003,2024-09-27,low,Ahmedabad,organic,46,female,2024,2024-09
C00004,2024-04-16,medium,Bangalore,organic,38,male,2024,2024-04
C00005,2024-03-12,high,Hyderabad,referral,37,female,2024,2024-03
C00006,2025-12-01,high,Chennai,ads,29,male,2025,2025-12
C00007,2024-01-21,high,Bhubaneswar,ads,27,female,2024,2024-01
C00008,2025-09-06,high,Kolkata,ads,31,other,2025,2025-09
C00009,2024-05-01,medium,Kolkata,ads,19,female,2024,2024-05
C00010,2025-04-11,low,Jaipur,ads,37,female,2025,2025-04
C00011,2024-08-02,high,Jaipur,referral,35,female,2024,2024-08
C00012,2024-11-26,high,Chennai,ads,25,female,2024,2024-11
C00013,2025-04-03,medium,Hyderabad,organic,50,female,2025,2025-04
C00014,2024-03-28,low,Kolkata,ads,41,male,2024,2024-03
C00015,2025-01-07,medium,Mumbai,ads,41,male,2025,2025-01
C00016,2024-04-09,medium,Mumbai,ads,30,female,2024,2024-04
C00017,2025-10-25,medium,Bangalore,ads,34,male,2025,2025-10
C00018,2024-05-10,medium,Mumbai,organic,41,female,2024,2024-05
C00019,2025-10-23,high,Delhi,ads,36,female,2025,2025-10
C00020,2024-11-04,low,Bhubaneswar,ads,51,male,2024,2024-11
C00021,2024-12-09,medium,Chennai,ads,32,male,2024,2024-12
C00022,2025-05-06,medium,Jaipur,ads,29,female,2025,2025-05
C00023,2025-02-17,low,Delhi,organic,41,female,2025,2025-02
C00024,2025-01-20,medium,Ahmedabad,ads,22,male,2025,2025-01
C00025,2024-07-10,medium,Bhubaneswar,ads,44,female,2024,2024-07
C00026,2024-10-03,medium,Kolkata,ads,21,female,2024,2024-10
C00027,2024-06-09,high,Bhubaneswar,ads,41,female,2024,2024-06
C00028,2025-04-04,high,Jaipur,ads,28,female,2025,2025-04
C00029,2024-11-09,medium,Pune,organic,39,male,2024,2024-11
C00030,2024-01-22,low,Pune,ads,44,female,2024,2024-01
C00031,2024-09-09,low,Delhi,organic,36,male,2024,2024-09
C00032,2025-07-14,medium,Hyderabad,ads,23,male,2025,2025-07
C00033,2025-04-19,high,Kolkata,organic,26,male,2025,2025-04
C00034,2024-02-28,high,Jaipur,organic,27,male,2024,2024-02
C00035,2025-05-25,low,Jaipur,ads,18,female,2025,2025-05
C00036,2025-11-12,medium,Jaipur,ads,46,male,2025,2025-11
C00037,2025-04-20,medium,Mumbai,ads,36,female,2025,2025-04
C00038,2025-11-30,low,Jaipur,ads,23,female,2025,2025-11
C00039,2024-07-08,low,Pune,ads,49,female,2024,2024-07
C00040,2025-11-17,low,Ahmedabad,ads,27,female,2025,2025-11
C00041,2025-07-16,high,Chennai,ads,37,other,2025,2025-07
C00042,2025-07-20,low,Bhubaneswar,ads,26,male,2025,2025-07
C00043,2024-08-31,low,Chennai,ads,18,female,2024,2024-08
C00044,2025-05-19,medium,Pune,ads,21,male,2025,2025-05
C00045,2024-05-10,medium,Pune,referral,30,female,2024,2024-05
C00046,2025-04-29,medium,Ahmedabad,organic,43,male,2025,2025-04
C00047,2025-10-08,low,Bangalore,referral,38,female,2025,2025-10
C00048,2024-01-21,high,Delhi,organic,36,male,2024,2024-01
C00049,2024-06-15,medium,Mumbai,organic,18,male,2024,2024-06
C00050,2024-09-30,high,Hyderabad,organic,47,female,2024,2024-09
C00051,2025-01-22,low,Jaipur,ads,37,female,2025,2025-01
C00052,2025-08-23,high,Jaipur,organic,33,male,2025,2025-08
C00053,2024-11-11,medium,Ahmedabad,referral,46,female,2024,2024-11
C00054,2024-01-14,medium,Bangalore,referral,47,male,2024,2024-01
C00055,2024-08-29,low,Jaipur,ads,46,female,2024,2024-08
C00056,2024-12-11,medium,Mumbai,ads,32,female,2024,2024-12
C00057,2025-07-18,high,Delhi,referral,24,male,2025,2025-07
C00058,2024-12-05,low,Mumbai,referral,44,male,2024,2024-12
C00059,2024-04-01,medium,Bangalore,ads,21,male,2024,2024-04
C00060,2025-01-01,low,Pune,ads,54,male,2025,2025-01
C00061,2025-03-30,high,Mumbai,ads,35,female,2025,2025-03
C00062,2025-03-03,medium,Chennai,ads,24,female,2025,2025-03
C00063,2025-05-23,medium,Mumbai,organic,22,other,2025,2025-05
C00064,2024-02-04,high,Pune,ads,22,male,2024,2024-02
C00065,2024-07-24,medium,Jaipur,organic,36,female,2024,2024-07
C00066,2024-03-21,medium,Bhubaneswar,organic,34,male,2024,2024-03
C00067,2025-07-15,low,Bhubaneswar,ads,22,female,2025,2025-07
C00068,2025-01-22,medium,Bhubaneswar,referral,31,male,2025,2025-01
C00069,2024-01-02,medium,Jaipur,referral,21,other,2024,2024-01
C00070,2025-01-24,medium,Ahmedabad,ads,40,male,2025,2025-01
C00071,2025-07-19,low,Delhi,ads,34,female,2025,2025-07
C00072,2024-04-15,medium,Delhi,organic,31,male,2024,2024-04
C00073,2025-04-21,medium,Jaipur,ads,22,female,2025,2025-04
C00074,2025-12-03,medium,Mumbai,organic,31,female,2025,2025-12
C00075,2025-02-05,medium,Hyderabad,organic,30,female,2025,2025-02
C00076,2025-12-30,medium,Delhi,ads,38,female,2025,2025-12
C00077,2025-07-09,low,Chennai,organic,36,male,2025,2025-07
C00078,2024-06-10,medium,Chennai,organic,42,male,2024,2024-06
C00079,2024-07-20,low,Kolkata,referral,30,female,2024,2024-07
C00080,2024-09-26,high,Chennai,organic,18,male,2024,2024-09
C00081,2024-09-27,medium,Delhi,organic,44,female,2024,2024-09
C00082,2025-03-31,low,Hyderabad,organic,25,female,2025,2025-03
C00083,2025-04-06,high,Pune,organic,23,male,2025,2025-04
C00084,2025-12-27,low,Bhubaneswar,organic,34,female,2025,2025-12
C00085,2024-09-08,medium,Mumbai,ads,38,female,2024,2024-09
C00086,2025-12-02,low,Pune,organic,29,female,2025,2025-12
C00087,2024-10-22,medium,Hyderabad,referral,29,female,2024,2024-10
C00088,2025-12-25,medium,Ahmedabad,organic,31,male,2025,2025-12
C00089,2025-12-20,high,Bhubaneswar,ads,49,female,2025,2025-12
C00090,2024-12-03,medium,Kolkata,ads,34,male,2024,2024-12
C00091,2024-02-22,high,Ahmedabad,ads,25,female,2024,2024-02
C00092,2024-08-04,high,Delhi,ads,25,male,2024,2024-08
C00093,2024-07-06,high,Hyderabad,referral,32,male,2024,2024-07
C00094,2025-01-14,medium,Bhubaneswar,organic,37,female,2025,2025-01
C00095,2025-05-07,low,Kolkata,ads,39,male,2025,2025-05
C00096,2024-02-10,high,Mumbai,referral,36,other,2024,2024-02
C00097,2024-06-05,high,Mumbai,organic,26,male,2024,2024-06
C00098,2024-01-15,medium,Jaipur,organic,30,male,2024,2024-01
C00099,2024-03-05,high,Delhi,organic,42,male,2024,2024-03
C00100,2025-06-04,high,Chennai,ads,23,male,2025,2025-06
C00101,2024-12-09,high,Hyderabad,organic,30,female,2024,2024-12
C00102,2024-05-08,low,Kolkata,organic,40,female,2024,2024-05
C00103,2025-10-09,low,Kolkata,ads,43,male,2025,2025-10
C00104,2025-04-16,medium,Chennai,ads,33,male,2025,2025-04
C00105,2024-03-03,medium,Chennai,organic,30,male,2024,2024-03
C00106,2024-05-18,medium,Ahmedabad,organic,21,male,2024,2024-05
C00107,2025-05-13,medium,Bhubaneswar,ads,40,female,2025,2025-05
C00108,2025-08-15,medium,Ahmedabad,referral,48,female,2025,2025-08
C00109,2025-01-26,medium,Bangalore,ads,60,female,2025,2025-01
C00110,2025-11-05,medium,Bangalore,ads,38,other,2025,2025-11
C00111,2025-02-22,high,Delhi,organic,34,female,2025,2025-02
C00112,2024-10-15,medium,Jaipur,organic,25,female,2024,2024-10
C00113,2025-01-13,low,Hyderabad,ads,18,male,2025,2025-01
C00114,2025-05-04,medium,Kolkata,referral,36,female,2025,2025-05
C00115,2024-08-18,low,Bhubaneswar,ads,58,female,2024,2024-08
C00116,2024-02-10,low,Mumbai,referral,47,male,2024,2024-02
C00117,2024-01-28,high,Mumbai,referral,46,female,2024,2024-01
C00118,2024-05-14,medium,Pune,organic,37,other,2024,2024-05
C00119,2024-07-19,medium,Chennai,organic,38,female,2024,2024-07
C00120,2024-02-02,low,Delhi,organic,18,male,2024,2024-02
C00121,2024-02-17,low,Pune,organic,42,female,2024,2024-02
C00122,2025-05-17,medium,Pune,organic,29,other,2025,2025-05
C00123,2025-02-10,medium,Jaipur,referral,27,male,2025,2025-02
C00124,2025-07-27,low,Hyderabad,organic,31,female,2025,2025-07
C00125,2025-12-28,high,Kolkata,organic,31,female,2025,2025-12
C00126,2024-04-08,low,Bhubaneswar,organic,27,male,2024,2024-04
C00127,2025-11-14,low,Mumbai,referral,35,female,2025,2025-11
C00128,2025-12-26,medium,Mumbai,ads,29,male,2025,2025-12
C00129,2025-06-30,medium,Mumbai,referral,36,female,2025,2025-06
C00130,2025-09-04,medium,Bangalore,referral,20,female,2025,2025-09
C00131,2025-04-06,medium,Hyderabad,ads,32,female,2025,2025-04
C00132,2025-10-04,medium,Delhi,organic,24,male,2025,2025-10
C00133,2024-01-05,low,Mumbai,organic,28,female,2024,2024-01
C00134,2024-08-05,low,Jaipur,organic,36,other,2024,2024-08
C00135,2025-05-17,low,Mumbai,ads,18,male,2025,2025-05
C00136,2025-02-01,high,Delhi,organic,26,female,2025,2025-02
C00137,2025-01-27,low,Bangalore,organic,40,male,2025,2025-01
C00138,2024-07-25,low,Jaipur,ads,20,male,2024,2024-07
C00139,2024-01-15,medium,Pune,ads,52,female,2024,2024-01
C00140,2025-07-07,high,Delhi,ads,47,female,2025,2025-07
C00141,2025-04-05,medium,Pune,organic,30,female,2025,2025-04
C00142,2025-11-21,low,Chennai,referral,27,male,2025,2025-11
C00143,2025-07-28,medium,Ahmedabad,ads,37,male,2025,2025-07
C00144,2024-08-28,low,Mumbai,organic,20,female,2024,2024-08
C00145,2025-07-17,medium,Delhi,ads,18,male,2025,2025-07
C00146,2024-04-05,low,Ahmedabad,referral,30,male,2024,2024-04
C00147,2025-04-29,high,Bhubaneswar,organic,33,female,2025,2025-04
C00148,2025-02-10,medium,Jaipur,organic,35,female,2025,2025-02
C00149,2024-08-18,medium,Hyderabad,ads,28,male,2024,2024-08
C00150,2025-10-16,high,Chennai,organic,47,male,2025,2025-10
C00151,2024-06-19,low,Bhubaneswar,referral,20,female,2024,2024-06
C00152,2025-06-24,medium,Bhubaneswar,organic,23,other,2025,2025-06
C00153,2024-02-05,medium,Chennai,ads,39,male,2024,2024-02
C00154,2025-06-08,medium,Pune,ads,23,female,2025,2025-06
C00155,2024-06-08,medium,Delhi,ads,22,male,2024,2024-06
C00156,2025-11-29,high,Kolkata,organic,36,female,2025,2025-11
C00157,2024-08-30,high,Mumbai,organic,24,male,2024,2024-08
C00158,2024-03-26,low,Jaipur,organic,33,female,2024,2024-03
C00159,2025-07-31,medium,Bangalore,organic,28,female,2025,2025-07
C00160,2025-11-12,low,Delhi,organic,26,female,2025,2025-11
C00161,2025-07-10,low,Mumbai,referral,18,female,2025,2025-07
C00162,2025-07-27,medium,Delhi,organic,36,male,2025,2025-07
C00163,2025-10-07,medium,Bhubaneswar,ads,22,female,2025,2025-10
C00164,2024-01-28,medium,Kolkata,ads,33,male,2024,2024-01
C00165,2025-09-11,low,Bangalore,ads,29,male,2025,2025-09
C00166,2025-07-09,low,Delhi,referral,32,male,2025,2025-07
C00167,2024-12-05,medium,Mumbai,organic,33,female,2024,2024-12
C00168,2024-11-26,low,Bangalore,referral,36,male,2024,2024-11
C00169,2025-10-01,high,Bangalore,ads,27,female,2025,2025-10
C00170,2025-05-20,low,Hyderabad,referral,47,female,2025,2025-05
C00171,2024-12-13,low,Jaipur,ads,18,female,2024,2024-12
C00172,2025-04-17,high,Bhubaneswar,ads,32,female,2025,2025-04
C00173,2024-08-18,medium,Hyderabad,organic,43,male,2024,2024-08
C00174,2024-07-08,high,Mumbai,organic,39,male,2024,2024-07
C00175,2024-08-12,medium,Mumbai,ads,25,female,2024,2024-08
C00176,2025-01-19,low,Pune,referral,26,male,2025,2025-01
C00177,2025-01-11,medium,Delhi,ads,24,male,2025,2025-01
C00178,2024-10-09,high,Delhi,organic,40,male,2024,2024-10
C00179,2025-09-24,medium,Pune,referral,27,male,2025,2025-09
C00180,2025-09-19,low,Ahmedabad,ads,37,female,2025,2025-09
C00181,2024-09-15,medium,Chennai,organic,37,male,2024,2024-09
C00182,2024-12-24,medium,Delhi,organic,58,female,2024,2024-12
C00183,2025-12-10,high,Chennai,organic,38,male,2025,2025-12
C00184,2025-03-31,low,Delhi,referral,26,female,2025,2025-03
C00185,2025-02-14,low,Jaipur,referral,20,female,2025,2025-02
C00186,2025-10-10,medium,Ahmedabad,organic,32,female,2025,2025-10
C00187,2024-11-13,high,Kolkata,organic,33,male,2024,2024-11
C00188,2025-11-07,high,Ahmedabad,ads,18,male,2025,2025-11
C00189,2024-08-12,high,Mumbai,referral,27,female,2024,2024-08
C00190,2024-08-21,medium,Pune,ads,37,male,2024,2024-08
C00191,2025-11-14,low,Mumbai,ads,29,male,2025,2025-11
C00192,2025-10-25,medium,Kolkata,organic,44,female,2025,2025-10
C00193,2025-01-08,low,Hyderabad,ads,19,other,2025,2025-01
C00194,2025-11-02,medium,Mumbai,organic,41,female,2025,2025-11
C00195,2025-08-30,low,Mumbai,referral,44,other,2025,2025-08
C00196,2025-04-16,low,Mumbai,organic,44,female,2025,2025-04
C00197,2024-08-20,high,Bangalore,referral,19,female,2024,2024-08
C00198,2025-11-22,medium,Chennai,organic,38,male,2025,2025-11
C00199,2024-04-22,medium,Ahmedabad,referral,28,female,2024,2024-04
C00200,2025-05-11,high,Hyderabad,organic,20,female,2025,2025-05
C00201,2025-03-17,medium,Ahmedabad,ads,30,male,2025,2025-03
C00202,2025-07-17,medium,Jaipur,ads,25,female,2025,2025-07
C00203,2024-09-24,low,Chennai,organic,44,male,2024,2024-09
C00204,2025-05-24,medium,Hyderabad,referral,40,female,2025,2025-05
C00205,2025-01-20,low,Jaipur,ads,23,female,2025,2025-01
C00206,2025-01-21,medium,Bhubaneswar,ads,27,male,2025,2025-01
C00207,2024-04-22,low,Bangalore,referral,31,male,2024,2024-04
C00208,2025-09-04,medium,Mumbai,referral,34,other,2025,2025-09
C00209,2025-09-16,low,Bangalore,ads,45,female,2025,2025-09
C00210,2024-03-21,medium,Ahmedabad,referral,41,male,2024,2024-03
C00211,2025-11-29,medium,Hyderabad,organic,35,female,2025,2025-11
C00212,2024-04-22,medium,Jaipur,organic,32,male,2024,2024-04
C00213,2024-01-02,medium,Kolkata,ads,18,male,2024,2024-01
C00214,2025-10-03,high,Jaipur,organic,47,female,2025,2025-10
C00215,2024-08-07,high,Bangalore,ads,30,female,2024,2024-08
C00216,2025-07-19,high,Mumbai,organic,50,male,2025,2025-07
C00217,2024-08-12,low,Kolkata,ads,36,female,2024,2024-08
C00218,2025-01-19,medium,Ahmedabad,referral,55,male,2025,2025-01
C00219,2025-02-06,medium,Kolkata,ads,41,female,2025,2025-02
C00220,2025-09-29,low,Chennai,referral,20,male,2025,2025-09
C00221,2024-05-09,medium,Bhubaneswar,ads,28,male,2024,2024-05
C00222,2024-02-22,medium,Mumbai,organic,33,male,2024,2024-02
C00223,2025-11-14,high,Bangalore,organic,26,male,2025,2025-11
C00224,2025-12-30,low,Hyderabad,organic,31,male,2025,2025-12
C00225,2025-11-02,low,Pune,referral,21,male,2025,2025-11
C00226,2025-12-10,low,Kolkata,organic,35,female,2025,2025-12
C00227,2025-02-19,medium,Delhi,organic,37,male,2025,2025-02
C00228,2024-09-03,low,Pune,referral,24,male,2024,2024-09
C00229,2025-03-14,high,Ahmedabad,ads,54,female,2025,2025-03
C00230,2024-07-21,high,Delhi,organic,35,male,2024,2024-07
C00231,2024-07-02,high,Delhi,organic,26,female,2024,2024-07
C00232,2024-05-02,medium,Delhi,referral,18,male,2024,2024-05
C00233,2025-02-04,medium,Jaipur,referral,35,male,2025,2025-02
C00234,2024-10-20,medium,Pune,organic,32,male,2024,2024-10
C00235,2024-10-06,high,Ahmedabad,ads,42,male,2024,2024-10
C00236,2025-09-01,medium,Bangalore,referral,33,female,2025,2025-09
C00237,2024-07-16,low,Bhubaneswar,ads,23,male,2024,2024-07
C00238,2025-05-25,medium,Ahmedabad,referral,51,female,2025,2025-05
C00239,2024-05-23,low,Bangalore,ads,39,female,2024,2024-05
C00240,2025-08-31,medium,Bangalore,referral,32,male,2025,2025-08
C00241,2024-07-19,low,Delhi,organic,36,female,2024,2024-07
C00242,2024-05-03,medium,Mumbai,organic,39,male,2024,2024-05
C00243,2024-07-05,medium,Pune,ads,20,female,2024,2024-07
C00244,2024-11-21,medium,Bangalore,ads,36,female,2024,2024-11
C00245,2025-04-08,medium,Pune,referral,30,male,2025,2025-04
C00246,2024-12-14,low,Chennai,organic,40,female,2024,2024-12
C00247,2025-10-21,medium,Jaipur,referral,27,male,2025,2025-10
C00248,2025-02-06,medium,Bhubaneswar,organic,28,male,2025,2025-02
C00249,2024-12-11,low,Chennai,ads,51,male,2024,2024-12
C00250,2025-05-25,medium,Bangalore,organic,47,other,2025,2025-05
C00251,2024-05-26,medium,Ahmedabad,ads,18,male,2024,2024-05
C00252,2024-05-27,medium,Pune,ads,46,male,2024,2024-05
C00253,2025-12-11,medium,Chennai,organic,34,male,2025,2025-12
C00254,2025-05-03,medium,Pune,organic,27,male,2025,2025-05
C00255,2025-10-01,medium,Jaipur,ads,24,male,2025,2025-10
C00256,2025-07-04,low,Ahmedabad,referral,25,male,2025,2025-07
C00257,2024-12-03,medium,Chennai,organic,28,male,2024,2024-12
C00258,2025-10-02,medium,Pune,organic,23,male,2025,2025-10
C00259,2025-04-17,medium,Ahmedabad,organic,21,female,2025,2025-04
C00260,2024-05-30,low,Delhi,referral,24,female,2024,2024-05
C00261,2025-02-18,low,Kolkata,organic,38,male,2025,2025-02
C00262,2024-10-24,medium,Delhi,organic,35,female,2024,2024-10
C00263,2025-09-02,low,Bhubaneswar,ads,40,male,2025,2025-09
C00264,2024-09-19,medium,Bangalore,ads,34,female,2024,2024-09
C00265,2024-05-23,medium,Mumbai,organic,21,male,2024,2024-05
C00266,2024-12-11,high,Kolkata,referral,39,female,2024,2024-12
C00267,2025-09-15,medium,Bangalore,ads,24,female,2025,2025-09
C00268,2025-07-25,medium,Chennai,ads,41,female,2025,2025-07
C00269,2024-01-02,low,Bhubaneswar,organic,23,female,2024,2024-01
C00270,2024-10-30,medium,Jaipur,referral,28,female,2024,2024-10
C00271,2024-09-10,low,Bhubaneswar,organic,31,male,2024,2024-09
C00272,2025-10-13,medium,Pune,organic,41,female,2025,2025-10
C00273,2025-03-28,medium,Bhubaneswar,organic,36,male,2025,2025-03
C00274,2024-02-06,medium,Chennai,ads,35,male,2024,2024-02
C00275,2024-06-08,high,Jaipur,ads,53,male,2024,2024-06
C00276,2024-01-09,medium,Jaipur,ads,18,female,2024,2024-01
C00277,2024-08-20,high,Hyderabad,organic,24,male,2024,2024-08
C00278,2024-04-08,medium,Bhubaneswar,ads,24,female,2024,2024-04
C00279,2025-10-20,medium,Delhi,ads,18,female,2025,2025-10
C00280,2024-07-26,low,Hyderabad,organic,27,male,2024,2024-07
C00281,2024-05-10,medium,Hyderabad,referral,41,male,2024,2024-05
C00282,2025-02-07,high,Chennai,organic,29,other,2025,2025-02
C00283,2024-05-31,medium,Kolkata,ads,31,female,2024,2024-05
C00284,2024-02-23,low,Delhi,organic,18,male,2024,2024-02
C00285,2024-04-29,low,Jaipur,ads,27,male,2024,2024-04
C00286,2025-11-03,medium,Bhubaneswar,referral,30,male,2025,2025-11
C00287,2025-09-19,medium,Hyderabad,referral,41,male,2025,2025-09
C00288,2025-08-09,high,Bangalore,organic,18,male,2025,2025-08
C00289,2025-09-16,low,Bangalore,ads,30,female,2025,2025-09
C00290,2025-02-23,medium,Hyderabad,organic,45,female,2025,2025-02
C00291,2025-02-25,medium,Pune,referral,30,female,2025,2025-02
C00292,2024-04-13,medium,Bhubaneswar,ads,18,male,2024,2024-04
C00293,2024-09-10,high,Chennai,organic,47,male,2024,2024-09
C00294,2024-08-14,low,Jaipur,organic,42,female,2024,2024-08
C00295,2024-04-21,high,Hyderabad,referral,43,female,2024,2024-04
C00296,2025-05-24,medium,Delhi,ads,18,male,2025,2025-05
C00297,2025-04-17,medium,Hyderabad,organic,50,female,2025,2025-04
C00298,2024-04-08,low,Ahmedabad,organic,27,female,2024,2024-04
C00299,2024-06-01,low,Jaipur,organic,29,female,2024,2024-06
C00300,2024-12-03,medium,Kolkata,ads,27,female,2024,2024-12
C00301,2025-12-06,medium,Jaipur,referral,44,female,2025,2025-12
C00302,2024-06-11,low,Delhi,referral,33,male,2024,2024-06
C00303,2025-12-20,high,Ahmedabad,ads,39,female,2025,2025-12
C00304,2025-11-11,medium,Kolkata,referral,35,male,2025,2025-11
C00305,2024-06-09,medium,Mumbai,ads,34,male,2024,2024-06
C00306,2025-08-02,low,Delhi,organic,25,male,2025,2025-08
C00307,2025-02-01,medium,Bangalore,referral,53,male,2025,2025-02
C00308,2024-10-03,low,Pune,organic,20,other,2024,2024-10
C00309,2025-05-18,medium,Jaipur,organic,39,male,2025,2025-05
C00310,2025-01-26,medium,Mumbai,referral,38,female,2025,2025-01
C00311,2024-05-14,medium,Ahmedabad,organic,46,male,2024,2024-05
C00312,2024-07-13,medium,Mumbai,ads,48,male,2024,2024-07
C00313,2025-02-04,medium,Chennai,referral,33,female,2025,2025-02
C00314,2025-10-01,medium,Bhubaneswar,ads,40,male,2025,2025-10
C00315,2024-02-02,high,Jaipur,organic,52,female,2024,2024-02
C00316,2025-11-18,low,Bhubaneswar,organic,34,male,2025,2025-11
C00317,2025-04-04,low,Bangalore,organic,24,female,2025,2025-04
C00318,2025-04-14,medium,Mumbai,ads,31,male,2025,2025-04
C00319,2025-01-09,medium,Ahmedabad,ads,21,female,2025,2025-01
C00320,2024-01-22,high,Bangalore,ads,38,male,2024,2024-01
C00321,2025-10-31,medium,Bhubaneswar,ads,45,female,2025,2025-10
C00322,2024-02-07,low,Mumbai,ads,33,female,2024,2024-02
C00323,2024-08-17,high,Bangalore,ads,18,male,2024,2024-08
C00324,2024-12-30,high,Delhi,referral,45,male,2024,2024-12
C00325,2025-07-16,low,Hyderabad,organic,18,female,2025,2025-07
C00326,2025-03-13,medium,Pune,referral,19,female,2025,2025-03
C00327,2024-10-09,high,Kolkata,ads,33,male,2024,2024-10
C00328,2024-01-27,medium,Delhi,organic,37,female,2024,2024-01
C00329,2024-08-13,medium,Bangalore,organic,39,female,2024,2024-08
C00330,2024-10-03,medium,Ahmedabad,organic,34,female,2024,2024-10
C00331,2025-08-31,low,Chennai,ads,52,other,2025,2025-08
C00332,2024-10-10,low,Hyderabad,organic,35,female,2024,2024-10
C00333,2025-04-25,medium,Kolkata,referral,45,female,2025,2025-04
C00334,2025-03-28,low,Delhi,ads,42,female,2025,2025-03
C00335,2025-10-20,medium,Chennai,referral,22,male,2025,2025-10
C00336,2025-05-30,low,Chennai,organic,33,female,2025,2025-05
C00337,2025-06-30,medium,Chennai,organic,56,female,2025,2025-06
C00338,2024-07-10,low,Hyderabad,organic,29,female,2024,2024-07
C00339,2024-02-18,low,Mumbai,organic,28,male,2024,2024-02
C00340,2025-05-26,high,Delhi,referral,36,male,2025,2025-05
C00341,2024-01-17,low,Mumbai,organic,30,female,2024,2024-01
C00342,2024-06-20,low,Jaipur,ads,27,female,2024,2024-06
C00343,2024-08-07,low,Hyderabad,organic,30,male,2024,2024-08
C00344,2024-06-06,medium,Chennai,ads,49,male,2024,2024-06
C00345,2025-04-21,low,Chennai,referral,33,female,2025,2025-04
C00346,2024-02-15,low,Hyderabad,ads,21,female,2024,2024-02
C00347,2025-01-07,medium,Jaipur,ads,19,female,2025,2025-01
C00348,2025-06-01,low,Pune,organic,57,female,2025,2025-06
C00349,2024-04-08,high,Ahmedabad,referral,32,male,2024,2024-04
C00350,2024-02-06,high,Pune,ads,39,female,2024,2024-02
C00351,2024-10-06,medium,Mumbai,ads,27,female,2024,2024-10
C00352,2024-12-14,medium,Hyderabad,ads,38,female,2024,2024-12
C00353,2025-05-11,medium,Ahmedabad,referral,49,male,2025,2025-05
C00354,2024-10-28,high,Pune,ads,28,male,2024,2024-10
C00355,2024-06-29,low,Mumbai,ads,39,female,2024,2024-06
C00356,2025-08-29,high,Bangalore,ads,20,female,2025,2025-08
C00357,2024-04-08,high,Bhubaneswar,organic,55,female,2024,2024-04
C00358,2025-11-30,high,Ahmedabad,ads,37,female,2025,2025-11
C00359,2024-04-25,medium,Kolkata,ads,30,male,2024,2024-04
C00360,2024-07-09,low,Ahmedabad,ads,32,female,2024,2024-07
C00361,2024-09-09,medium,Mumbai,ads,29,female,2024,2024-09
C00362,2024-06-09,low,Chennai,organic,30,female,2024,2024-06
C00363,2024-09-12,high,Mumbai,ads,18,female,2024,2024-09
C00364,2024-11-18,medium,Delhi,referral,34,male,2024,2024-11
C00365,2024-05-07,medium,Chennai,referral,33,female,2024,2024-05
C00366,2024-01-18,medium,Mumbai,organic,39,male,2024,2024-01
C00367,2025-07-19,high,Pune,ads,29,other,2025,2025-07
C00368,2025-07-23,medium,Bhubaneswar,referral,27,female,2025,2025-07
C00369,2024-11-18,medium,Mumbai,ads,34,female,2024,2024-11
C00370,2025-11-16,low,Pune,ads,18,other,2025,2025-11
C00371,2025-09-17,medium,Kolkata,referral,36,male,2025,2025-09
C00372,2024-10-14,high,Delhi,ads,18,male,2024,2024-10
C00373,2025-10-24,medium,Bangalore,ads,46,female,2025,2025-10
C00374,2025-09-30,high,Delhi,organic,41,male,2025,2025-09
C00375,2024-06-03,low,Chennai,organic,25,male,2024,2024-06
C00376,2025-05-04,medium,Bhubaneswar,organic,41,female,2025,2025-05
C00377,2025-01-20,high,Delhi,referral,36,female,2025,2025-01
C00378,2024-04-13,low,Ahmedabad,ads,24,male,2024,2024-04
C00379,2025-01-27,medium,Bangalore,ads,18,male,2025,2025-01
C00380,2024-09-02,high,Chennai,referral,38,male,2024,2024-09
C00381,2024-06-24,medium,Ahmedabad,ads,27,female,2024,2024-06
C00382,2024-02-08,medium,Chennai,ads,45,male,2024,2024-02
C00383,2025-04-21,low,Ahmedabad,organic,35,female,2025,2025-04
C00384,2025-11-12,low,Jaipur,referral,28,female,2025,2025-11
C00385,2025-06-21,low,Bhubaneswar,organic,52,male,2025,2025-06
C00386,2025-02-11,medium,Pune,organic,40,male,2025,2025-02
C00387,2025-06-08,medium,Delhi,organic,18,female,2025,2025-06
C00388,2025-05-20,low,Kolkata,organic,30,male,2025,2025-05
C00389,2024-02-05,high,Ahmedabad,organic,21,female,2024,2024-02
C00390,2025-11-15,medium,Jaipur,ads,27,female,2025,2025-11
C00391,2024-01-20,medium,Bhubaneswar,organic,33,male,2024,2024-01
C00392,2024-11-16,high,Kolkata,ads,38,male,2024,2024-11
C00393,2025-05-26,medium,Delhi,organic,37,female,2025,2025-05
C00394,2025-02-03,low,Jaipur,organic,45,male,2025,2025-02
C00395,2025-10-15,low,Kolkata,ads,41,male,2025,2025-10
C00396,2025-04-15,high,Bangalore,referral,40,male,2025,2025-04
C00397,2024-05-22,high,Hyderabad,referral,37,female,2024,2024-05
C00398,2024-04-01,medium,Chennai,referral,47,female,2024,2024-04
C00399,2024-12-19,low,Chennai,ads,31,male,2024,2024-12
C00400,2025-12-27,high,Mumbai,ads,32,female,2025,2025-12
C00401,2024-02-20,low,Bangalore,ads,18,male,2024,2024-02
C00402,2025-10-26,high,Hyderabad,ads,45,female,2025,2025-10
C00403,2025-11-28,medium,Mumbai,organic,34,male,2025,2025-11
C00404,2025-07-28,medium,Kolkata,ads,64,male,2025,2025-07
C00405,2024-07-08,low,Mumbai,organic,30,female,2024,2024-07
C00406,2024-05-04,medium,Ahmedabad,ads,35,male,2024,2024-05
C00407,2024-05-29,medium,Bangalore,ads,40,male,2024,2024-05
C00408,2024-11-09,medium,Jaipur,organic,23,female,2024,2024-11
C00409,2025-07-23,low,Jaipur,organic,38,female,2025,2025-07
C00410,2024-12-07,low,Hyderabad,organic,35,female,2024,2024-12
C00411,2024-10-31,high,Delhi,referral,31,female,2024,2024-10
C00412,2025-11-22,low,Jaipur,organic,46,female,2025,2025-11
C00413,2025-11-12,medium,Bangalore,organic,25,male,2025,2025-11
C00414,2024-02-23,high,Bhubaneswar,referral,37,male,2024,2024-02
C00415,2025-03-19,medium,Chennai,ads,49,male,2025,2025-03
C00416,2025-09-04,high,Bhubaneswar,organic,27,male,2025,2025-09
C00417,2024-09-20,low,Mumbai,organic,32,female,2024,2024-09
C00418,2024-02-22,low,Pune,organic,58,male,2024,2024-02
C00419,2025-07-25,high,Ahmedabad,organic,39,male,2025,2025-07
C00420,2025-09-11,medium,Pune,organic,29,male,2025,2025-09
C00421,2024-01-05,low,Bangalore,ads,43,male,2024,2024-01
C00422,2024-04-12,low,Pune,referral,29,female,2024,2024-04
C00423,2024-07-14,medium,Bhubaneswar,ads,19,male,2024,2024-07
C00424,2024-12-15,low,Delhi,ads,48,male,2024,2024-12
C00425,2024-02-16,medium,Bangalore,organic,23,other,2024,2024-02
C00426,2025-10-17,medium,Chennai,organic,59,female,2025,2025-10
C00427,2024-09-25,low,Hyderabad,referral,30,female,2024,2024-09
C00428,2025-01-04,medium,Bangalore,organic,56,female,2025,2025-01
C00429,2025-09-27,medium,Kolkata,referral,21,female,2025,2025-09
C00430,2024-04-15,medium,Chennai,ads,45,male,2024,2024-04
C00431,2025-10-31,low,Bangalore,referral,39,male,2025,2025-10
C00432,2025-10-20,low,Kolkata,organic,43,female,2025,2025-10
C00433,2025-10-18,medium,Chennai,organic,44,male,2025,2025-10
C00434,2024-04-29,medium,Mumbai,ads,30,male,2024,2024-04
C00435,2025-08-26,medium,Jaipur,ads,21,male,2025,2025-08
C00436,2024-02-27,medium,Ahmedabad,organic,34,male,2024,2024-02
C00437,2024-12-11,medium,Jaipur,referral,37,female,2024,2024-12
C00438,2025-04-18,low,Bhubaneswar,organic,30,male,2025,2025-04
C00439,2024-04-26,medium,Hyderabad,organic,37,male,2024,2024-04
C00440,2024-05-06,medium,Jaipur,ads,38,female,2024,2024-05
C00441,2025-01-27,high,Bangalore,ads,25,female,2025,2025-01
C00442,2025-10-02,medium,Mumbai,referral,38,female,2025,2025-10
C00443,2024-02-27,low,Pune,ads,32,male,2024,2024-02
C00444,2025-09-25,medium,Bhubaneswar,organic,28,male,2025,2025-09
C00445,2025-05-27,high,Jaipur,ads,42,female,2025,2025-05
C00446,2024-04-05,medium,Delhi,organic,27,male,2024,2024-04
C00447,2025-09-29,medium,Hyderabad,ads,30,male,2025,2025-09
C00448,2024-04-27,high,Pune,ads,35,female,2024,2024-04
C00449,2025-07-13,medium,Ahmedabad,organic,48,male,2025,2025-07
C00450,2025-08-23,medium,Bangalore,ads,36,male,2025,2025-08
C00451,2025-05-02,medium,Mumbai,ads,40,male,2025,2025-05
C00452,2024-08-24,medium,Chennai,ads,32,male,2024,2024-08
C00453,2024-09-28,medium,Jaipur,ads,34,male,2024,2024-09
C00454,2024-07-07,low,Delhi,organic,34,male,2024,2024-07
C00455,2025-12-04,medium,Hyderabad,organic,37,male,2025,2025-12
C00456,2025-03-22,medium,Ahmedabad,organic,32,male,2025,2025-03
C00457,2025-08-03,medium,Jaipur,organic,48,male,2025,2025-08
C00458,2024-09-03,medium,Ahmedabad,ads,31,female,2024,2024-09
C00459,2024-03-16,low,Pune,referral,18,female,2024,2024-03
C00460,2024-06-02,medium,Pune,ads,62,male,2024,2024-06
C00461,2025-10-17,low,Bhubaneswar,ads,31,other,2025,2025-10
C00462,2025-03-10,high,Jaipur,ads,48,female,2025,2025-03
C00463,2024-03-26,medium,Mumbai,organic,49,female,2024,2024-03
C00464,2025-11-27,low,Hyderabad,referral,44,male,2025,2025-11
C00465,2024-10-11,medium,Chennai,referral,33,female,2024,2024-10
C00466,2024-08-07,medium,Chennai,ads,37,female,2024,2024-08
C00467,2024-03-09,medium,Bangalore,organic,22,male,2024,2024-03
C00468,2024-02-16,low,Bangalore,ads,54,female,2024,2024-02
C00469,2024-04-03,high,Hyderabad,organic,26,female,2024,2024-04
C00470,2025-03-28,low,Jaipur,ads,32,male,2025,2025-03
C00471,2024-07-22,high,Jaipur,referral,35,male,2024,2024-07
C00472,2024-08-05,low,Pune,organic,33,male,2024,2024-08
C00473,2025-04-18,medium,Delhi,referral,28,male,2025,2025-04
C00474,2025-03-07,low,Bangalore,referral,48,male,2025,2025-03
C00475,2024-12-06,medium,Delhi,referral,44,female,2024,2024-12
C00476,2025-07-04,low,Jaipur,ads,38,female,2025,2025-07
C00477,2025-09-03,high,Bangalore,organic,31,female,2025,2025-09
C00478,2024-10-15,high,Chennai,ads,45,female,2024,2024-10
C00479,2024-09-10,medium,Ahmedabad,ads,30,male,2024,2024-09
C00480,2024-12-22,high,Bangalore,organic,50,male,2024,2024-12
C00481,2024-01-23,high,Jaipur,ads,36,female,2024,2024-01
C00482,2025-06-05,low,Jaipur,ads,47,male,2025,2025-06
C00483,2024-04-09,low,Ahmedabad,organic,33,female,2024,2024-04
C00484,2024-06-28,medium,Delhi,organic,35,male,2024,2024-06
C00485,2024-08-10,low,Hyderabad,organic,47,female,2024,2024-08
C00486,2025-10-20,medium,Ahmedabad,ads,56,male,2025,2025-10
C00487,2025-03-17,medium,Chennai,ads,50,male,2025,2025-03
C00488,2025-08-30,low,Jaipur,organic,43,female,2025,2025-08
C00489,2024-11-20,medium,Mumbai,referral,40,female,2024,2024-11
C00490,2025-05-30,low,Chennai,organic,29,male,2025,2025-05
C00491,2024-01-16,medium,Delhi,ads,37,female,2024,2024-01
C00492,2024-12-01,medium,Ahmedabad,ads,25,male,2024,2024-12
C00493,2024-09-14,high,Jaipur,ads,38,male,2024,2024-09
C00494,2025-05-11,high,Jaipur,organic,39,female,2025,2025-05
C00495,2024-06-08,high,Ahmedabad,referral,18,male,2024,2024-06
C00496,2025-04-19,low,Hyderabad,referral,35,female,2025,2025-04
C00497,2025-10-25,low,Ahmedabad,ads,39,female,2025,2025-10
C00498,2025-11-20,low,Bangalore,ads,34,male,2025,2025-11
C00499,2025-11-05,medium,Kolkata,organic,38,male,2025,2025-11
C00500,2025-01-14,medium,Hyderabad,ads,21,male,2025,2025-01
C00501,2025-06-28,high,Kolkata,ads,27,male,2025,2025-06
C00502,2025-11-21,medium,Delhi,ads,45,female,2025,2025-11
C00503,2025-03-02,medium,Pune,ads,35,male,2025,2025-03
C00504,2025-09-04,low,Chennai,ads,38,male,2025,2025-09
C00505,2024-09-24,medium,Bhubaneswar,organic,29,female,2024,2024-09
C00506,2025-07-30,high,Ahmedabad,organic,35,female,2025,2025-07
C00507,2025-02-20,high,Chennai,organic,18,female,2025,2025-02
C00508,2024-06-16,high,Bhubaneswar,organic,43,female,2024,2024-06
C00509,2024-02-12,medium,Delhi,ads,53,female,2024,2024-02
C00510,2025-07-09,low,Delhi,ads,24,female,2025,2025-07
C00511,2024-10-11,medium,Pune,ads,25,male,2024,2024-10
C00512,2025-01-31,low,Hyderabad,ads,39,female,2025,2025-01
C00513,2024-01-12,medium,Chennai,ads,49,male,2024,2024-01
C00514,2025-08-29,medium,Chennai,organic,34,other,2025,2025-08
C00515,2024-10-28,high,Ahmedabad,organic,22,male,2024,2024-10
C00516,2024-09-09,low,Delhi,organic,32,female,2024,2024-09
C00517,2025-05-13,low,Bhubaneswar,ads,24,female,2025,2025-05
C00518,2024-02-04,high,Mumbai,organic,28,female,2024,2024-02
C00519,2025-12-27,medium,Pune,organic,31,female,2025,2025-12
C00520,2024-03-30,medium,Hyderabad,ads,25,male,2024,2024-03
C00521,2025-08-27,medium,Jaipur,referral,27,female,2025,2025-08
C00522,2025-08-24,low,Mumbai,ads,35,male,2025,2025-08
C00523,2025-02-21,medium,Bangalore,ads,37,female,2025,2025-02
C00524,2024-04-24,medium,Kolkata,ads,20,female,2024,2024-04
C00525,2025-09-08,high,Pune,ads,38,female,2025,2025-09
C00526,2024-07-14,high,Bhubaneswar,ads,31,male,2024,2024-07
C00527,2025-05-15,high,Mumbai,referral,42,male,2025,2025-05
C00528,2025-09-17,high,Bhubaneswar,organic,42,female,2025,2025-09
C00529,2025-05-07,low,Ahmedabad,organic,29,male,2025,2025-05
C00530,2024-03-15,low,Pune,organic,41,female,2024,2024-03
C00531,2025-02-16,high,Delhi,ads,26,female,2025,2025-02
C00532,2025-01-10,low,Hyderabad,referral,48,male,2025,2025-01
C00533,2025-02-23,high,Bhubaneswar,organic,27,female,2025,2025-02
C00534,2025-12-29,medium,Chennai,organic,38,female,2025,2025-12
C00535,2024-10-03,medium,Mumbai,referral,33,female,2024,2024-10
C00536,2025-11-06,medium,Chennai,ads,24,female,2025,2025-11
C00537,2025-01-28,medium,Bhubaneswar,ads,44,male,2025,2025-01
C00538,2025-04-01,medium,Mumbai,referral,28,male,2025,2025-04
C00539,2024-07-10,medium,Delhi,ads,18,female,2024,2024-07
C00540,2025-11-19,low,Kolkata,ads,18,male,2025,2025-11
C00541,2024-04-08,high,Kolkata,organic,26,female,2024,2024-04
C00542,2025-07-01,high,Ahmedabad,organic,48,female,2025,2025-07
C00543,2024-04-05,high,Bangalore,ads,47,female,2024,2024-04
C00544,2025-10-25,medium,Kolkata,ads,27,other,2025,2025-10
C00545,2025-10-24,high,Bangalore,referral,31,female,2025,2025-10
C00546,2024-07-08,low,Mumbai,referral,30,male,2024,2024-07
C00547,2024-02-06,medium,Kolkata,referral,21,male,2024,2024-02
C00548,2025-01-03,medium,Bhubaneswar,organic,25,male,2025,2025-01
C00549,2025-11-25,medium,Delhi,referral,44,male,2025,2025-11
C00550,2025-06-08,high,Bhubaneswar,ads,40,female,2025,2025-06
C00551,2024-10-05,high,Bhubaneswar,organic,37,female,2024,2024-10
C00552,2024-08-04,medium,Bangalore,ads,21,male,2024,2024-08
C00553,2024-09-29,medium,Jaipur,organic,36,male,2024,2024-09
C00554,2024-03-02,medium,Jaipur,organic,18,female,2024,2024-03
C00555,2025-08-18,high,Hyderabad,referral,43,female,2025,2025-08
C00556,2025-12-29,low,Kolkata,ads,37,male,2025,2025-12
C00557,2024-12-07,high,Delhi,organic,21,male,2024,2024-12
C00558,2025-01-31,low,Delhi,ads,51,female,2025,2025-01
C00559,2025-11-29,low,Chennai,referral,18,male,2025,2025-11
C00560,2024-01-19,medium,Bhubaneswar,ads,40,female,2024,2024-01
C00561,2024-06-25,high,Delhi,organic,40,female,2024,2024-06
C00562,2025-09-03,high,Mumbai,organic,22,male,2025,2025-09
C00563,2025-01-30,medium,Pune,organic,34,male,2025,2025-01
C00564,2025-03-20,medium,Bhubaneswar,referral,18,female,2025,2025-03
C00565,2024-08-20,low,Bangalore,ads,18,male,2024,2024-08
C00566,2024-03-16,low,Bhubaneswar,ads,24,male,2024,2024-03
C00567,2024-09-21,medium,Delhi,ads,28,female,2024,2024-09
C00568,2025-03-30,high,Ahmedabad,referral,41,male,2025,2025-03
C00569,2025-12-18,medium,Mumbai,ads,35,female,2025,2025-12
C00570,2025-01-18,low,Mumbai,ads,35,female,2025,2025-01
C00571,2025-07-17,medium,Kolkata,organic,24,female,2025,2025-07
C00572,2025-05-20,high,Jaipur,organic,29,male,2025,2025-05
C00573,2025-01-01,low,Bangalore,referral,25,male,2025,2025-01
C00574,2024-05-23,medium,Kolkata,referral,22,male,2024,2024-05
C00575,2024-03-09,low,Hyderabad,referral,29,female,2024,2024-03
C00576,2024-04-08,medium,Pune,referral,35,male,2024,2024-04
C00577,2025-01-30,high,Chennai,referral,29,male,2025,2025-01
C00578,2024-01-25,low,Mumbai,ads,31,female,2024,2024-01
C00579,2025-04-13,medium,Bangalore,referral,41,female,2025,2025-04
C00580,2025-04-28,medium,Jaipur,ads,29,male,2025,2025-04
C00581,2025-07-18,medium,Bangalore,organic,21,male,2025,2025-07
C00582,2024-05-30,high,Chennai,organic,40,female,2024,2024-05
C00583,2024-05-23,medium,Chennai,referral,37,female,2024,2024-05
C00584,2025-07-22,high,Kolkata,organic,38,female,2025,2025-07
C00585,2024-02-08,medium,Bhubaneswar,referral,41,male,2024,2024-02
C00586,2024-04-18,medium,Hyderabad,organic,39,male,2024,2024-04
C00587,2025-11-23,low,Hyderabad,organic,35,female,2025,2025-11
C00588,2024-02-11,low,Delhi,organic,58,female,2024,2024-02
C00589,2024-07-04,high,Hyderabad,organic,22,male,2024,2024-07
C00590,2025-02-01,medium,Bangalore,organic,29,male,2025,2025-02
C00591,2024-08-10,medium,Hyderabad,organic,44,female,2024,2024-08
C00592,2025-09-25,high,Jaipur,referral,36,female,2025,2025-09
C00593,2024-05-12,low,Hyderabad,organic,42,male,2024,2024-05
C00594,2024-06-11,low,Mumbai,organic,36,female,2024,2024-06
C00595,2024-08-02,high,Delhi,organic,48,other,2024,2024-08
C00596,2024-08-22,medium,Bangalore,ads,24,female,2024,2024-08
C00597,2025-10-19,high,Chennai,ads,48,male,2025,2025-10
C00598,2025-08-10,medium,Kolkata,ads,46,female,2025,2025-08
C00599,2024-01-09,high,Pune,organic,22,male,2024,2024-01
C00600,2024-03-14,low,Kolkata,organic,41,male,2024,2024-03
C00601,2025-05-06,low,Bhubaneswar,ads,34,female,2025,2025-05
C00602,2024-09-09,medium,Pune,referral,28,female,2024,2024-09
C00603,2024-08-17,medium,Jaipur,organic,18,female,2024,2024-08
C00604,2025-06-02,low,Ahmedabad,ads,24,male,2025,2025-06
C00605,2024-06-22,medium,Delhi,organic,42,male,2024,2024-06
C00606,2025-10-14,high,Chennai,organic,43,female,2025,2025-10
C00607,2024-06-16,medium,Kolkata,ads,32,male,2024,2024-06
C00608,2024-06-18,low,Hyderabad,ads,43,male,2024,2024-06
C00609,2025-01-27,medium,Delhi,organic,44,female,2025,2025-01
C00610,2025-09-25,medium,Hyderabad,organic,36,other,2025,2025-09
C00611,2024-07-12,low,Delhi,referral,27,female,2024,2024-07
C00612,2025-05-31,low,Delhi,referral,39,male,2025,2025-05
C00613,2024-01-29,low,Bhubaneswar,referral,39,female,2024,2024-01
C00614,2024-06-13,high,Mumbai,ads,41,other,2024,2024-06
C00615,2025-02-25,medium,Jaipur,ads,43,female,2025,2025-02
C00616,2024-12-04,low,Hyderabad,organic,21,male,2024,2024-12
C00617,2025-10-09,low,Hyderabad,organic,29,female,2025,2025-10
C00618,2025-05-10,medium,Hyderabad,ads,18,female,2025,2025-05
C00619,2024-12-30,high,Bhubaneswar,ads,42,female,2024,2024-12
C00620,2024-12-07,low,Kolkata,organic,32,female,2024,2024-12
C00621,2025-05-14,low,Bangalore,referral,39,male,2025,2025-05
C00622,2025-10-18,high,Hyderabad,organic,20,female,2025,2025-10
C00623,2025-05-25,medium,Kolkata,organic,49,female,2025,2025-05
C00624,2024-11-22,high,Mumbai,organic,23,male,2024,2024-11
C00625,2024-08-04,medium,Hyderabad,ads,42,male,2024,2024-08
C00626,2024-10-27,high,Jaipur,organic,36,male,2024,2024-10
C00627,2024-05-11,medium,Chennai,organic,33,female,2024,2024-05
C00628,2024-03-10,medium,Ahmedabad,ads,32,female,2024,2024-03
C00629,2024-09-08,medium,Hyderabad,ads,28,male,2024,2024-09
C00630,2025-02-18,medium,Bangalore,ads,47,female,2025,2025-02
C00631,2025-03-20,low,Chennai,organic,35,female,2025,2025-03
C00632,2024-06-30,medium,Jaipur,ads,22,female,2024,2024-06
C00633,2024-06-15,high,Bhubaneswar,ads,31,male,2024,2024-06
C00634,2024-03-31,low,Ahmedabad,organic,36,female,2024,2024-03
C00635,2025-12-14,high,Bhubaneswar,referral,43,female,2025,2025-12
C00636,2025-06-14,low,Bangalore,ads,28,male,2025,2025-06
C00637,2024-02-08,low,Ahmedabad,organic,29,male,2024,2024-02
C00638,2024-05-05,medium,Bangalore,referral,35,male,2024,2024-05
C00639,2025-03-26,low,Bhubaneswar,referral,43,female,2025,2025-03
C00640,2024-06-21,high,Jaipur,referral,21,female,2024,2024-06
C00641,2025-10-14,medium,Ahmedabad,ads,40,female,2025,2025-10
C00642,2024-08-07,medium,Pune,organic,30,male,2024,2024-08
C00643,2025-09-29,medium,Kolkata,organic,31,male,2025,2025-09
C00644,2024-02-27,low,Jaipur,ads,55,female,2024,2024-02
C00645,2025-10-21,high,Ahmedabad,referral,33,male,2025,2025-10
C00646,2025-04-20,medium,Bangalore,ads,42,female,2025,2025-04
C00647,2025-03-31,medium,Bangalore,referral,42,male,2025,2025-03
C00648,2024-12-26,medium,Mumbai,organic,23,male,2024,2024-12
C00649,2024-01-01,medium,Jaipur,ads,18,female,2024,2024-01
C00650,2025-01-21,medium,Bangalore,referral,43,other,2025,2025-01
C00651,2024-12-13,low,Delhi,ads,24,male,2024,2024-12
C00652,2024-07-08,high,Kolkata,referral,18,male,2024,2024-07
C00653,2025-05-19,low,Bhubaneswar,ads,45,male,2025,2025-05
C00654,2024-07-09,medium,Chennai,ads,24,male,2024,2024-07
C00655,2025-05-22,low,Mumbai,ads,27,female,2025,2025-05
C00656,2025-01-03,low,Bangalore,referral,54,female,2025,2025-01
C00657,2025-02-12,medium,Delhi,ads,18,female,2025,2025-02
C00658,2024-04-26,medium,Mumbai,organic,22,female,2024,2024-04
C00659,2024-05-13,low,Delhi,ads,30,male,2024,2024-05
C00660,2024-02-27,medium,Mumbai,ads,32,female,2024,2024-02
C00661,2025-07-09,low,Bangalore,organic,26,female,2025,2025-07
C00662,2025-11-15,medium,Delhi,ads,23,female,2025,2025-11
C00663,2025-11-02,high,Ahmedabad,organic,50,female,2025,2025-11
C00664,2024-06-21,medium,Jaipur,ads,37,female,2024,2024-06
C00665,2024-05-28,low,Chennai,referral,40,female,2024,2024-05
C00666,2024-03-20,medium,Bhubaneswar,ads,33,female,2024,2024-03
C00667,2024-07-31,low,Chennai,referral,37,female,2024,2024-07
C00668,2024-07-21,low,Bhubaneswar,organic,44,female,2024,2024-07
C00669,2024-08-16,medium,Pune,referral,25,male,2024,2024-08
C00670,2025-11-06,high,Kolkata,organic,37,female,2025,2025-11
C00671,2024-08-14,low,Pune,organic,41,male,2024,2024-08
C00672,2025-10-20,medium,Hyderabad,referral,50,male,2025,2025-10
C00673,2025-06-15,low,Bangalore,ads,54,female,2025,2025-06
C00674,2025-03-16,medium,Ahmedabad,organic,35,female,2025,2025-03
C00675,2025-02-05,medium,Jaipur,referral,46,female,2025,2025-02
C00676,2024-02-16,low,Ahmedabad,ads,18,female,2024,2024-02
C00677,2024-08-20,medium,Chennai,referral,50,male,2024,2024-08
C00678,2024-10-31,medium,Bhubaneswar,ads,27,female,2024,2024-10
C00679,2025-06-09,medium,Pune,ads,32,female,2025,2025-06
C00680,2024-05-22,medium,Ahmedabad,ads,39,female,2024,2024-05
C00681,2025-02-18,medium,Pune,organic,33,male,2025,2025-02
C00682,2025-05-27,low,Kolkata,ads,36,female,2025,2025-05
C00683,2025-01-07,medium,Kolkata,ads,50,female,2025,2025-01
C00684,2025-07-19,medium,Bhubaneswar,organic,31,male,2025,2025-07
C00685,2024-09-15,medium,Hyderabad,organic,24,female,2024,2024-09
C00686,2025-10-17,medium,Ahmedabad,organic,53,male,2025,2025-10
C00687,2025-04-15,medium,Jaipur,referral,40,female,2025,2025-04
C00688,2024-01-12,low,Pune,ads,54,female,2024,2024-01
C00689,2024-11-25,low,Pune,ads,43,female,2024,2024-11
C00690,2024-12-23,medium,Kolkata,referral,21,female,2024,2024-12
C00691,2025-02-11,medium,Bangalore,ads,41,male,2025,2025-02
C00692,2025-10-29,high,Bhubaneswar,referral,25,female,2025,2025-10
C00693,2025-01-07,medium,Pune,organic,35,male,2025,2025-01
C00694,2024-01-08,medium,Kolkata,organic,34,male,2024,2024-01
C00695,2024-05-01,medium,Kolkata,ads,18,male,2024,2024-05
C00696,2024-12-13,medium,Delhi,ads,26,male,2024,2024-12
C00697,2025-11-06,high,Pune,referral,57,female,2025,2025-11
C00698,2024-03-30,high,Delhi,ads,37,female,2024,2024-03
C00699,2025-10-09,low,Jaipur,organic,33,female,2025,2025-10
C00700,2025-11-28,medium,Jaipur,ads,53,male,2025,2025-11
C00701,2024-11-11,medium,Kolkata,ads,31,female,2024,2024-11
C00702,2024-06-26,high,Bangalore,organic,34,female,2024,2024-06
C00703,2025-06-23,high,Bangalore,ads,44,male,2025,2025-06
C00704,2024-02-10,low,Delhi,referral,30,male,2024,2024-02
C00705,2025-12-04,medium,Kolkata,referral,27,female,2025,2025-12
C00706,2025-05-16,medium,Delhi,ads,18,male,2025,2025-05
C00707,2024-05-24,medium,Bhubaneswar,organic,25,male,2024,2024-05
C00708,2024-07-19,low,Delhi,organic,25,male,2024,2024-07
C00709,2025-12-24,high,Hyderabad,ads,36,male,2025,2025-12
C00710,2025-04-05,high,Pune,ads,28,male,2025,2025-04
C00711,2025-07-11,medium,Jaipur,organic,56,female,2025,2025-07
C00712,2025-06-30,medium,Mumbai,organic,24,male,2025,2025-06
C00713,2024-09-09,medium,Kolkata,referral,49,male,2024,2024-09
C00714,2025-01-24,medium,Bangalore,referral,37,male,2025,2025-01
C00715,2025-08-16,medium,Ahmedabad,ads,43,female,2025,2025-08
C00716,2024-09-12,low,Pune,organic,42,female,2024,2024-09
C00717,2025-12-09,medium,Mumbai,organic,18,female,2025,2025-12
C00718,2025-03-25,high,Hyderabad,organic,34,female,2025,2025-03
C00719,2024-01-10,medium,Ahmedabad,ads,32,female,2024,2024-01
C00720,2024-08-29,low,Bangalore,organic,23,male,2024,2024-08
C00721,2024-09-07,medium,Hyderabad,referral,39,male,2024,2024-09
C00722,2024-01-05,low,Bangalore,referral,52,male,2024,2024-01
C00723,2024-04-28,high,Bangalore,organic,18,male,2024,2024-04
C00724,2025-01-08,medium,Kolkata,ads,29,male,2025,2025-01
C00725,2024-03-05,high,Ahmedabad,ads,22,female,2024,2024-03
C00726,2024-05-25,medium,Bhubaneswar,referral,35,male,2024,2024-05
C00727,2024-08-11,low,Delhi,referral,31,female,2024,2024-08
C00728,2024-08-26,low,Delhi,organic,28,female,2024,2024-08
C00729,2024-06-25,medium,Pune,organic,41,other,2024,2024-06
C00730,2024-10-08,medium,Bangalore,ads,51,male,2024,2024-10
C00731,2024-03-03,low,Pune,ads,61,female,2024,2024-03
C00732,2024-08-04,medium,Ahmedabad,organic,27,female,2024,2024-08
C00733,2025-11-19,high,Bangalore,ads,18,female,2025,2025-11
C00734,2025-04-05,medium,Bangalore,ads,40,female,2025,2025-04
C00735,2025-09-01,medium,Mumbai,organic,51,female,2025,2025-09
C00736,2024-04-14,medium,Jaipur,referral,43,male,2024,2024-04
C00737,2024-04-08,medium,Delhi,organic,51,male,2024,2024-04
C00738,2025-05-25,medium,Ahmedabad,ads,32,male,2025,2025-05
C00739,2025-01-19,medium,Hyderabad,ads,28,female,2025,2025-01
C00740,2025-02-08,high,Hyderabad,organic,36,male,2025,2025-02
C00741,2025-06-01,medium,Bhubaneswar,ads,31,male,2025,2025-06
C00742,2025-04-20,low,Chennai,ads,41,female,2025,2025-04
C00743,2025-12-09,medium,Ahmedabad,referral,44,male,2025,2025-12
C00744,2025-10-06,medium,Chennai,organic,45,female,2025,2025-10
C00745,2025-03-12,low,Mumbai,ads,40,female,2025,2025-03
C00746,2024-01-23,low,Hyderabad,ads,37,male,2024,2024-01
C00747,2025-07-18,medium,Ahmedabad,ads,42,male,2025,2025-07
C00748,2025-11-07,high,Bangalore,referral,18,female,2025,2025-11
C00749,2025-12-14,low,Jaipur,organic,37,other,2025,2025-12
C00750,2025-04-02,low,Kolkata,organic,35,female,2025,2025-04
C00751,2024-03-23,low,Jaipur,ads,37,male,2024,2024-03
C00752,2024-05-24,low,Bhubaneswar,organic,34,male,2024,2024-05
C00753,2024-03-25,medium,Hyderabad,referral,39,male,2024,2024-03
C00754,2024-03-18,medium,Pune,ads,29,female,2024,2024-03
C00755,2025-04-01,high,Pune,ads,46,male,2025,2025-04
C00756,2024-01-01,medium,Kolkata,referral,39,male,2024,2024-01
C00757,2024-02-20,medium,Hyderabad,ads,36,female,2024,2024-02
C00758,2025-11-15,medium,Ahmedabad,ads,28,male,2025,2025-11
C00759,2025-12-17,medium,Bangalore,organic,43,male,2025,2025-12
C00760,2025-03-21,low,Bhubaneswar,organic,37,female,2025,2025-03
C00761,2025-03-24,medium,Pune,organic,27,female,2025,2025-03
C00762,2025-05-02,medium,Kolkata,ads,34,female,2025,2025-05
C00763,2024-02-03,high,Jaipur,ads,41,female,2024,2024-02
C00764,2024-12-13,medium,Bangalore,organic,40,female,2024,2024-12
C00765,2024-04-04,low,Pune,ads,39,female,2024,2024-04
C00766,2024-03-12,medium,Jaipur,organic,35,female,2024,2024-03
C00767,2025-07-04,low,Ahmedabad,referral,45,female,2025,2025-07
C00768,2024-06-02,medium,Jaipur,organic,47,female,2024,2024-06
C00769,2024-09-06,medium,Bangalore,referral,42,female,2024,2024-09
C00770,2025-11-04,medium,Jaipur,ads,29,female,2025,2025-11
C00771,2025-03-13,medium,Ahmedabad,ads,24,male,2025,2025-03
C00772,2024-04-27,low,Bhubaneswar,organic,29,male,2024,2024-04
C00773,2024-11-01,medium,Bangalore,referral,54,female,2024,2024-11
C00774,2024-09-24,low,Bhubaneswar,organic,37,male,2024,2024-09
C00775,2024-02-23,medium,Kolkata,ads,56,male,2024,2024-02
C00776,2024-08-23,low,Hyderabad,referral,33,female,2024,2024-08
C00777,2025-01-23,high,Jaipur,referral,32,male,2025,2025-01
C00778,2025-02-04,low,Mumbai,ads,34,female,2025,2025-02
C00779,2025-09-15,medium,Bhubaneswar,referral,34,female,2025,2025-09
C00780,2024-10-29,medium,Ahmedabad,ads,27,male,2024,2024-10
C00781,2024-07-25,medium,Pune,organic,23,male,2024,2024-07
C00782,2024-08-16,low,Bhubaneswar,ads,40,male,2024,2024-08
C00783,2025-07-31,high,Pune,organic,45,male,2025,2025-07
C00784,2024-03-15,medium,Jaipur,organic,59,male,2024,2024-03
C00785,2025-03-10,low,Kolkata,ads,30,male,2025,2025-03
C00786,2024-04-12,medium,Delhi,ads,31,female,2024,2024-04
C00787,2025-02-25,high,Bangalore,organic,27,male,2025,2025-02
C00788,2025-12-04,medium,Pune,referral,46,female,2025,2025-12
C00789,2024-11-01,medium,Pune,organic,43,female,2024,2024-11
C00790,2024-04-07,low,Bangalore,referral,26,male,2024,2024-04
C00791,2024-11-30,low,Delhi,referral,25,male,2024,2024-11
C00792,2025-03-10,medium,Jaipur,referral,44,male,2025,2025-03
C00793,2025-03-22,low,Ahmedabad,referral,38,female,2025,2025-03
C00794,2024-11-03,medium,Hyderabad,organic,42,female,2024,2024-11
C00795,2024-09-05,high,Pune,ads,26,male,2024,2024-09
C00796,2024-06-14,medium,Delhi,organic,18,female,2024,2024-06
C00797,2025-04-25,medium,Delhi,organic,26,other,2025,2025-04
C00798,2024-11-30,high,Kolkata,ads,41,female,2024,2024-11
C00799,2025-06-25,low,Pune,organic,56,female,2025,2025-06
C00800,2024-04-15,low,Bhubaneswar,referral,30,male,2024,2024-04
C00801,2025-07-16,medium,Jaipur,referral,57,male,2025,2025-07
C00802,2024-03-21,medium,Ahmedabad,organic,43,female,2024,2024-03
C00803,2024-05-12,low,Delhi,ads,21,female,2024,2024-05
C00804,2024-05-17,low,Kolkata,ads,37,female,2024,2024-05
C00805,2024-07-02,low,Kolkata,referral,43,male,2024,2024-07
C00806,2025-02-04,medium,Bangalore,ads,18,female,2025,2025-02
C00807,2024-11-25,low,Pune,organic,41,female,2024,2024-11
C00808,2025-05-22,medium,Delhi,ads,46,male,2025,2025-05
C00809,2024-03-09,medium,Ahmedabad,ads,38,male,2024,2024-03
C00810,2025-06-29,high,Bhubaneswar,referral,34,female,2025,2025-06
C00811,2024-02-22,high,Mumbai,organic,33,male,2024,2024-02
C00812,2025-03-25,medium,Mumbai,organic,32,male,2025,2025-03
C00813,2024-07-23,medium,Bhubaneswar,referral,23,male,2024,2024-07
C00814,2024-05-05,high,Delhi,referral,28,female,2024,2024-05
C00815,2024-02-12,low,Pune,referral,30,female,2024,2024-02
C00816,2024-04-20,high,Ahmedabad,ads,36,male,2024,2024-04
C00817,2025-10-24,medium,Bangalore,ads,29,female,2025,2025-10
C00818,2024-07-01,medium,Pune,ads,26,female,2024,2024-07
C00819,2024-04-04,low,Hyderabad,organic,42,male,2024,2024-04
C00820,2025-01-08,medium,Pune,ads,38,female,2025,2025-01
C00821,2025-06-03,high,Pune,organic,29,female,2025,2025-06
C00822,2024-12-25,medium,Jaipur,organic,40,female,2024,2024-12
C00823,2025-11-26,low,Delhi,referral,30,male,2025,2025-11
C00824,2024-10-07,low,Bangalore,organic,35,female,2024,2024-10
C00825,2024-07-13,medium,Jaipur,referral,44,male,2024,2024-07
C00826,2024-07-13,medium,Delhi,organic,28,male,2024,2024-07
C00827,2025-10-28,low,Chennai,organic,23,female,2025,2025-10
C00828,2024-04-02,high,Bangalore,ads,33,female,2024,2024-04
C00829,2025-11-02,medium,Delhi,ads,21,female,2025,2025-11
C00830,2024-03-01,medium,Mumbai,ads,32,male,2024,2024-03
C00831,2025-09-25,high,Jaipur,referral,32,male,2025,2025-09
C00832,2024-02-20,medium,Chennai,organic,18,female,2024,2024-02
C00833,2025-02-06,medium,Bangalore,referral,40,male,2025,2025-02
C00834,2024-01-05,medium,Hyderabad,organic,33,male,2024,2024-01
C00835,2025-04-10,low,Ahmedabad,referral,46,female,2025,2025-04
C00836,2025-08-26,medium,Hyderabad,ads,37,female,2025,2025-08
C00837,2025-11-12,low,Mumbai,referral,42,female,2025,2025-11
C00838,2025-06-17,high,Mumbai,ads,46,male,2025,2025-06
C00839,2025-02-08,medium,Bhubaneswar,organic,33,male,2025,2025-02
C00840,2025-05-27,high,Bhubaneswar,referral,34,female,2025,2025-05
C00841,2025-10-06,low,Hyderabad,organic,19,female,2025,2025-10
C00842,2024-08-20,low,Jaipur,organic,47,other,2024,2024-08
C00843,2025-06-07,medium,Pune,referral,33,female,2025,2025-06
C00844,2024-12-11,low,Delhi,organic,24,female,2024,2024-12
C00845,2024-02-15,medium,Ahmedabad,organic,42,male,2024,2024-02
C00846,2025-06-29,low,Chennai,ads,18,male,2025,2025-06
C00847,2024-03-18,low,Ahmedabad,referral,30,male,2024,2024-03
C00848,2025-12-30,low,Mumbai,organic,44,other,2025,2025-12
C00849,2024-03-13,medium,Bhubaneswar,ads,30,male,2024,2024-03
C00850,2024-09-05,high,Pune,ads,27,male,2024,2024-09
C00851,2024-02-16,medium,Kolkata,referral,30,female,2024,2024-02
C00852,2024-04-30,high,Bangalore,referral,18,male,2024,2024-04
C00853,2024-08-01,medium,Kolkata,ads,42,male,2024,2024-08
C00854,2024-08-26,medium,Kolkata,ads,33,female,2024,2024-08
C00855,2024-02-25,medium,Jaipur,ads,32,female,2024,2024-02
C00856,2024-12-15,high,Jaipur,organic,32,male,2024,2024-12
C00857,2024-04-16,high,Bhubaneswar,ads,35,female,2024,2024-04
C00858,2024-02-17,medium,Kolkata,referral,41,male,2024,2024-02
C00859,2025-07-26,low,Chennai,ads,34,female,2025,2025-07
C00860,2024-12-02,medium,Mumbai,organic,21,female,2024,2024-12
C00861,2024-01-26,medium,Kolkata,ads,40,male,2024,2024-01
C00862,2024-09-13,low,Pune,ads,39,female,2024,2024-09
C00863,2024-01-08,medium,Bangalore,ads,37,male,2024,2024-01
C00864,2025-09-16,medium,Delhi,ads,45,male,2025,2025-09
C00865,2024-09-09,medium,Bhubaneswar,ads,35,female,2024,2024-09
C00866,2025-11-22,medium,Bhubaneswar,organic,46,male,2025,2025-11
C00867,2025-12-19,low,Hyderabad,referral,49,male,2025,2025-12
C00868,2024-10-29,high,Pune,ads,40,male,2024,2024-10
C00869,2025-09-30,medium,Jaipur,organic,27,male,2025,2025-09
C00870,2024-02-25,high,Mumbai,organic,33,female,2024,2024-02
C00871,2025-12-26,medium,Chennai,referral,47,female,2025,2025-12
C00872,2025-06-09,low,Pune,referral,20,female,2025,2025-06
C00873,2025-04-18,medium,Ahmedabad,ads,31,male,2025,2025-04
C00874,2024-01-28,high,Delhi,organic,31,female,2024,2024-01
C00875,2024-03-18,medium,Bangalore,organic,26,male,2024,2024-03
C00876,2024-08-03,high,Hyderabad,organic,43,male,2024,2024-08
C00877,2025-01-20,high,Pune,ads,38,male,2025,2025-01
C00878,2024-12-30,low,Hyderabad,ads,27,male,2024,2024-12
C00879,2025-10-27,low,Delhi,ads,41,female,2025,2025-10
C00880,2025-06-09,low,Kolkata,ads,33,female,2025,2025-06
C00881,2025-11-29,low,Hyderabad,organic,26,female,2025,2025-11
C00882,2024-11-07,medium,Bhubaneswar,organic,27,female,2024,2024-11
C00883,2024-01-07,high,Jaipur,organic,39,male,2024,2024-01
C00884,2024-01-03,low,Kolkata,organic,44,female,2024,2024-01
C00885,2025-09-14,low,Pune,organic,30,female,2025,2025-09
C00886,2024-12-28,low,Bangalore,ads,40,female,2024,2024-12
C00887,2025-05-22,medium,Bhubaneswar,referral,50,male,2025,2025-05
C00888,2024-09-30,medium,Delhi,ads,22,female,2024,2024-09
C00889,2025-05-20,low,Kolkata,referral,38,female,2025,2025-05
C00890,2024-01-15,low,Bhubaneswar,ads,43,male,2024,2024-01
C00891,2024-07-10,low,Jaipur,ads,34,other,2024,2024-07
C00892,2025-09-22,high,Kolkata,organic,47,male,2025,2025-09
C00893,2025-04-29,medium,Mumbai,referral,56,male,2025,2025-04
C00894,2024-01-28,medium,Mumbai,organic,38,female,2024,2024-01
C00895,2025-12-14,low,Kolkata,organic,32,male,2025,2025-12
C00896,2024-02-08,high,Kolkata,organic,44,female,2024,2024-02
C00897,2024-09-29,high,Mumbai,referral,43,male,2024,2024-09
C00898,2024-08-18,low,Pune,referral,18,male,2024,2024-08
C00899,2024-03-26,high,Hyderabad,ads,34,female,2024,2024-03
C00900,2025-04-18,low,Bangalore,ads,31,male,2025,2025-04
C00901,2024-05-05,medium,Bhubaneswar,ads,38,female,2024,2024-05
C00902,2025-06-20,low,Bhubaneswar,referral,33,female,2025,2025-06
C00903,2024-05-24,medium,Delhi,ads,34,male,2024,2024-05
C00904,2025-06-08,low,Bangalore,referral,26,female,2025,2025-06
C00905,2024-07-30,low,Chennai,organic,42,female,2024,2024-07
C00906,2024-01-25,high,Mumbai,organic,51,female,2024,2024-01
C00907,2025-08-02,high,Chennai,referral,26,female,2025,2025-08
C00908,2025-01-28,medium,Jaipur,organic,21,female,2025,2025-01
C00909,2024-03-07,medium,Bangalore,referral,35,male,2024,2024-03
C00910,2024-08-20,low,Ahmedabad,ads,34,male,2024,2024-08
C00911,2024-04-18,medium,Delhi,referral,46,female,2024,2024-04
C00912,2024-05-25,medium,Kolkata,organic,22,other,2024,2024-05
C00913,2024-04-20,high,Jaipur,ads,29,male,2024,2024-04
C00914,2024-08-15,low,Hyderabad,ads,18,male,2024,2024-08
C00915,2024-04-20,low,Ahmedabad,ads,48,female,2024,2024-04
C00916,2025-04-14,medium,Bangalore,ads,37,female,2025,2025-04
C00917,2024-02-03,medium,Bangalore,referral,30,male,2024,2024-02
C00918,2025-09-14,high,Chennai,ads,21,female,2025,2025-09
C00919,2025-01-03,medium,Pune,organic,22,female,2025,2025-01
C00920,2025-08-17,medium,Chennai,referral,39,female,2025,2025-08
C00921,2025-07-07,high,Bhubaneswar,organic,23,male,2025,2025-07
C00922,2025-02-28,medium,Chennai,organic,36,female,2025,2025-02
C00923,2025-09-04,medium,Pune,organic,55,male,2025,2025-09
C00924,2025-06-01,medium,Hyderabad,referral,31,female,2025,2025-06
C00925,2025-11-22,medium,Jaipur,organic,25,male,2025,2025-11
C00926,2024-10-08,high,Mumbai,organic,38,female,2024,2024-10
C00927,2024-11-15,low,Bangalore,referral,22,male,2024,2024-11
C00928,2025-03-18,low,Kolkata,referral,52,female,2025,2025-03
C00929,2024-11-10,medium,Chennai,organic,49,female,2024,2024-11
C00930,2025-01-11,high,Ahmedabad,ads,33,other,2025,2025-01
C00931,2024-10-15,low,Hyderabad,referral,26,male,2024,2024-10
C00932,2025-03-12,low,Delhi,organic,30,male,2025,2025-03
C00933,2025-10-23,medium,Bangalore,referral,32,male,2025,2025-10
C00934,2024-10-03,medium,Pune,ads,38,male,2024,2024-10
C00935,2025-12-10,high,Bhubaneswar,ads,45,male,2025,2025-12
C00936,2025-08-04,medium,Pune,ads,24,female,2025,2025-08
C00937,2025-05-17,high,Chennai,ads,45,female,2025,2025-05
C00938,2025-09-15,medium,Jaipur,organic,41,male,2025,2025-09
C00939,2025-05-30,medium,Bhubaneswar,ads,29,male,2025,2025-05
C00940,2024-12-15,medium,Ahmedabad,organic,24,female,2024,2024-12
C00941,2025-03-21,medium,Pune,ads,36,male,2025,2025-03
C00942,2024-12-15,medium,Ahmedabad,organic,24,female,2024,2024-12
C00943,2025-08-29,medium,Delhi,referral,45,male,2025,2025-08
C00944,2025-10-25,high,Ahmedabad,organic,23,male,2025,2025-10
C00945,2024-05-16,high,Bangalore,ads,40,male,2024,2024-05
C00946,2024-08-30,low,Hyderabad,ads,34,male,2024,2024-08
C00947,2025-06-26,high,Bhubaneswar,ads,29,female,2025,2025-06
C00948,2024-02-09,low,Bangalore,ads,33,male,2024,2024-02
C00949,2024-08-16,low,Kolkata,ads,45,female,2024,2024-08
C00950,2025-07-01,medium,Pune,organic,23,male,2025,2025-07
C00951,2024-08-10,medium,Pune,organic,30,female,2024,2024-08
C00952,2024-01-06,medium,Kolkata,ads,27,female,2024,2024-01
C00953,2024-11-17,low,Ahmedabad,referral,34,female,2024,2024-11
C00954,2025-04-12,low,Bangalore,organic,28,male,2025,2025-04
C00955,2024-03-15,low,Bhubaneswar,organic,18,female,2024,2024-03
C00956,2024-01-04,high,Bhubaneswar,organic,24,male,2024,2024-01
C00957,2025-10-07,medium,Kolkata,ads,51,male,2025,2025-10
C00958,2024-04-27,medium,Pune,organic,37,female,2024,2024-04
C00959,2025-08-28,medium,Kolkata,referral,37,female,2025,2025-08
C00960,2025-05-18,high,Delhi,organic,32,male,2025,2025-05
C00961,2025-07-27,high,Delhi,organic,34,female,2025,2025-07
C00962,2025-03-16,low,Delhi,organic,30,male,2025,2025-03
C00963,2024-07-12,medium,Mumbai,ads,40,male,2024,2024-07
C00964,2025-12-15,medium,Hyderabad,ads,36,female,2025,2025-12
C00965,2025-01-26,medium,Jaipur,organic,23,female,2025,2025-01
C00966,2024-01-26,low,Chennai,referral,37,male,2024,2024-01
C00967,2025-03-10,low,Mumbai,organic,18,female,2025,2025-03
C00968,2024-06-21,medium,Bhubaneswar,ads,39,female,2024,2024-06
C00969,2024-10-26,high,Ahmedabad,ads,20,female,2024,2024-10
C00970,2025-10-06,medium,Pune,organic,34,male,2025,2025-10
C00971,2024-11-21,low,Ahmedabad,referral,23,male,2024,2024-11
C00972,2025-02-13,medium,Kolkata,referral,35,female,2025,2025-02
C00973,2024-04-27,medium,Pune,organic,40,female,2024,2024-04
C00974,2025-12-24,medium,Chennai,ads,50,female,2025,2025-12
C00975,2024-08-12,medium,Chennai,organic,19,female,2024,2024-08
C00976,2025-06-15,low,Bangalore,ads,44,male,2025,2025-06
C00977,2024-04-22,medium,Ahmedabad,organic,36,female,2024,2024-04
C00978,2024-05-19,high,Jaipur,referral,30,male,2024,2024-05
C00979,2025-07-12,high,Chennai,organic,42,male,2025,2025-07
C00980,2024-01-01,medium,Hyderabad,organic,32,male,2024,2024-01
C00981,2024-03-30,low,Bangalore,organic,42,female,2024,2024-03
C00982,2025-10-15,medium,Jaipur,organic,25,male,2025,2025-10
C00983,2024-11-15,low,Pune,ads,28,male,2024,2024-11
C00984,2025-07-03,low,Ahmedabad,organic,44,male,2025,2025-07
C00985,2024-05-18,medium,Ahmedabad,ads,49,male,2024,2024-05
C00986,2025-05-25,high,Jaipur,organic,34,male,2025,2025-05
C00987,2024-09-15,high,Jaipur,ads,18,female,2024,2024-09
C00988,2025-11-03,low,Chennai,ads,33,male,2025,2025-11
C00989,2025-11-20,high,Pune,referral,35,male,2025,2025-11
C00990,2024-01-10,medium,Bangalore,referral,32,female,2024,2024-01
C00991,2024-09-17,medium,Hyderabad,referral,38,female,2024,2024-09
C00992,2025-10-11,low,Bhubaneswar,ads,30,female,2025,2025-10
C00993,2024-06-20,high,Bhubaneswar,organic,43,male,2024,2024-06
C00994,2024-01-13,medium,Mumbai,ads,23,female,2024,2024-01
C00995,2024-06-16,medium,Hyderabad,referral,47,male,2024,2024-06
C00996,2025-10-03,medium,Pune,organic,50,female,2025,2025-10
C00997,2025-08-18,low,Pune,ads,25,male,2025,2025-08
C00998,2024-11-16,high,Bangalore,organic,25,male,2024,2024-11
C00999,2024-11-14,low,Ahmedabad,ads,39,female,2024,2024-11
C01000,2025-09-04,medium,Mumbai,ads,23,male,2025,2025-09
C01001,2024-11-24,medium,Bangalore,ads,30,male,2024,2024-11
C01002,2025-07-03,medium,Mumbai,ads,46,female,2025,2025-07
C01003,2025-02-22,medium,Ahmedabad,referral,42,female,2025,2025-02
C01004,2025-08-28,high,Kolkata,ads,54,female,2025,2025-08
C01005,2024-04-04,medium,Mumbai,referral,36,female,2024,2024-04
C01006,2025-08-03,medium,Bangalore,organic,28,female,2025,2025-08
C01007,2024-11-13,medium,Kolkata,ads,35,female,2024,2024-11
C01008,2024-08-23,medium,Jaipur,ads,33,female,2024,2024-08
C01009,2024-11-29,low,Hyderabad,organic,33,female,2024,2024-11
C01010,2025-01-10,medium,Chennai,organic,34,female,2025,2025-01
C01011,2025-04-03,high,Bangalore,ads,25,male,2025,2025-04
C01012,2024-05-16,medium,Jaipur,ads,37,female,2024,2024-05
C01013,2025-08-10,low,Bhubaneswar,ads,20,male,2025,2025-08
C01014,2025-06-30,low,Bhubaneswar,organic,27,female,2025,2025-06
C01015,2025-05-27,medium,Pune,organic,33,male,2025,2025-05
C01016,2024-10-22,low,Bangalore,ads,18,female,2024,2024-10
C01017,2024-11-15,medium,Delhi,organic,42,male,2024,2024-11
C01018,2025-07-25,medium,Chennai,organic,18,female,2025,2025-07
C01019,2024-12-14,low,Delhi,organic,41,male,2024,2024-12
C01020,2024-08-16,low,Hyderabad,organic,22,male,2024,2024-08
C01021,2024-09-26,medium,Pune,organic,30,female,2024,2024-09
C01022,2024-10-17,low,Chennai,organic,40,male,2024,2024-10
C01023,2025-12-25,high,Kolkata,organic,56,male,2025,2025-12
C01024,2024-06-13,low,Mumbai,ads,36,female,2024,2024-06
C01025,2024-01-05,medium,Chennai,organic,18,other,2024,2024-01
C01026,2025-01-13,high,Ahmedabad,ads,44,male,2025,2025-01
C01027,2024-03-18,medium,Kolkata,referral,32,male,2024,2024-03
C01028,2025-02-13,medium,Mumbai,ads,35,female,2025,2025-02
C01029,2025-07-27,medium,Hyderabad,organic,40,male,2025,2025-07
C01030,2024-05-11,medium,Bhubaneswar,referral,18,male,2024,2024-05
C01031,2025-08-23,high,Mumbai,organic,35,female,2025,2025-08
C01032,2024-02-11,medium,Ahmedabad,organic,30,male,2024,2024-02
C01033,2024-03-29,medium,Pune,referral,47,female,2024,2024-03
C01034,2025-02-05,medium,Mumbai,referral,42,female,2025,2025-02
C01035,2024-10-22,medium,Chennai,ads,18,female,2024,2024-10
C01036,2024-10-21,low,Chennai,ads,47,other,2024,2024-10
C01037,2025-09-07,low,Pune,ads,39,female,2025,2025-09
C01038,2025-06-09,low,Chennai,organic,19,female,2025,2025-06
C01039,2025-11-21,medium,Hyderabad,organic,35,female,2025,2025-11
C01040,2025-09-28,low,Ahmedabad,ads,45,male,2025,2025-09
C01041,2025-02-25,high,Bangalore,referral,22,male,2025,2025-02
C01042,2024-01-23,high,Bangalore,organic,48,other,2024,2024-01
C01043,2025-07-28,medium,Bhubaneswar,ads,19,male,2025,2025-07
C01044,2024-05-22,low,Jaipur,organic,27,male,2024,2024-05
C01045,2025-10-26,medium,Hyderabad,ads,25,female,2025,2025-10
C01046,2024-05-24,high,Jaipur,ads,48,female,2024,2024-05
C01047,2024-08-12,high,Bangalore,ads,30,male,2024,2024-08
C01048,2025-05-17,low,Mumbai,organic,23,male,2025,2025-05
C01049,2025-09-07,medium,Mumbai,ads,39,male,2025,2025-09
C01050,2024-04-13,medium,Mumbai,ads,41,female,2024,2024-04
C01051,2024-02-08,medium,Chennai,organic,41,female,2024,2024-02
C01052,2024-07-16,medium,Chennai,organic,32,male,2024,2024-07
C01053,2025-10-07,medium,Delhi,ads,37,female,2025,2025-10
C01054,2025-08-01,medium,Mumbai,ads,28,male,2025,2025-08
C01055,2025-01-25,low,Mumbai,organic,51,female,2025,2025-01
C01056,2024-06-27,medium,Kolkata,ads,46,male,2024,2024-06
C01057,2025-07-07,medium,Pune,referral,45,female,2025,2025-07
C01058,2025-03-23,high,Bangalore,organic,42,male,2025,2025-03
C01059,2025-05-14,medium,Chennai,ads,40,male,2025,2025-05
C01060,2024-01-15,medium,Ahmedabad,organic,22,male,2024,2024-01
C01061,2025-09-14,medium,Chennai,organic,41,male,2025,2025-09
C01062,2025-10-30,high,Ahmedabad,organic,36,other,2025,2025-10
C01063,2024-10-15,low,Delhi,ads,47,other,2024,2024-10
C01064,2025-04-22,medium,Ahmedabad,referral,43,female,2025,2025-04
C01065,2024-08-18,medium,Chennai,organic,40,male,2024,2024-08
C01066,2025-02-23,low,Bhubaneswar,ads,18,male,2025,2025-02
C01067,2024-06-05,medium,Chennai,ads,34,male,2024,2024-06
C01068,2025-07-03,low,Hyderabad,organic,29,male,2025,2025-07
C01069,2025-03-16,medium,Bhubaneswar,ads,37,male,2025,2025-03
C01070,2024-04-06,medium,Mumbai,ads,30,female,2024,2024-04
C01071,2025-02-14,low,Bangalore,referral,32,male,2025,2025-02
C01072,2024-10-15,medium,Ahmedabad,referral,39,female,2024,2024-10
C01073,2024-09-10,medium,Chennai,organic,30,female,2024,2024-09
C01074,2024-07-14,low,Chennai,ads,36,male,2024,2024-07
C01075,2025-08-20,medium,Ahmedabad,organic,19,female,2025,2025-08
C01076,2025-06-05,medium,Jaipur,ads,26,male,2025,2025-06
C01077,2025-05-31,medium,Bangalore,referral,41,male,2025,2025-05
C01078,2025-09-26,low,Kolkata,organic,22,male,2025,2025-09
C01079,2024-04-27,low,Pune,ads,47,female,2024,2024-04
C01080,2024-06-07,medium,Mumbai,ads,44,male,2024,2024-06
C01081,2024-08-15,medium,Bhubaneswar,ads,32,female,2024,2024-08
C01082,2024-08-03,low,Chennai,organic,64,male,2024,2024-08
C01083,2025-11-26,high,Delhi,referral,47,male,2025,2025-11
C01084,2024-01-15,medium,Bangalore,ads,25,male,2024,2024-01
C01085,2024-06-05,low,Ahmedabad,organic,42,female,2024,2024-06
C01086,2025-10-09,low,Chennai,organic,35,female,2025,2025-10
C01087,2024-09-17,low,Bhubaneswar,ads,27,female,2024,2024-09
C01088,2024-06-05,medium,Delhi,organic,24,male,2024,2024-06
C01089,2024-02-16,high,Pune,organic,44,male,2024,2024-02
C01090,2024-11-19,medium,Pune,ads,29,female,2024,2024-11
C01091,2025-11-15,medium,Bhubaneswar,ads,33,male,2025,2025-11
C01092,2024-05-09,medium,Bangalore,ads,25,male,2024,2024-05
C01093,2025-02-14,low,Delhi,organic,27,male,2025,2025-02
C01094,2024-04-04,high,Ahmedabad,ads,33,female,2024,2024-04
C01095,2025-09-18,low,Delhi,referral,38,female,2025,2025-09
C01096,2024-10-18,medium,Hyderabad,organic,18,male,2024,2024-10
C01097,2024-10-09,medium,Ahmedabad,ads,35,female,2024,2024-10
C01098,2024-03-09,high,Mumbai,referral,27,female,2024,2024-03
C01099,2025-10-21,medium,Kolkata,ads,49,male,2025,2025-10
C01100,2024-01-11,high,Mumbai,ads,64,male,2024,2024-01
C01101,2024-09-10,low,Kolkata,organic,31,female,2024,2024-09
C01102,2025-07-03,low,Mumbai,ads,18,female,2025,2025-07
C01103,2024-05-13,medium,Delhi,ads,36,male,2024,2024-05
C01104,2025-12-12,medium,Bangalore,ads,32,female,2025,2025-12
C01105,2024-01-23,low,Bhubaneswar,referral,54,female,2024,2024-01
C01106,2024-12-11,medium,Chennai,organic,51,female,2024,2024-12
C01107,2024-10-28,high,Kolkata,organic,43,male,2024,2024-10
C01108,2024-12-28,medium,Chennai,organic,29,male,2024,2024-12
C01109,2025-01-30,low,Hyderabad,ads,41,female,2025,2025-01
C01110,2024-08-05,high,Hyderabad,organic,37,female,2024,2024-08
C01111,2024-05-20,medium,Chennai,ads,37,male,2024,2024-05
C01112,2025-09-07,low,Hyderabad,organic,19,female,2025,2025-09
C01113,2024-07-28,high,Ahmedabad,ads,45,female,2024,2024-07
C01114,2025-09-14,high,Chennai,organic,36,female,2025,2025-09
C01115,2025-09-07,medium,Hyderabad,referral,33,male,2025,2025-09
C01116,2025-11-13,low,Kolkata,ads,28,female,2025,2025-11
C01117,2025-04-04,medium,Bangalore,referral,27,male,2025,2025-04
C01118,2024-12-21,low,Hyderabad,ads,38,male,2024,2024-12
C01119,2024-11-19,medium,Chennai,organic,18,male,2024,2024-11
C01120,2024-05-12,high,Kolkata,organic,42,male,2024,2024-05
C01121,2024-05-06,low,Chennai,referral,24,male,2024,2024-05
C01122,2024-04-15,medium,Pune,ads,18,male,2024,2024-04
C01123,2025-08-26,medium,Delhi,organic,53,other,2025,2025-08
C01124,2025-01-12,medium,Delhi,ads,26,female,2025,2025-01
C01125,2024-02-20,medium,Delhi,ads,27,female,2024,2024-02
C01126,2024-01-29,high,Mumbai,organic,46,female,2024,2024-01
C01127,2025-04-06,high,Ahmedabad,organic,53,female,2025,2025-04
C01128,2024-10-22,medium,Chennai,referral,19,male,2024,2024-10
C01129,2024-10-23,low,Ahmedabad,organic,25,female,2024,2024-10
C01130,2025-12-26,medium,Chennai,organic,26,male,2025,2025-12
C01131,2025-02-10,low,Pune,organic,44,male,2025,2025-02
C01132,2025-09-04,medium,Hyderabad,organic,51,male,2025,2025-09
C01133,2025-02-08,medium,Mumbai,ads,24,female,2025,2025-02
C01134,2024-12-11,high,Bangalore,organic,49,male,2024,2024-12
C01135,2025-09-13,high,Chennai,organic,27,female,2025,2025-09
C01136,2025-02-23,medium,Kolkata,referral,38,female,2025,2025-02
C01137,2024-06-30,low,Hyderabad,organic,22,male,2024,2024-06
C01138,2024-01-01,low,Bhubaneswar,organic,33,male,2024,2024-01
C01139,2025-07-20,low,Bhubaneswar,ads,33,female,2025,2025-07
C01140,2025-01-05,medium,Bangalore,ads,31,male,2025,2025-01
C01141,2025-10-22,low,Kolkata,referral,38,female,2025,2025-10
C01142,2025-03-06,medium,Delhi,organic,24,female,2025,2025-03
C01143,2024-11-04,high,Mumbai,referral,26,male,2024,2024-11
C01144,2024-05-16,low,Ahmedabad,ads,39,male,2024,2024-05
C01145,2024-07-20,medium,Jaipur,ads,48,other,2024,2024-07
C01146,2025-03-11,high,Jaipur,organic,34,female,2025,2025-03
C01147,2024-11-08,medium,Mumbai,organic,40,male,2024,2024-11
C01148,2024-04-26,medium,Hyderabad,ads,42,male,2024,2024-04
C01149,2025-10-27,low,Pune,referral,43,female,2025,2025-10
C01150,2025-07-28,medium,Hyderabad,ads,25,male,2025,2025-07
C01151,2024-08-31,low,Bhubaneswar,organic,27,female,2024,2024-08
C01152,2025-06-20,high,Ahmedabad,organic,28,female,2025,2025-06
C01153,2025-08-24,medium,Bhubaneswar,ads,54,female,2025,2025-08
C01154,2024-03-15,medium,Chennai,ads,40,male,2024,2024-03
C01155,2025-01-20,medium,Bhubaneswar,organic,39,female,2025,2025-01
C01156,2024-07-28,medium,Jaipur,organic,38,male,2024,2024-07
C01157,2025-04-19,low,Jaipur,ads,21,male,2025,2025-04
C01158,2025-02-21,low,Ahmedabad,ads,54,female,2025,2025-02
C01159,2024-12-12,low,Bhubaneswar,ads,39,female,2024,2024-12
C01160,2025-06-12,low,Mumbai,referral,42,female,2025,2025-06
C01161,2025-10-01,low,Mumbai,ads,18,female,2025,2025-10
C01162,2024-06-27,medium,Bangalore,organic,42,male,2024,2024-06
C01163,2024-06-30,low,Pune,ads,31,male,2024,2024-06
C01164,2025-10-25,medium,Ahmedabad,referral,21,male,2025,2025-10
C01165,2024-01-25,medium,Bhubaneswar,referral,25,male,2024,2024-01
C01166,2024-06-28,medium,Ahmedabad,referral,22,female,2024,2024-06
C01167,2025-12-10,medium,Hyderabad,organic,22,female,2025,2025-12
C01168,2025-05-15,medium,Delhi,ads,35,female,2025,2025-05
C01169,2024-06-09,low,Kolkata,referral,31,female,2024,2024-06
C01170,2024-06-25,medium,Hyderabad,ads,38,male,2024,2024-06
C01171,2024-10-11,high,Hyderabad,organic,51,male,2024,2024-10
C01172,2024-03-03,medium,Bhubaneswar,referral,33,male,2024,2024-03
C01173,2025-10-23,high,Delhi,ads,18,male,2025,2025-10
C01174,2025-10-27,high,Mumbai,organic,32,male,2025,2025-10
C01175,2024-06-04,medium,Mumbai,organic,46,male,2024,2024-06
C01176,2025-04-13,medium,Hyderabad,ads,34,other,2025,2025-04
C01177,2024-02-18,medium,Pune,ads,50,male,2024,2024-02
C01178,2024-03-24,low,Mumbai,organic,39,female,2024,2024-03
C01179,2024-12-26,low,Chennai,ads,18,male,2024,2024-12
C01180,2025-11-19,medium,Hyderabad,ads,36,male,2025,2025-11
C01181,2024-05-27,medium,Kolkata,ads,37,male,2024,2024-05
C01182,2025-09-21,medium,Delhi,organic,45,male,2025,2025-09
C01183,2024-12-07,low,Bangalore,ads,53,female,2024,2024-12
C01184,2025-04-20,high,Jaipur,organic,44,female,2025,2025-04
C01185,2024-03-03,high,Ahmedabad,organic,39,female,2024,2024-03
C01186,2025-12-01,low,Hyderabad,organic,41,female,2025,2025-12
C01187,2024-12-25,medium,Mumbai,referral,33,female,2024,2024-12
C01188,2025-07-14,high,Ahmedabad,organic,20,female,2025,2025-07
C01189,2024-11-22,medium,Kolkata,organic,35,female,2024,2024-11
C01190,2024-05-20,low,Bhubaneswar,organic,38,male,2024,2024-05
C01191,2024-08-02,low,Jaipur,ads,22,other,2024,2024-08
C01192,2025-03-10,low,Pune,referral,48,female,2025,2025-03
C01193,2025-12-23,medium,Bangalore,referral,45,female,2025,2025-12
C01194,2024-11-13,medium,Bhubaneswar,organic,21,female,2024,2024-11
C01195,2024-02-01,low,Kolkata,organic,48,male,2024,2024-02
C01196,2025-10-31,low,Mumbai,organic,31,female,2025,2025-10
C01197,2024-10-11,medium,Chennai,ads,27,female,2024,2024-10
C01198,2024-10-31,low,Delhi,organic,45,female,2024,2024-10
C01199,2025-03-04,high,Bhubaneswar,organic,34,female,2025,2025-03
C01200,2025-04-21,medium,Bhubaneswar,ads,53,male,2025,2025-04
C01201,2024-10-12,medium,Bangalore,organic,26,male,2024,2024-10
C01202,2024-05-23,medium,Delhi,organic,18,female,2024,2024-05
C01203,2025-02-27,low,Kolkata,organic,32,male,2025,2025-02
C01204,2024-01-19,high,Ahmedabad,organic,42,female,2024,2024-01
C01205,2024-01-18,medium,Ahmedabad,ads,25,female,2024,2024-01
C01206,2025-08-12,low,Delhi,referral,21,male,2025,2025-08
C01207,2025-01-05,low,Pune,organic,37,male,2025,2025-01
C01208,2024-06-23,high,Hyderabad,organic,20,female,2024,2024-06
C01209,2024-07-12,medium,Pune,referral,38,male,2024,2024-07
C01210,2025-05-16,medium,Pune,referral,31,male,2025,2025-05
C01211,2024-04-22,high,Bhubaneswar,organic,39,female,2024,2024-04
C01212,2024-04-23,low,Bhubaneswar,ads,21,female,2024,2024-04
C01213,2024-08-09,low,Jaipur,organic,47,female,2024,2024-08
C01214,2025-11-08,high,Mumbai,ads,33,female,2025,2025-11
C01215,2025-10-05,high,Kolkata,referral,42,male,2025,2025-10
C01216,2024-09-20,high,Kolkata,ads,44,female,2024,2024-09
C01217,2024-02-24,low,Jaipur,ads,23,female,2024,2024-02
C01218,2025-10-04,high,Bhubaneswar,organic,43,female,2025,2025-10
C01219,2025-04-02,medium,Bangalore,ads,20,male,2025,2025-04
C01220,2024-06-10,medium,Bangalore,ads,21,male,2024,2024-06
C01221,2025-01-14,medium,Mumbai,ads,54,female,2025,2025-01
C01222,2024-03-27,high,Delhi,organic,46,male,2024,2024-03
C01223,2024-02-24,medium,Bhubaneswar,ads,55,male,2024,2024-02
C01224,2025-04-20,low,Ahmedabad,ads,31,other,2025,2025-04
C01225,2024-06-26,low,Ahmedabad,organic,36,male,2024,2024-06
C01226,2025-01-25,low,Bhubaneswar,organic,40,male,2025,2025-01
C01227,2024-12-14,high,Chennai,organic,34,male,2024,2024-12
C01228,2024-01-08,medium,Delhi,ads,27,female,2024,2024-01
C01229,2024-11-08,medium,Ahmedabad,ads,26,female,2024,2024-11
C01230,2025-03-18,medium,Hyderabad,referral,37,female,2025,2025-03
C01231,2024-11-23,low,Pune,organic,24,female,2024,2024-11
C01232,2024-02-23,medium,Bhubaneswar,referral,24,female,2024,2024-02
C01233,2024-08-26,high,Chennai,ads,38,female,2024,2024-08
C01234,2024-08-16,low,Hyderabad,organic,34,male,2024,2024-08
C01235,2025-08-01,low,Pune,organic,44,male,2025,2025-08
C01236,2024-02-20,high,Pune,organic,30,male,2024,2024-02
C01237,2025-08-31,medium,Mumbai,referral,29,male,2025,2025-08
C01238,2025-08-26,medium,Delhi,organic,39,female,2025,2025-08
C01239,2024-09-20,medium,Bhubaneswar,organic,26,male,2024,2024-09
C01240,2025-02-21,high,Chennai,organic,28,female,2025,2025-02
C01241,2024-04-05,medium,Jaipur,referral,28,male,2024,2024-04
C01242,2024-03-28,low,Mumbai,organic,32,male,2024,2024-03
C01243,2024-03-18,medium,Bangalore,organic,52,male,2024,2024-03
C01244,2024-10-14,high,Hyderabad,ads,21,female,2024,2024-10
C01245,2024-04-29,medium,Jaipur,ads,47,female,2024,2024-04
C01246,2025-05-05,medium,Hyderabad,ads,42,other,2025,2025-05
C01247,2025-03-27,low,Bhubaneswar,ads,50,female,2025,2025-03
C01248,2025-05-14,medium,Chennai,referral,65,female,2025,2025-05
C01249,2024-06-13,high,Chennai,referral,49,male,2024,2024-06
C01250,2024-06-30,high,Pune,ads,44,female,2024,2024-06
C01251,2025-04-13,low,Jaipur,organic,21,female,2025,2025-04
C01252,2024-01-07,medium,Chennai,ads,23,male,2024,2024-01
C01253,2024-11-25,low,Ahmedabad,organic,38,male,2024,2024-11
C01254,2025-11-03,medium,Hyderabad,organic,18,female,2025,2025-11
C01255,2024-05-30,medium,Pune,referral,41,male,2024,2024-05
C01256,2024-03-25,medium,Bhubaneswar,referral,18,female,2024,2024-03
C01257,2024-05-26,low,Chennai,ads,46,female,2024,2024-05
C01258,2025-09-15,low,Kolkata,referral,31,male,2025,2025-09
C01259,2025-01-15,medium,Bhubaneswar,referral,36,male,2025,2025-01
C01260,2025-07-01,medium,Jaipur,ads,27,female,2025,2025-07
C01261,2024-10-11,high,Ahmedabad,ads,18,female,2024,2024-10
C01262,2025-11-30,medium,Delhi,ads,47,female,2025,2025-11
C01263,2024-03-22,medium,Bangalore,organic,48,female,2024,2024-03
C01264,2025-05-28,low,Kolkata,organic,31,female,2025,2025-05
C01265,2025-12-09,low,Pune,ads,41,male,2025,2025-12
C01266,2025-06-06,medium,Hyderabad,organic,31,female,2025,2025-06
C01267,2025-01-20,medium,Jaipur,organic,37,male,2025,2025-01
C01268,2025-12-07,low,Jaipur,organic,42,male,2025,2025-12
C01269,2025-04-15,low,Delhi,organic,40,male,2025,2025-04
C01270,2024-04-28,high,Kolkata,referral,48,male,2024,2024-04
C01271,2025-01-30,medium,Hyderabad,ads,40,male,2025,2025-01
C01272,2025-06-15,medium,Bangalore,ads,35,female,2025,2025-06
C01273,2024-09-17,medium,Mumbai,referral,27,male,2024,2024-09
C01274,2024-09-12,high,Mumbai,referral,30,female,2024,2024-09
C01275,2024-08-13,high,Jaipur,ads,43,female,2024,2024-08
C01276,2024-02-22,medium,Kolkata,referral,19,male,2024,2024-02
C01277,2025-05-14,medium,Delhi,ads,46,male,2025,2025-05
C01278,2025-05-20,high,Jaipur,organic,32,male,2025,2025-05
C01279,2024-12-29,medium,Mumbai,organic,26,male,2024,2024-12
C01280,2024-10-06,low,Jaipur,ads,24,male,2024,2024-10
C01281,2025-08-15,low,Mumbai,ads,41,male,2025,2025-08
C01282,2025-12-14,medium,Kolkata,ads,34,male,2025,2025-12
C01283,2024-06-06,medium,Kolkata,ads,50,male,2024,2024-06
C01284,2025-09-23,low,Delhi,organic,22,male,2025,2025-09
C01285,2024-02-28,medium,Pune,organic,29,female,2024,2024-02
C01286,2025-12-27,medium,Pune,ads,34,male,2025,2025-12
C01287,2024-05-07,medium,Jaipur,organic,27,female,2024,2024-05
C01288,2025-12-21,high,Jaipur,ads,35,male,2025,2025-12
C01289,2024-04-24,medium,Jaipur,ads,38,male,2024,2024-04
C01290,2024-07-27,low,Delhi,ads,39,female,2024,2024-07
C01291,2025-06-09,medium,Bhubaneswar,organic,50,male,2025,2025-06
C01292,2025-06-04,medium,Jaipur,ads,21,male,2025,2025-06
C01293,2025-07-05,low,Pune,referral,38,female,2025,2025-07
C01294,2024-08-24,high,Pune,referral,28,male,2024,2024-08
C01295,2024-10-07,medium,Hyderabad,referral,39,male,2024,2024-10
C01296,2024-12-24,medium,Kolkata,ads,39,male,2024,2024-12
C01297,2024-07-19,medium,Bhubaneswar,organic,25,male,2024,2024-07
C01298,2024-10-04,high,Mumbai,ads,25,male,2024,2024-10
C01299,2024-08-22,medium,Pune,referral,40,other,2024,2024-08
C01300,2025-05-08,medium,Bangalore,organic,35,female,2025,2025-05
C01301,2024-01-04,medium,Bangalore,organic,32,female,2024,2024-01
C01302,2025-10-27,medium,Pune,organic,41,female,2025,2025-10
C01303,2025-03-17,medium,Bangalore,ads,42,female,2025,2025-03
C01304,2024-01-29,high,Chennai,ads,29,female,2024,2024-01
C01305,2024-04-18,medium,Bhubaneswar,organic,26,female,2024,2024-04
C01306,2025-09-01,high,Kolkata,referral,22,male,2025,2025-09
C01307,2025-12-27,low,Pune,ads,35,male,2025,2025-12
C01308,2024-03-15,medium,Pune,organic,20,female,2024,2024-03
C01309,2024-05-25,medium,Mumbai,organic,35,female,2024,2024-05
C01310,2024-05-07,low,Bhubaneswar,organic,47,male,2024,2024-05
C01311,2024-02-11,medium,Jaipur,ads,31,female,2024,2024-02
C01312,2024-12-21,medium,Jaipur,organic,29,female,2024,2024-12
C01313,2024-02-10,low,Ahmedabad,ads,54,male,2024,2024-02
C01314,2024-02-03,low,Hyderabad,ads,50,female,2024,2024-02
C01315,2024-01-17,medium,Chennai,ads,27,female,2024,2024-01
C01316,2025-11-07,high,Delhi,organic,36,female,2025,2025-11
C01317,2024-06-01,medium,Delhi,ads,38,male,2024,2024-06
C01318,2025-01-12,low,Ahmedabad,referral,37,male,2025,2025-01
C01319,2025-08-10,high,Kolkata,organic,53,male,2025,2025-08
C01320,2025-08-21,medium,Delhi,organic,35,male,2025,2025-08
C01321,2025-09-20,low,Jaipur,ads,37,female,2025,2025-09
C01322,2024-12-07,high,Bangalore,ads,41,female,2024,2024-12
C01323,2024-01-27,low,Hyderabad,organic,46,female,2024,2024-01
C01324,2024-10-13,medium,Bhubaneswar,ads,44,male,2024,2024-10
C01325,2025-10-07,medium,Jaipur,ads,40,male,2025,2025-10
C01326,2025-12-31,high,Mumbai,referral,19,female,2025,2025-12
C01327,2024-06-16,low,Bhubaneswar,organic,30,male,2024,2024-06
C01328,2025-09-01,medium,Delhi,ads,43,other,2025,2025-09
C01329,2024-09-24,medium,Mumbai,organic,37,female,2024,2024-09
C01330,2025-03-30,medium,Bhubaneswar,ads,43,female,2025,2025-03
C01331,2025-11-15,low,Pune,ads,53,male,2025,2025-11
C01332,2025-02-04,low,Chennai,organic,23,female,2025,2025-02
C01333,2025-04-20,medium,Jaipur,referral,46,male,2025,2025-04
C01334,2025-12-02,medium,Mumbai,organic,31,female,2025,2025-12
C01335,2025-09-25,low,Ahmedabad,ads,44,male,2025,2025-09
C01336,2025-07-11,medium,Chennai,organic,34,female,2025,2025-07
C01337,2025-07-29,medium,Bhubaneswar,ads,56,male,2025,2025-07
C01338,2024-05-09,high,Kolkata,organic,36,male,2024,2024-05
C01339,2024-12-28,low,Ahmedabad,referral,28,male,2024,2024-12
C01340,2025-12-05,medium,Jaipur,referral,39,male,2025,2025-12
C01341,2025-11-23,medium,Pune,referral,38,female,2025,2025-11
C01342,2024-10-18,medium,Mumbai,organic,46,female,2024,2024-10
C01343,2025-01-05,high,Bangalore,ads,39,female,2025,2025-01
C01344,2024-01-29,medium,Mumbai,organic,59,male,2024,2024-01
C01345,2024-05-28,high,Chennai,referral,33,male,2024,2024-05
C01346,2024-10-22,medium,Mumbai,ads,34,male,2024,2024-10
C01347,2024-01-11,medium,Chennai,ads,28,male,2024,2024-01
C01348,2025-05-26,medium,Ahmedabad,ads,35,other,2025,2025-05
C01349,2025-11-06,low,Mumbai,organic,37,male,2025,2025-11
C01350,2024-04-22,low,Ahmedabad,ads,37,female,2024,2024-04
C01351,2024-07-05,low,Pune,organic,35,female,2024,2024-07
C01352,2024-08-14,high,Pune,referral,28,female,2024,2024-08
C01353,2024-11-05,high,Chennai,referral,26,female,2024,2024-11
C01354,2024-04-07,medium,Bhubaneswar,ads,31,male,2024,2024-04
C01355,2024-02-24,low,Pune,referral,46,male,2024,2024-02
C01356,2025-09-14,low,Hyderabad,organic,48,female,2025,2025-09
C01357,2025-10-25,low,Mumbai,referral,34,female,2025,2025-10
C01358,2025-02-09,medium,Hyderabad,organic,25,male,2025,2025-02
C01359,2024-03-09,medium,Mumbai,ads,34,male,2024,2024-03
C01360,2024-11-07,medium,Delhi,ads,55,female,2024,2024-11
C01361,2024-10-15,high,Ahmedabad,organic,44,male,2024,2024-10
C01362,2025-07-01,high,Chennai,organic,40,female,2025,2025-07
C01363,2024-05-27,low,Jaipur,organic,44,male,2024,2024-05
C01364,2025-04-11,medium,Jaipur,referral,50,female,2025,2025-04
C01365,2024-08-31,medium,Kolkata,organic,23,female,2024,2024-08
C01366,2025-05-05,high,Bhubaneswar,ads,31,female,2025,2025-05
C01367,2025-05-21,low,Chennai,ads,29,male,2025,2025-05
C01368,2024-12-30,medium,Pune,organic,40,female,2024,2024-12
C01369,2025-04-26,medium,Bangalore,ads,36,female,2025,2025-04
C01370,2024-07-19,low,Bhubaneswar,ads,42,female,2024,2024-07
C01371,2024-06-02,medium,Bhubaneswar,organic,29,male,2024,2024-06
C01372,2025-03-25,medium,Bangalore,ads,48,male,2025,2025-03
C01373,2025-05-15,high,Ahmedabad,organic,34,male,2025,2025-05
C01374,2024-03-13,high,Bhubaneswar,organic,41,male,2024,2024-03
C01375,2025-12-13,low,Delhi,ads,46,female,2025,2025-12
C01376,2024-10-22,low,Bhubaneswar,ads,46,female,2024,2024-10
C01377,2024-01-17,medium,Kolkata,referral,38,female,2024,2024-01
C01378,2025-10-02,medium,Hyderabad,referral,43,male,2025,2025-10
C01379,2024-08-04,medium,Jaipur,ads,52,male,2024,2024-08
C01380,2024-03-01,high,Ahmedabad,organic,40,female,2024,2024-03
C01381,2025-09-07,medium,Chennai,organic,27,female,2025,2025-09
C01382,2024-02-11,medium,Pune,organic,40,female,2024,2024-02
C01383,2024-01-25,medium,Delhi,ads,34,female,2024,2024-01
C01384,2024-02-08,low,Ahmedabad,referral,18,female,2024,2024-02
C01385,2024-05-10,medium,Hyderabad,organic,39,female,2024,2024-05
C01386,2025-05-12,high,Kolkata,organic,36,female,2025,2025-05
C01387,2024-08-16,medium,Hyderabad,ads,46,female,2024,2024-08
C01388,2024-04-17,low,Chennai,organic,27,male,2024,2024-04
C01389,2024-06-20,medium,Bangalore,ads,19,female,2024,2024-06
C01390,2025-03-10,high,Pune,ads,36,female,2025,2025-03
C01391,2025-04-22,medium,Bangalore,ads,38,male,2025,2025-04
C01392,2024-04-11,low,Mumbai,organic,35,male,2024,2024-04
C01393,2025-06-07,medium,Kolkata,referral,35,female,2025,2025-06
C01394,2024-10-01,low,Pune,organic,24,female,2024,2024-10
C01395,2025-09-04,low,Chennai,referral,33,other,2025,2025-09
C01396,2024-02-13,low,Ahmedabad,organic,31,male,2024,2024-02
C01397,2024-01-17,medium,Jaipur,referral,45,male,2024,2024-01
C01398,2024-11-25,medium,Pune,ads,38,male,2024,2024-11
C01399,2025-07-22,high,Ahmedabad,organic,32,female,2025,2025-07
C01400,2025-05-11,low,Ahmedabad,referral,52,female,2025,2025-05
C01401,2024-01-12,medium,Mumbai,ads,32,female,2024,2024-01
C01402,2024-11-13,high,Delhi,organic,40,male,2024,2024-11
C01403,2025-08-14,medium,Kolkata,organic,33,male,2025,2025-08
C01404,2024-08-03,medium,Kolkata,ads,51,male,2024,2024-08
C01405,2024-12-04,medium,Mumbai,ads,35,female,2024,2024-12
C01406,2025-10-22,medium,Bangalore,ads,36,male,2025,2025-10
C01407,2024-03-21,medium,Bangalore,ads,33,male,2024,2024-03
C01408,2025-12-27,low,Chennai,ads,36,male,2025,2025-12
C01409,2025-04-29,medium,Delhi,ads,46,female,2025,2025-04
C01410,2025-01-08,medium,Ahmedabad,ads,43,male,2025,2025-01
C01411,2025-12-10,medium,Bhubaneswar,organic,35,male,2025,2025-12
C01412,2024-07-18,medium,Bhubaneswar,referral,52,female,2024,2024-07
C01413,2025-06-20,low,Bangalore,organic,43,other,2025,2025-06
C01414,2025-04-10,medium,Mumbai,organic,30,female,2025,2025-04
C01415,2024-03-29,medium,Delhi,ads,21,male,2024,2024-03
C01416,2024-09-24,high,Hyderabad,ads,30,female,2024,2024-09
C01417,2025-10-16,low,Jaipur,organic,39,other,2025,2025-10
C01418,2025-07-24,medium,Delhi,organic,40,female,2025,2025-07
C01419,2025-05-03,low,Chennai,ads,48,male,2025,2025-05
C01420,2025-06-21,high,Ahmedabad,referral,24,male,2025,2025-06
C01421,2024-02-16,medium,Ahmedabad,ads,30,other,2024,2024-02
C01422,2024-10-14,medium,Kolkata,ads,23,female,2024,2024-10
C01423,2024-01-16,low,Pune,organic,21,female,2024,2024-01
C01424,2025-12-11,medium,Pune,organic,28,male,2025,2025-12
C01425,2025-02-04,low,Kolkata,organic,38,female,2025,2025-02
C01426,2024-03-26,medium,Chennai,organic,42,male,2024,2024-03
C01427,2024-09-06,medium,Ahmedabad,ads,25,male,2024,2024-09
C01428,2025-01-25,high,Pune,organic,26,female,2025,2025-01
C01429,2024-11-30,low,Pune,organic,18,male,2024,2024-11
C01430,2025-09-20,medium,Jaipur,ads,37,male,2025,2025-09
C01431,2025-06-02,low,Pune,referral,27,female,2025,2025-06
C01432,2024-05-16,low,Ahmedabad,referral,51,male,2024,2024-05
C01433,2025-11-18,low,Chennai,ads,39,female,2025,2025-11
C01434,2025-05-12,medium,Hyderabad,organic,33,female,2025,2025-05
C01435,2025-12-27,medium,Bangalore,ads,28,female,2025,2025-12
C01436,2025-04-21,low,Delhi,organic,20,female,2025,2025-04
C01437,2025-08-16,high,Mumbai,ads,21,female,2025,2025-08
C01438,2024-08-10,medium,Bhubaneswar,ads,28,male,2024,2024-08
C01439,2025-01-06,high,Delhi,ads,28,female,2025,2025-01
C01440,2025-02-05,medium,Jaipur,referral,25,female,2025,2025-02
C01441,2025-03-18,high,Pune,ads,38,male,2025,2025-03
C01442,2025-05-04,high,Chennai,ads,40,female,2025,2025-05
C01443,2025-09-06,medium,Hyderabad,organic,30,male,2025,2025-09
C01444,2024-09-29,medium,Bhubaneswar,referral,54,male,2024,2024-09
C01445,2025-06-09,medium,Kolkata,organic,18,male,2025,2025-06
C01446,2024-06-07,high,Hyderabad,referral,35,male,2024,2024-06
C01447,2024-05-31,medium,Bangalore,organic,32,other,2024,2024-05
C01448,2025-09-11,high,Pune,organic,29,female,2025,2025-09
C01449,2024-07-06,medium,Mumbai,referral,28,female,2024,2024-07
C01450,2024-04-07,medium,Bhubaneswar,organic,34,female,2024,2024-04
C01451,2024-05-10,medium,Pune,referral,32,female,2024,2024-05
C01452,2024-06-19,low,Bhubaneswar,organic,31,female,2024,2024-06
C01453,2024-07-01,medium,Mumbai,referral,22,female,2024,2024-07
C01454,2024-12-29,low,Bangalore,ads,18,male,2024,2024-12
C01455,2024-02-08,medium,Kolkata,ads,32,male,2024,2024-02
C01456,2025-06-10,medium,Ahmedabad,organic,30,female,2025,2025-06
C01457,2025-05-11,medium,Chennai,organic,33,other,2025,2025-05
C01458,2025-05-30,high,Hyderabad,referral,33,female,2025,2025-05
C01459,2024-12-14,medium,Delhi,organic,29,female,2024,2024-12
C01460,2025-01-31,medium,Kolkata,organic,32,female,2025,2025-01
C01461,2025-12-22,medium,Kolkata,ads,26,female,2025,2025-12
C01462,2024-06-09,high,Jaipur,ads,50,female,2024,2024-06
C01463,2024-01-16,high,Bhubaneswar,organic,27,male,2024,2024-01
C01464,2025-05-07,low,Bhubaneswar,organic,31,male,2025,2025-05
C01465,2025-03-01,medium,Jaipur,organic,27,female,2025,2025-03
C01466,2024-04-17,high,Hyderabad,referral,27,male,2024,2024-04
C01467,2025-03-25,medium,Bhubaneswar,organic,35,male,2025,2025-03
C01468,2024-11-06,medium,Ahmedabad,referral,33,female,2024,2024-11
C01469,2024-06-18,low,Chennai,organic,30,male,2024,2024-06
C01470,2025-06-29,high,Delhi,organic,32,female,2025,2025-06
C01471,2025-02-17,medium,Delhi,ads,27,female,2025,2025-02
C01472,2024-09-07,low,Mumbai,organic,39,female,2024,2024-09
C01473,2024-05-20,high,Mumbai,ads,55,female,2024,2024-05
C01474,2024-09-30,medium,Chennai,referral,26,female,2024,2024-09
C01475,2025-02-19,low,Pune,organic,38,male,2025,2025-02
C01476,2025-08-30,medium,Pune,ads,35,male,2025,2025-08
C01477,2024-02-08,medium,Kolkata,organic,41,female,2024,2024-02
C01478,2024-01-29,high,Kolkata,organic,41,female,2024,2024-01
C01479,2025-04-21,high,Jaipur,organic,37,male,2025,2025-04
C01480,2024-11-13,medium,Bangalore,referral,34,female,2024,2024-11
C01481,2024-09-01,low,Mumbai,organic,30,female,2024,2024-09
C01482,2025-11-27,medium,Bangalore,referral,27,male,2025,2025-11
C01483,2024-09-28,low,Bhubaneswar,ads,34,female,2024,2024-09
C01484,2025-03-15,low,Delhi,organic,22,male,2025,2025-03
C01485,2024-08-26,medium,Kolkata,ads,29,male,2024,2024-08
C01486,2025-01-11,high,Pune,referral,46,female,2025,2025-01
C01487,2024-09-22,medium,Chennai,ads,35,female,2024,2024-09
C01488,2024-12-24,low,Mumbai,ads,43,male,2024,2024-12
C01489,2024-12-05,low,Delhi,referral,49,female,2024,2024-12
C01490,2025-01-23,high,Hyderabad,organic,33,male,2025,2025-01
C01491,2025-07-30,medium,Chennai,referral,37,male,2025,2025-07
C01492,2025-11-19,medium,Bangalore,referral,31,male,2025,2025-11
C01493,2024-01-03,low,Ahmedabad,ads,26,male,2024,2024-01
C01494,2025-03-04,high,Bangalore,referral,25,male,2025,2025-03
C01495,2024-05-21,medium,Mumbai,ads,43,female,2024,2024-05
C01496,2025-01-10,low,Chennai,ads,37,male,2025,2025-01
C01497,2025-10-31,medium,Ahmedabad,ads,53,male,2025,2025-10
C01498,2024-11-19,medium,Bhubaneswar,organic,44,female,2024,2024-11
C01499,2024-05-25,high,Hyderabad,ads,27,male,2024,2024-05
C01500,2024-10-19,medium,Bangalore,organic,43,female,2024,2024-10
C01501,2025-10-26,medium,Hyderabad,ads,31,male,2025,2025-10
C01502,2025-03-07,low,Chennai,organic,47,male,2025,2025-03
C01503,2025-12-05,medium,Delhi,organic,30,female,2025,2025-12
C01504,2025-08-07,medium,Chennai,organic,24,male,2025,2025-08
C01505,2025-02-02,medium,Pune,referral,27,male,2025,2025-02
C01506,2024-12-09,high,Ahmedabad,organic,27,male,2024,2024-12
C01507,2024-05-19,medium,Delhi,ads,26,male,2024,2024-05
C01508,2024-07-05,low,Bangalore,organic,29,female,2024,2024-07
C01509,2024-03-01,low,Bhubaneswar,ads,43,male,2024,2024-03
C01510,2025-01-14,medium,Hyderabad,organic,52,female,2025,2025-01
C01511,2025-12-10,medium,Chennai,organic,21,female,2025,2025-12
C01512,2025-03-15,high,Jaipur,ads,47,male,2025,2025-03
C01513,2024-11-14,low,Mumbai,ads,30,female,2024,2024-11
C01514,2024-10-28,high,Bangalore,organic,38,female,2024,2024-10
C01515,2024-12-09,low,Mumbai,ads,18,female,2024,2024-12
C01516,2024-01-11,medium,Delhi,referral,40,male,2024,2024-01
C01517,2024-03-02,low,Pune,organic,18,female,2024,2024-03
C01518,2024-08-13,low,Bangalore,organic,38,male,2024,2024-08
C01519,2024-06-01,low,Pune,ads,37,female,2024,2024-06
C01520,2025-12-11,medium,Pune,organic,36,male,2025,2025-12
C01521,2025-07-17,medium,Bhubaneswar,referral,27,female,2025,2025-07
C01522,2025-07-24,medium,Delhi,ads,40,male,2025,2025-07
C01523,2025-08-06,low,Chennai,ads,38,female,2025,2025-08
C01524,2025-10-21,high,Jaipur,ads,32,male,2025,2025-10
C01525,2025-07-28,low,Ahmedabad,ads,41,female,2025,2025-07
C01526,2024-11-05,low,Pune,organic,34,female,2024,2024-11
C01527,2024-08-30,medium,Delhi,referral,40,male,2024,2024-08
C01528,2025-05-07,low,Bhubaneswar,ads,33,female,2025,2025-05
C01529,2024-12-31,medium,Bangalore,organic,37,male,2024,2024-12
C01530,2024-11-25,medium,Kolkata,ads,40,other,2024,2024-11
C01531,2024-04-16,medium,Kolkata,organic,31,other,2024,2024-04
C01532,2024-08-13,medium,Jaipur,organic,22,male,2024,2024-08
C01533,2024-08-05,low,Bhubaneswar,ads,37,female,2024,2024-08
C01534,2025-05-20,medium,Delhi,ads,46,male,2025,2025-05
C01535,2024-09-15,medium,Bhubaneswar,ads,37,male,2024,2024-09
C01536,2025-05-31,medium,Ahmedabad,organic,38,male,2025,2025-05
C01537,2024-02-23,low,Ahmedabad,ads,34,male,2024,2024-02
C01538,2024-02-16,high,Chennai,organic,42,female,2024,2024-02
C01539,2025-12-27,low,Kolkata,ads,33,male,2025,2025-12
C01540,2025-11-19,medium,Kolkata,ads,30,female,2025,2025-11
C01541,2025-06-04,medium,Ahmedabad,ads,46,male,2025,2025-06
C01542,2024-04-08,medium,Bhubaneswar,referral,29,other,2024,2024-04
C01543,2024-01-20,medium,Jaipur,referral,43,male,2024,2024-01
C01544,2025-07-26,low,Jaipur,referral,46,male,2025,2025-07
C01545,2025-05-04,medium,Pune,referral,40,female,2025,2025-05
C01546,2025-02-22,low,Bangalore,ads,22,female,2025,2025-02
C01547,2025-11-20,high,Kolkata,referral,35,female,2025,2025-11
C01548,2024-03-02,medium,Ahmedabad,referral,32,female,2024,2024-03
C01549,2024-05-24,low,Bhubaneswar,ads,30,male,2024,2024-05
C01550,2024-08-03,low,Delhi,organic,36,male,2024,2024-08
C01551,2024-01-03,medium,Bangalore,organic,42,female,2024,2024-01
C01552,2024-06-08,medium,Jaipur,referral,30,male,2024,2024-06
C01553,2024-04-29,medium,Mumbai,ads,33,male,2024,2024-04
C01554,2024-03-29,medium,Mumbai,referral,32,female,2024,2024-03
C01555,2024-11-24,low,Bhubaneswar,organic,46,female,2024,2024-11
C01556,2025-08-02,low,Hyderabad,organic,32,female,2025,2025-08
C01557,2024-12-22,medium,Hyderabad,ads,22,male,2024,2024-12
C01558,2025-09-01,low,Kolkata,referral,19,female,2025,2025-09
C01559,2024-09-23,medium,Delhi,organic,38,male,2024,2024-09
C01560,2025-09-08,medium,Pune,referral,27,male,2025,2025-09
C01561,2024-11-18,medium,Bhubaneswar,ads,41,female,2024,2024-11
C01562,2025-09-26,medium,Mumbai,organic,21,female,2025,2025-09
C01563,2025-06-24,medium,Mumbai,organic,29,female,2025,2025-06
C01564,2025-10-10,medium,Delhi,organic,21,male,2025,2025-10
C01565,2024-07-13,medium,Kolkata,organic,39,female,2024,2024-07
C01566,2024-11-27,high,Hyderabad,ads,41,male,2024,2024-11
C01567,2024-06-18,low,Chennai,organic,38,female,2024,2024-06
C01568,2025-06-04,medium,Kolkata,organic,24,male,2025,2025-06
C01569,2025-04-07,high,Kolkata,referral,27,male,2025,2025-04
C01570,2024-02-09,low,Jaipur,ads,37,male,2024,2024-02
C01571,2025-06-20,low,Pune,ads,18,male,2025,2025-06
C01572,2024-09-17,low,Pune,organic,32,female,2024,2024-09
C01573,2025-01-29,medium,Mumbai,referral,50,female,2025,2025-01
C01574,2024-08-13,high,Pune,referral,33,male,2024,2024-08
C01575,2024-05-03,medium,Mumbai,ads,20,female,2024,2024-05
C01576,2024-02-07,high,Kolkata,referral,28,female,2024,2024-02
C01577,2024-11-23,low,Delhi,referral,28,female,2024,2024-11
C01578,2024-09-07,high,Chennai,ads,56,male,2024,2024-09
C01579,2024-06-24,medium,Delhi,ads,51,other,2024,2024-06
C01580,2025-08-24,medium,Kolkata,organic,42,male,2025,2025-08
C01581,2025-03-29,medium,Ahmedabad,organic,31,female,2025,2025-03
C01582,2024-02-06,low,Bhubaneswar,organic,47,female,2024,2024-02
C01583,2024-11-11,medium,Hyderabad,organic,23,male,2024,2024-11
C01584,2025-11-18,high,Bhubaneswar,organic,45,female,2025,2025-11
C01585,2025-08-15,medium,Chennai,referral,44,male,2025,2025-08
C01586,2024-04-23,medium,Pune,organic,33,male,2024,2024-04
C01587,2024-02-09,high,Bhubaneswar,referral,46,male,2024,2024-02
C01588,2024-10-27,medium,Pune,ads,30,other,2024,2024-10
C01589,2024-08-11,medium,Kolkata,organic,22,female,2024,2024-08
C01590,2024-11-13,low,Chennai,ads,44,male,2024,2024-11
C01591,2024-12-14,low,Jaipur,organic,34,male,2024,2024-12
C01592,2024-04-24,low,Hyderabad,referral,41,male,2024,2024-04
C01593,2025-11-28,low,Hyderabad,referral,53,female,2025,2025-11
C01594,2024-11-18,medium,Ahmedabad,organic,27,female,2024,2024-11
C01595,2025-07-21,high,Jaipur,referral,33,other,2025,2025-07
C01596,2024-02-09,medium,Mumbai,ads,50,female,2024,2024-02
C01597,2024-02-09,low,Hyderabad,organic,41,female,2024,2024-02
C01598,2024-10-15,low,Bangalore,ads,28,male,2024,2024-10
C01599,2024-09-18,low,Mumbai,ads,25,male,2024,2024-09
C01600,2024-08-03,high,Hyderabad,organic,29,female,2024,2024-08
C01601,2024-05-26,low,Kolkata,ads,27,female,2024,2024-05
C01602,2024-12-01,medium,Chennai,organic,37,female,2024,2024-12
C01603,2024-06-16,high,Chennai,ads,35,male,2024,2024-06
C01604,2024-04-01,medium,Bangalore,organic,37,male,2024,2024-04
C01605,2024-12-18,high,Kolkata,referral,26,male,2024,2024-12
C01606,2025-07-24,medium,Bangalore,ads,34,other,2025,2025-07
C01607,2025-07-24,medium,Pune,organic,18,female,2025,2025-07
C01608,2025-11-11,medium,Delhi,organic,36,male,2025,2025-11
C01609,2024-12-28,medium,Hyderabad,organic,46,female,2024,2024-12
C01610,2025-07-10,low,Kolkata,ads,20,male,2025,2025-07
C01611,2024-12-10,medium,Delhi,organic,39,male,2024,2024-12
C01612,2025-11-23,medium,Delhi,referral,28,male,2025,2025-11
C01613,2024-06-18,low,Chennai,referral,43,female,2024,2024-06
C01614,2024-12-21,low,Chennai,ads,36,female,2024,2024-12
C01615,2024-07-09,high,Jaipur,organic,39,female,2024,2024-07
C01616,2025-10-28,medium,Pune,organic,35,female,2025,2025-10
C01617,2025-02-25,medium,Kolkata,ads,48,male,2025,2025-02
C01618,2025-11-30,high,Ahmedabad,ads,38,male,2025,2025-11
C01619,2024-01-07,medium,Kolkata,ads,27,female,2024,2024-01
C01620,2024-05-12,low,Pune,ads,35,female,2024,2024-05
C01621,2025-07-10,high,Chennai,organic,31,male,2025,2025-07
C01622,2024-01-31,low,Chennai,referral,36,male,2024,2024-01
C01623,2025-06-18,low,Hyderabad,organic,30,male,2025,2025-06
C01624,2025-03-01,low,Bhubaneswar,ads,28,male,2025,2025-03
C01625,2025-01-28,medium,Chennai,ads,36,male,2025,2025-01
C01626,2025-11-02,low,Bangalore,organic,35,female,2025,2025-11
C01627,2024-12-28,medium,Hyderabad,ads,45,female,2024,2024-12
C01628,2025-03-12,medium,Mumbai,referral,30,male,2025,2025-03
C01629,2025-10-31,high,Bhubaneswar,ads,18,female,2025,2025-10
C01630,2025-07-04,high,Bhubaneswar,organic,31,female,2025,2025-07
C01631,2024-03-22,low,Bangalore,organic,18,male,2024,2024-03
C01632,2024-12-21,medium,Bhubaneswar,organic,39,female,2024,2024-12
C01633,2024-09-14,medium,Ahmedabad,organic,18,male,2024,2024-09
C01634,2025-12-18,high,Chennai,referral,25,female,2025,2025-12
C01635,2025-08-11,medium,Chennai,ads,31,male,2025,2025-08
C01636,2025-06-07,high,Hyderabad,organic,50,male,2025,2025-06
C01637,2024-10-21,low,Pune,referral,24,female,2024,2024-10
C01638,2024-08-11,high,Bangalore,ads,35,male,2024,2024-08
C01639,2025-06-08,high,Chennai,organic,40,male,2025,2025-06
C01640,2024-02-15,medium,Delhi,organic,49,male,2024,2024-02
C01641,2025-10-28,medium,Jaipur,organic,42,male,2025,2025-10
C01642,2024-04-22,medium,Chennai,referral,45,female,2024,2024-04
C01643,2024-08-20,medium,Kolkata,ads,43,male,2024,2024-08
C01644,2024-01-17,low,Delhi,referral,22,male,2024,2024-01
C01645,2024-12-25,medium,Pune,organic,38,male,2024,2024-12
C01646,2024-08-10,high,Delhi,referral,43,male,2024,2024-08
C01647,2025-11-30,medium,Bhubaneswar,organic,25,female,2025,2025-11
C01648,2025-03-23,low,Jaipur,referral,29,male,2025,2025-03
C01649,2024-12-30,medium,Mumbai,referral,26,female,2024,2024-12
C01650,2025-11-05,high,Jaipur,organic,42,female,2025,2025-11
C01651,2024-11-21,low,Chennai,ads,34,male,2024,2024-11
C01652,2025-04-11,medium,Hyderabad,ads,31,female,2025,2025-04
C01653,2025-02-17,medium,Ahmedabad,referral,22,female,2025,2025-02
C01654,2025-03-30,high,Pune,organic,34,male,2025,2025-03
C01655,2025-08-08,high,Hyderabad,ads,29,male,2025,2025-08
C01656,2024-08-20,medium,Chennai,referral,37,male,2024,2024-08
C01657,2024-08-11,medium,Hyderabad,ads,23,male,2024,2024-08
C01658,2025-02-15,medium,Kolkata,organic,36,male,2025,2025-02
C01659,2025-07-25,medium,Delhi,referral,30,female,2025,2025-07
C01660,2024-11-30,medium,Ahmedabad,organic,22,female,2024,2024-11
C01661,2024-08-09,low,Chennai,ads,21,female,2024,2024-08
C01662,2024-02-06,low,Bhubaneswar,organic,23,female,2024,2024-02
C01663,2024-10-04,low,Pune,organic,32,female,2024,2024-10
C01664,2024-07-14,high,Bhubaneswar,ads,36,female,2024,2024-07
C01665,2025-04-28,high,Delhi,ads,37,other,2025,2025-04
C01666,2024-08-29,medium,Ahmedabad,ads,38,male,2024,2024-08
C01667,2024-11-19,high,Delhi,ads,27,male,2024,2024-11
C01668,2025-12-31,low,Bangalore,organic,45,male,2025,2025-12
C01669,2024-07-10,high,Bhubaneswar,organic,30,female,2024,2024-07
C01670,2024-01-17,medium,Delhi,ads,39,male,2024,2024-01
C01671,2025-06-07,medium,Delhi,organic,33,male,2025,2025-06
C01672,2025-02-04,medium,Hyderabad,ads,38,female,2025,2025-02
C01673,2025-12-05,high,Chennai,ads,32,female,2025,2025-12
C01674,2024-01-22,medium,Hyderabad,referral,38,other,2024,2024-01
C01675,2025-04-18,medium,Bangalore,ads,34,female,2025,2025-04
C01676,2024-04-29,low,Jaipur,organic,43,male,2024,2024-04
C01677,2024-07-28,high,Jaipur,referral,26,female,2024,2024-07
C01678,2024-11-01,low,Hyderabad,referral,18,female,2024,2024-11
C01679,2024-09-26,low,Mumbai,ads,25,female,2024,2024-09
C01680,2025-12-04,medium,Bhubaneswar,referral,45,female,2025,2025-12
C01681,2025-11-17,low,Hyderabad,ads,33,male,2025,2025-11
C01682,2024-10-11,high,Kolkata,ads,35,male,2024,2024-10
C01683,2025-12-16,low,Kolkata,organic,24,female,2025,2025-12
C01684,2025-11-06,medium,Pune,ads,35,male,2025,2025-11
C01685,2024-08-14,medium,Bangalore,organic,24,male,2024,2024-08
C01686,2025-01-15,medium,Bangalore,organic,26,female,2025,2025-01
C01687,2025-04-04,high,Hyderabad,organic,30,male,2025,2025-04
C01688,2024-01-07,low,Ahmedabad,organic,39,female,2024,2024-01
C01689,2024-01-29,high,Delhi,organic,40,male,2024,2024-01
C01690,2024-02-02,medium,Chennai,ads,40,male,2024,2024-02
C01691,2025-10-07,medium,Delhi,organic,19,other,2025,2025-10
C01692,2024-03-19,low,Delhi,referral,34,male,2024,2024-03
C01693,2025-04-03,medium,Bangalore,organic,33,female,2025,2025-04
C01694,2025-07-23,medium,Bangalore,ads,19,male,2025,2025-07
C01695,2025-06-21,medium,Kolkata,organic,35,female,2025,2025-06
C01696,2025-04-26,low,Bangalore,organic,32,male,2025,2025-04
C01697,2025-03-05,high,Hyderabad,organic,40,female,2025,2025-03
C01698,2024-10-11,high,Kolkata,ads,35,male,2024,2024-10
C01699,2025-05-30,medium,Bhubaneswar,ads,29,female,2025,2025-05
C01700,2024-04-08,low,Delhi,organic,44,male,2024,2024-04
C01701,2025-01-31,high,Bhubaneswar,organic,18,male,2025,2025-01
C01702,2025-05-03,medium,Delhi,organic,34,female,2025,2025-05
C01703,2024-02-08,medium,Delhi,referral,18,female,2024,2024-02
C01704,2024-09-27,low,Pune,ads,25,female,2024,2024-09
C01705,2024-06-05,low,Delhi,organic,40,female,2024,2024-06
C01706,2024-03-15,medium,Ahmedabad,organic,22,male,2024,2024-03
C01707,2024-05-09,medium,Bhubaneswar,referral,20,male,2024,2024-05
C01708,2025-11-17,medium,Delhi,organic,58,female,2025,2025-11
C01709,2024-03-24,high,Mumbai,ads,21,male,2024,2024-03
C01710,2024-01-22,medium,Mumbai,organic,51,male,2024,2024-01
C01711,2025-04-03,medium,Mumbai,ads,33,female,2025,2025-04
C01712,2025-06-22,medium,Hyderabad,referral,29,male,2025,2025-06
C01713,2025-12-07,low,Kolkata,referral,40,female,2025,2025-12
C01714,2025-01-16,medium,Bhubaneswar,ads,48,male,2025,2025-01
C01715,2025-03-15,medium,Delhi,ads,23,female,2025,2025-03
C01716,2025-08-26,medium,Jaipur,ads,29,male,2025,2025-08
C01717,2024-01-21,medium,Kolkata,organic,43,male,2024,2024-01
C01718,2024-10-29,medium,Jaipur,referral,37,female,2024,2024-10
C01719,2024-03-24,medium,Chennai,ads,46,male,2024,2024-03
C01720,2025-10-20,medium,Ahmedabad,ads,40,male,2025,2025-10
C01721,2025-03-28,low,Chennai,organic,53,female,2025,2025-03
C01722,2025-01-21,low,Bangalore,ads,36,female,2025,2025-01
C01723,2025-05-21,medium,Kolkata,referral,37,male,2025,2025-05
C01724,2024-09-13,high,Jaipur,ads,38,male,2024,2024-09
C01725,2025-07-23,medium,Pune,organic,33,female,2025,2025-07
C01726,2025-06-10,medium,Delhi,organic,43,male,2025,2025-06
C01727,2024-06-10,high,Hyderabad,organic,37,female,2024,2024-06
C01728,2024-06-11,low,Bhubaneswar,referral,42,male,2024,2024-06
C01729,2025-06-07,low,Delhi,referral,44,female,2025,2025-06
C01730,2024-09-27,low,Bhubaneswar,referral,39,male,2024,2024-09
C01731,2025-05-06,high,Pune,ads,40,male,2025,2025-05
C01732,2024-07-26,low,Delhi,ads,24,male,2024,2024-07
C01733,2025-06-22,low,Ahmedabad,ads,29,male,2025,2025-06
C01734,2025-08-06,medium,Bangalore,ads,43,male,2025,2025-08
C01735,2024-02-29,medium,Mumbai,ads,49,male,2024,2024-02
C01736,2025-03-05,low,Pune,ads,18,female,2025,2025-03
C01737,2025-10-18,medium,Bangalore,ads,29,male,2025,2025-10
C01738,2025-08-27,medium,Delhi,organic,35,other,2025,2025-08
C01739,2024-11-04,medium,Jaipur,organic,26,male,2024,2024-11
C01740,2025-06-03,medium,Bangalore,referral,26,female,2025,2025-06
C01741,2025-08-13,high,Hyderabad,referral,39,female,2025,2025-08
C01742,2024-01-27,low,Bangalore,ads,50,female,2024,2024-01
C01743,2025-11-16,medium,Chennai,organic,18,male,2025,2025-11
C01744,2025-07-15,medium,Ahmedabad,referral,33,female,2025,2025-07
C01745,2024-07-17,high,Pune,ads,39,male,2024,2024-07
C01746,2025-01-21,medium,Mumbai,ads,42,male,2025,2025-01
C01747,2024-12-14,high,Delhi,ads,38,female,2024,2024-12
C01748,2025-11-23,high,Pune,ads,52,male,2025,2025-11
C01749,2025-06-19,medium,Kolkata,ads,35,male,2025,2025-06
C01750,2025-01-12,medium,Pune,referral,48,male,2025,2025-01
C01751,2025-07-11,medium,Hyderabad,organic,28,male,2025,2025-07
C01752,2025-06-10,high,Pune,organic,35,male,2025,2025-06
C01753,2024-06-01,medium,Kolkata,organic,22,female,2024,2024-06
C01754,2024-07-24,high,Bangalore,organic,44,male,2024,2024-07
C01755,2025-03-30,low,Chennai,organic,33,female,2025,2025-03
C01756,2024-09-29,medium,Bangalore,organic,38,female,2024,2024-09
C01757,2024-08-23,medium,Bangalore,organic,31,female,2024,2024-08
C01758,2025-06-04,medium,Kolkata,organic,40,female,2025,2025-06
C01759,2025-11-08,high,Bhubaneswar,organic,38,female,2025,2025-11
C01760,2025-12-26,low,Mumbai,organic,25,male,2025,2025-12
C01761,2025-05-15,medium,Kolkata,ads,25,male,2025,2025-05
C01762,2024-04-26,medium,Bangalore,ads,34,female,2024,2024-04
C01763,2025-01-20,medium,Pune,organic,41,other,2025,2025-01
C01764,2024-12-09,high,Mumbai,ads,53,female,2024,2024-12
C01765,2025-08-06,low,Delhi,referral,38,male,2025,2025-08
C01766,2025-01-29,medium,Jaipur,referral,45,male,2025,2025-01
C01767,2024-03-04,medium,Delhi,organic,18,female,2024,2024-03
C01768,2025-12-17,high,Hyderabad,ads,55,female,2025,2025-12
C01769,2025-12-21,high,Bangalore,organic,41,female,2025,2025-12
C01770,2024-03-12,low,Pune,organic,34,female,2024,2024-03
C01771,2024-09-30,medium,Bhubaneswar,organic,33,female,2024,2024-09
C01772,2024-11-15,medium,Chennai,organic,23,male,2024,2024-11
C01773,2024-12-03,high,Chennai,ads,26,female,2024,2024-12
C01774,2024-12-31,medium,Mumbai,ads,54,male,2024,2024-12
C01775,2025-05-09,medium,Bhubaneswar,ads,25,female,2025,2025-05
C01776,2025-08-29,medium,Jaipur,organic,24,male,2025,2025-08
C01777,2024-06-14,medium,Delhi,organic,27,male,2024,2024-06
C01778,2025-06-27,medium,Jaipur,organic,23,male,2025,2025-06
C01779,2024-01-11,medium,Ahmedabad,organic,35,female,2024,2024-01
C01780,2024-10-27,low,Delhi,referral,45,female,2024,2024-10
C01781,2025-12-29,high,Delhi,ads,28,male,2025,2025-12
C01782,2024-04-11,medium,Delhi,referral,21,female,2024,2024-04
C01783,2025-02-28,medium,Pune,ads,37,female,2025,2025-02
C01784,2025-01-26,medium,Kolkata,ads,34,female,2025,2025-01
C01785,2024-08-01,medium,Pune,organic,45,female,2024,2024-08
C01786,2025-11-21,low,Chennai,ads,30,male,2025,2025-11
C01787,2024-03-28,medium,Pune,ads,32,male,2024,2024-03
C01788,2025-07-06,medium,Jaipur,referral,33,male,2025,2025-07
C01789,2025-02-04,medium,Pune,ads,35,female,2025,2025-02
C01790,2025-08-10,high,Kolkata,organic,31,male,2025,2025-08
C01791,2024-02-15,high,Mumbai,ads,29,male,2024,2024-02
C01792,2025-11-02,low,Bhubaneswar,referral,18,male,2025,2025-11
C01793,2025-04-07,high,Mumbai,ads,29,male,2025,2025-04
C01794,2025-08-14,medium,Ahmedabad,ads,42,female,2025,2025-08
C01795,2024-11-05,medium,Chennai,organic,43,female,2024,2024-11
C01796,2024-03-26,medium,Ahmedabad,ads,30,male,2024,2024-03
C01797,2024-04-01,medium,Ahmedabad,organic,47,female,2024,2024-04
C01798,2025-10-21,medium,Bhubaneswar,organic,34,female,2025,2025-10
C01799,2025-11-03,high,Bhubaneswar,ads,21,female,2025,2025-11
C01800,2025-12-14,medium,Kolkata,organic,18,male,2025,2025-12
C01801,2024-08-29,medium,Kolkata,ads,47,male,2024,2024-08
C01802,2024-01-02,medium,Mumbai,referral,31,female,2024,2024-01
C01803,2024-08-12,medium,Kolkata,organic,22,female,2024,2024-08
C01804,2025-08-11,medium,Kolkata,ads,18,male,2025,2025-08
C01805,2024-04-25,high,Hyderabad,ads,31,female,2024,2024-04
C01806,2025-10-27,medium,Bangalore,organic,39,female,2025,2025-10
C01807,2024-04-12,high,Mumbai,ads,28,male,2024,2024-04
C01808,2024-07-12,low,Bhubaneswar,ads,24,male,2024,2024-07
C01809,2024-06-14,medium,Mumbai,ads,29,male,2024,2024-06
C01810,2024-03-30,medium,Bhubaneswar,referral,47,female,2024,2024-03
C01811,2025-11-16,medium,Pune,ads,21,other,2025,2025-11
C01812,2024-05-01,high,Bangalore,referral,28,female,2024,2024-05
C01813,2024-05-22,medium,Hyderabad,ads,47,female,2024,2024-05
C01814,2024-04-15,high,Hyderabad,organic,39,female,2024,2024-04
C01815,2025-03-03,high,Jaipur,ads,36,male,2025,2025-03
C01816,2024-10-31,medium,Chennai,organic,28,male,2024,2024-10
C01817,2024-11-12,medium,Bhubaneswar,ads,35,male,2024,2024-11
C01818,2025-09-26,low,Chennai,ads,29,female,2025,2025-09
C01819,2024-01-09,medium,Pune,ads,26,female,2024,2024-01
C01820,2024-03-13,medium,Hyderabad,organic,24,male,2024,2024-03
C01821,2024-12-24,medium,Pune,ads,42,male,2024,2024-12
C01822,2024-08-10,high,Ahmedabad,organic,34,female,2024,2024-08
C01823,2025-02-19,medium,Bangalore,ads,38,male,2025,2025-02
C01824,2025-07-06,medium,Jaipur,ads,36,female,2025,2025-07
C01825,2025-01-04,medium,Pune,referral,39,male,2025,2025-01
C01826,2025-12-16,medium,Jaipur,organic,32,female,2025,2025-12
C01827,2024-09-20,low,Bangalore,ads,30,female,2024,2024-09
C01828,2025-11-20,low,Mumbai,ads,26,male,2025,2025-11
C01829,2024-11-13,medium,Pune,referral,20,female,2024,2024-11
C01830,2024-03-24,medium,Kolkata,ads,23,male,2024,2024-03
C01831,2024-11-13,medium,Delhi,organic,31,male,2024,2024-11
C01832,2024-04-20,medium,Hyderabad,ads,18,male,2024,2024-04
C01833,2024-09-07,medium,Hyderabad,ads,21,female,2024,2024-09
C01834,2025-01-17,medium,Hyderabad,ads,45,male,2025,2025-01
C01835,2024-01-07,low,Mumbai,referral,37,male,2024,2024-01
C01836,2025-04-03,medium,Delhi,organic,30,female,2025,2025-04
C01837,2024-03-24,medium,Bangalore,referral,57,male,2024,2024-03
C01838,2024-07-26,medium,Mumbai,organic,18,male,2024,2024-07
C01839,2025-01-24,low,Hyderabad,referral,44,male,2025,2025-01
C01840,2024-11-09,medium,Hyderabad,referral,33,female,2024,2024-11
C01841,2024-01-22,medium,Chennai,ads,42,other,2024,2024-01
C01842,2025-02-13,medium,Jaipur,ads,36,male,2025,2025-02
C01843,2025-05-29,low,Jaipur,organic,18,female,2025,2025-05
C01844,2024-05-06,high,Chennai,organic,35,male,2024,2024-05
C01845,2025-11-30,low,Ahmedabad,organic,38,female,2025,2025-11
C01846,2024-01-14,medium,Chennai,organic,18,male,2024,2024-01
C01847,2024-01-12,medium,Jaipur,ads,54,male,2024,2024-01
C01848,2024-03-27,medium,Hyderabad,organic,38,female,2024,2024-03
C01849,2025-06-07,medium,Kolkata,referral,41,male,2025,2025-06
C01850,2025-06-20,high,Jaipur,ads,23,male,2025,2025-06
C01851,2024-10-27,low,Delhi,ads,41,female,2024,2024-10
C01852,2024-08-30,medium,Kolkata,ads,45,other,2024,2024-08
C01853,2024-05-01,medium,Mumbai,organic,37,male,2024,2024-05
C01854,2024-05-26,high,Jaipur,organic,34,female,2024,2024-05
C01855,2025-07-20,medium,Bangalore,organic,26,female,2025,2025-07
C01856,2024-12-21,medium,Pune,ads,32,male,2024,2024-12
C01857,2025-11-15,medium,Pune,ads,29,female,2025,2025-11
C01858,2025-09-22,medium,Delhi,organic,40,female,2025,2025-09
C01859,2024-11-04,medium,Bhubaneswar,referral,26,female,2024,2024-11
C01860,2025-11-25,low,Pune,organic,40,male,2025,2025-11
C01861,2024-10-14,medium,Delhi,ads,26,male,2024,2024-10
C01862,2024-11-02,low,Bhubaneswar,ads,32,female,2024,2024-11
C01863,2025-08-16,high,Mumbai,ads,41,male,2025,2025-08
C01864,2025-12-23,medium,Bhubaneswar,referral,27,male,2025,2025-12
C01865,2025-10-23,medium,Bangalore,ads,41,male,2025,2025-10
C01866,2025-07-02,medium,Jaipur,ads,40,male,2025,2025-07
C01867,2024-12-17,low,Pune,organic,32,male,2024,2024-12
C01868,2024-11-07,high,Hyderabad,referral,46,male,2024,2024-11
C01869,2024-02-28,high,Chennai,ads,35,male,2024,2024-02
C01870,2025-10-04,low,Jaipur,organic,46,male,2025,2025-10
C01871,2025-12-14,medium,Mumbai,ads,52,female,2025,2025-12
C01872,2024-02-04,medium,Mumbai,organic,32,male,2024,2024-02
C01873,2025-03-20,medium,Delhi,organic,41,female,2025,2025-03
C01874,2024-04-02,low,Ahmedabad,referral,28,female,2024,2024-04
C01875,2024-07-25,high,Bhubaneswar,ads,24,female,2024,2024-07
C01876,2024-12-18,high,Bhubaneswar,organic,33,female,2024,2024-12
C01877,2024-11-27,medium,Delhi,ads,21,male,2024,2024-11
C01878,2025-12-25,low,Chennai,referral,25,male,2025,2025-12
C01879,2024-06-07,medium,Hyderabad,organic,40,male,2024,2024-06
C01880,2024-01-24,medium,Mumbai,ads,29,male,2024,2024-01
C01881,2025-02-07,medium,Jaipur,ads,42,male,2025,2025-02
C01882,2025-05-30,low,Chennai,organic,37,female,2025,2025-05
C01883,2024-12-29,low,Hyderabad,ads,53,male,2024,2024-12
C01884,2025-01-16,low,Ahmedabad,organic,40,other,2025,2025-01
C01885,2025-06-15,high,Jaipur,ads,46,female,2025,2025-06
C01886,2024-05-31,high,Delhi,referral,39,female,2024,2024-05
C01887,2025-07-15,medium,Jaipur,organic,38,male,2025,2025-07
C01888,2025-11-19,low,Bangalore,referral,46,female,2025,2025-11
C01889,2025-08-30,medium,Ahmedabad,ads,41,male,2025,2025-08
C01890,2025-09-08,medium,Delhi,organic,37,male,2025,2025-09
C01891,2025-02-23,low,Delhi,ads,37,female,2025,2025-02
C01892,2024-09-06,high,Delhi,organic,40,male,2024,2024-09
C01893,2024-04-26,medium,Pune,referral,28,male,2024,2024-04
C01894,2025-05-26,medium,Chennai,ads,27,female,2025,2025-05
C01895,2025-07-31,medium,Hyderabad,ads,49,male,2025,2025-07
C01896,2024-11-30,low,Bhubaneswar,ads,53,female,2024,2024-11
C01897,2025-02-21,medium,Mumbai,ads,25,female,2025,2025-02
C01898,2024-10-21,medium,Mumbai,referral,28,male,2024,2024-10
C01899,2025-01-05,medium,Bangalore,ads,46,female,2025,2025-01
C01900,2024-07-04,medium,Bangalore,referral,40,female,2024,2024-07
C01901,2024-09-02,medium,Bangalore,ads,41,male,2024,2024-09
C01902,2025-09-28,medium,Kolkata,organic,43,male,2025,2025-09
C01903,2024-09-24,high,Bangalore,referral,32,female,2024,2024-09
C01904,2025-10-04,high,Mumbai,ads,38,female,2025,2025-10
C01905,2024-08-24,medium,Ahmedabad,ads,37,female,2024,2024-08
C01906,2025-06-13,medium,Hyderabad,referral,26,male,2025,2025-06
C01907,2025-07-05,low,Bangalore,organic,38,male,2025,2025-07
C01908,2024-01-21,low,Ahmedabad,ads,47,female,2024,2024-01
C01909,2025-06-03,low,Kolkata,organic,31,male,2025,2025-06
C01910,2024-04-09,medium,Kolkata,ads,36,female,2024,2024-04
C01911,2025-04-22,medium,Bhubaneswar,referral,37,female,2025,2025-04
C01912,2025-08-21,medium,Pune,referral,32,male,2025,2025-08
C01913,2024-10-24,high,Pune,ads,41,female,2024,2024-10
C01914,2025-06-09,high,Jaipur,ads,28,male,2025,2025-06
C01915,2024-11-29,medium,Pune,referral,48,other,2024,2024-11
C01916,2024-01-02,low,Jaipur,ads,41,male,2024,2024-01
C01917,2025-01-09,high,Chennai,organic,25,male,2025,2025-01
C01918,2024-10-19,high,Pune,ads,51,female,2024,2024-10
C01919,2025-07-06,low,Kolkata,referral,36,female,2025,2025-07
C01920,2024-11-13,medium,Bhubaneswar,referral,27,male,2024,2024-11
C01921,2025-05-16,low,Ahmedabad,ads,46,male,2025,2025-05
C01922,2025-01-15,low,Bangalore,referral,39,male,2025,2025-01
C01923,2025-09-14,low,Pune,organic,18,male,2025,2025-09
C01924,2024-01-14,medium,Jaipur,organic,29,female,2024,2024-01
C01925,2025-05-18,medium,Ahmedabad,referral,37,male,2025,2025-05
C01926,2024-08-18,medium,Delhi,organic,18,female,2024,2024-08
C01927,2024-03-24,medium,Mumbai,organic,35,female,2024,2024-03
C01928,2024-05-09,medium,Pune,ads,36,female,2024,2024-05
C01929,2024-05-24,high,Mumbai,ads,23,female,2024,2024-05
C01930,2024-01-28,medium,Pune,ads,37,male,2024,2024-01
C01931,2024-03-06,medium,Delhi,organic,35,male,2024,2024-03
C01932,2024-06-11,low,Bangalore,referral,23,other,2024,2024-06
C01933,2024-08-16,low,Chennai,referral,44,female,2024,2024-08
C01934,2024-09-17,medium,Hyderabad,organic,43,male,2024,2024-09
C01935,2025-03-24,high,Ahmedabad,ads,32,female,2025,2025-03
C01936,2025-02-27,low,Ahmedabad,ads,33,female,2025,2025-02
C01937,2025-04-04,medium,Bangalore,ads,42,female,2025,2025-04
C01938,2025-11-06,low,Bhubaneswar,organic,32,female,2025,2025-11
C01939,2024-10-27,low,Kolkata,ads,18,female,2024,2024-10
C01940,2024-10-29,high,Pune,organic,39,female,2024,2024-10
C01941,2024-10-13,low,Hyderabad,organic,26,male,2024,2024-10
C01942,2025-01-29,high,Bhubaneswar,ads,31,other,2025,2025-01
C01943,2024-01-10,medium,Hyderabad,ads,49,male,2024,2024-01
C01944,2025-12-07,medium,Kolkata,ads,33,male,2025,2025-12
C01945,2025-09-21,high,Mumbai,ads,35,female,2025,2025-09
C01946,2024-09-26,low,Pune,organic,40,female,2024,2024-09
C01947,2025-08-14,high,Kolkata,ads,40,female,2025,2025-08
C01948,2025-08-27,high,Ahmedabad,organic,25,male,2025,2025-08
C01949,2024-12-26,medium,Ahmedabad,ads,34,male,2024,2024-12
C01950,2024-09-13,low,Pune,ads,35,male,2024,2024-09
C01951,2024-05-12,low,Chennai,ads,37,male,2024,2024-05
C01952,2024-10-02,low,Bangalore,ads,37,female,2024,2024-10
C01953,2025-11-13,medium,Bangalore,ads,60,male,2025,2025-11
C01954,2025-05-27,medium,Ahmedabad,referral,23,male,2025,2025-05
C01955,2024-11-08,high,Ahmedabad,ads,44,male,2024,2024-11
C01956,2025-07-29,high,Kolkata,ads,46,female,2025,2025-07
C01957,2024-10-10,medium,Delhi,referral,39,male,2024,2024-10
C01958,2024-04-30,medium,Jaipur,ads,28,female,2024,2024-04
C01959,2024-04-16,medium,Chennai,ads,51,male,2024,2024-04
C01960,2025-11-17,low,Bhubaneswar,organic,18,male,2025,2025-11
C01961,2024-07-22,medium,Jaipur,organic,28,female,2024,2024-07
C01962,2024-06-13,high,Kolkata,ads,46,female,2024,2024-06
C01963,2024-10-31,high,Jaipur,ads,31,female,2024,2024-10
C01964,2025-05-11,low,Jaipur,ads,50,female,2025,2025-05
C01965,2025-09-23,low,Kolkata,referral,19,female,2025,2025-09
C01966,2025-07-09,low,Ahmedabad,organic,23,female,2025,2025-07
C01967,2024-06-04,high,Ahmedabad,ads,29,female,2024,2024-06
C01968,2025-01-01,low,Pune,ads,39,female,2025,2025-01
C01969,2025-12-19,medium,Jaipur,ads,32,male,2025,2025-12
C01970,2025-09-11,high,Bhubaneswar,referral,30,male,2025,2025-09
C01971,2024-09-07,low,Kolkata,organic,49,female,2024,2024-09
C01972,2024-11-29,medium,Bhubaneswar,organic,50,other,2024,2024-11
C01973,2025-10-03,medium,Hyderabad,ads,30,male,2025,2025-10
C01974,2025-05-25,high,Bangalore,ads,18,male,2025,2025-05
C01975,2024-10-19,medium,Pune,ads,18,male,2024,2024-10
C01976,2024-01-20,low,Bangalore,referral,37,female,2024,2024-01
C01977,2024-10-08,medium,Pune,organic,41,male,2024,2024-10
C01978,2024-01-01,medium,Chennai,ads,35,female,2024,2024-01
C01979,2024-04-28,high,Kolkata,ads,34,female,2024,2024-04
C01980,2024-02-04,medium,Bangalore,referral,26,other,2024,2024-02
C01981,2024-07-16,medium,Bhubaneswar,referral,41,male,2024,2024-07
C01982,2025-04-29,medium,Kolkata,ads,51,female,2025,2025-04
C01983,2024-02-28,medium,Bhubaneswar,ads,18,female,2024,2024-02
C01984,2024-06-09,high,Jaipur,organic,34,male,2024,2024-06
C01985,2025-11-21,low,Bangalore,organic,25,male,2025,2025-11
C01986,2024-07-24,medium,Jaipur,ads,20,female,2024,2024-07
C01987,2024-01-12,medium,Ahmedabad,ads,23,female,2024,2024-01
C01988,2025-05-04,medium,Hyderabad,ads,38,male,2025,2025-05
C01989,2024-10-02,medium,Chennai,ads,39,male,2024,2024-10
C01990,2025-11-23,low,Chennai,ads,49,male,2025,2025-11
C01991,2024-08-29,low,Bangalore,ads,35,other,2024,2024-08
C01992,2024-08-03,medium,Mumbai,organic,18,other,2024,2024-08
C01993,2024-09-07,low,Hyderabad,organic,32,male,2024,2024-09
C01994,2024-05-05,medium,Delhi,organic,21,male,2024,2024-05
C01995,2024-08-04,high,Pune,referral,22,female,2024,2024-08
C01996,2024-11-01,medium,Chennai,organic,40,female,2024,2024-11
C01997,2024-07-03,medium,Kolkata,referral,36,other,2024,2024-07
C01998,2024-02-08,medium,Ahmedabad,organic,40,female,2024,2024-02
C01999,2024-08-10,low,Jaipur,ads,31,male,2024,2024-08
C02000,2024-07-02,medium,Delhi,referral,42,female,2024,2024-07
C02001,2025-05-09,low,Kolkata,ads,30,male,2025,2025-05
C02002,2025-03-02,low,Bangalore,organic,46,female,2025,2025-03
C02003,2024-06-26,medium,Hyderabad,organic,38,female,2024,2024-06
C02004,2025-03-03,medium,Chennai,referral,32,female,2025,2025-03
C02005,2024-10-20,medium,Pune,ads,37,other,2024,2024-10
C02006,2024-05-30,low,Delhi,ads,34,male,2024,2024-05
C02007,2025-01-18,medium,Chennai,ads,50,male,2025,2025-01
C02008,2025-09-29,high,Mumbai,organic,37,female,2025,2025-09
C02009,2024-11-03,medium,Mumbai,organic,34,female,2024,2024-11
C02010,2024-12-01,medium,Mumbai,ads,32,female,2024,2024-12
C02011,2025-01-09,high,Ahmedabad,ads,43,other,2025,2025-01
C02012,2024-01-08,high,Jaipur,organic,42,female,2024,2024-01
C02013,2024-12-06,medium,Bangalore,ads,32,male,2024,2024-12
C02014,2024-05-08,medium,Kolkata,referral,23,male,2024,2024-05
C02015,2025-10-30,medium,Chennai,referral,25,male,2025,2025-10
C02016,2024-12-17,medium,Kolkata,organic,33,female,2024,2024-12
C02017,2024-12-23,high,Kolkata,organic,48,female,2024,2024-12
C02018,2025-05-31,medium,Chennai,referral,32,male,2025,2025-05
C02019,2025-05-09,medium,Jaipur,organic,29,female,2025,2025-05
C02020,2024-03-26,medium,Ahmedabad,organic,18,male,2024,2024-03
C02021,2024-06-23,medium,Ahmedabad,referral,50,male,2024,2024-06
C02022,2024-07-11,medium,Hyderabad,organic,40,female,2024,2024-07
C02023,2024-11-06,high,Bangalore,ads,42,male,2024,2024-11
C02024,2024-04-28,high,Hyderabad,ads,44,female,2024,2024-04
C02025,2024-08-05,high,Jaipur,referral,33,male,2024,2024-08
C02026,2025-03-02,low,Kolkata,organic,35,male,2025,2025-03
C02027,2025-02-17,low,Bangalore,referral,49,female,2025,2025-02
C02028,2024-04-23,low,Hyderabad,ads,36,other,2024,2024-04
C02029,2024-05-24,low,Hyderabad,ads,40,female,2024,2024-05
C02030,2025-06-21,medium,Mumbai,organic,43,male,2025,2025-06
C02031,2025-10-09,medium,Ahmedabad,organic,41,male,2025,2025-10
C02032,2024-10-29,medium,Bhubaneswar,ads,33,male,2024,2024-10
C02033,2025-08-10,high,Hyderabad,ads,34,male,2025,2025-08
C02034,2024-12-10,medium,Delhi,referral,42,female,2024,2024-12
C02035,2024-01-01,low,Mumbai,ads,42,male,2024,2024-01
C02036,2024-05-26,medium,Kolkata,ads,46,female,2024,2024-05
C02037,2024-10-13,medium,Pune,ads,40,female,2024,2024-10
C02038,2025-10-15,medium,Ahmedabad,ads,40,female,2025,2025-10
C02039,2024-02-22,medium,Jaipur,ads,30,male,2024,2024-02
C02040,2024-10-30,medium,Chennai,organic,29,male,2024,2024-10
C02041,2024-03-09,low,Jaipur,referral,42,male,2024,2024-03
C02042,2024-12-26,medium,Mumbai,ads,29,male,2024,2024-12
C02043,2025-08-24,low,Delhi,ads,34,male,2025,2025-08
C02044,2024-08-07,medium,Jaipur,ads,48,female,2024,2024-08
C02045,2025-12-04,low,Delhi,ads,47,male,2025,2025-12
C02046,2025-07-28,medium,Chennai,organic,38,male,2025,2025-07
C02047,2025-08-07,medium,Pune,organic,32,male,2025,2025-08
C02048,2024-06-09,medium,Ahmedabad,referral,33,other,2024,2024-06
C02049,2025-11-11,low,Ahmedabad,organic,43,female,2025,2025-11
C02050,2024-03-29,low,Bhubaneswar,ads,34,female,2024,2024-03
C02051,2025-11-18,high,Delhi,organic,29,male,2025,2025-11
C02052,2025-08-07,high,Chennai,organic,47,female,2025,2025-08
C02053,2025-08-11,low,Hyderabad,organic,36,male,2025,2025-08
C02054,2024-06-07,medium,Hyderabad,ads,29,male,2024,2024-06
C02055,2025-05-03,medium,Kolkata,ads,39,female,2025,2025-05
C02056,2024-11-19,medium,Delhi,organic,44,female,2024,2024-11
C02057,2025-09-01,high,Bangalore,organic,24,other,2025,2025-09
C02058,2025-01-15,low,Jaipur,referral,32,female,2025,2025-01
C02059,2024-04-11,low,Kolkata,ads,32,male,2024,2024-04
C02060,2025-05-08,medium,Kolkata,referral,39,male,2025,2025-05
C02061,2025-10-05,medium,Kolkata,referral,41,male,2025,2025-10
C02062,2025-09-05,low,Chennai,referral,29,male,2025,2025-09
C02063,2024-01-19,high,Ahmedabad,referral,20,female,2024,2024-01
C02064,2025-03-29,low,Kolkata,organic,45,female,2025,2025-03
C02065,2025-04-26,medium,Ahmedabad,referral,23,female,2025,2025-04
C02066,2025-08-16,medium,Ahmedabad,referral,37,female,2025,2025-08
C02067,2025-01-31,low,Delhi,referral,33,female,2025,2025-01
C02068,2024-10-05,medium,Chennai,organic,36,male,2024,2024-10
C02069,2024-12-30,medium,Ahmedabad,referral,51,male,2024,2024-12
C02070,2024-11-26,medium,Kolkata,ads,65,female,2024,2024-11
C02071,2025-10-02,medium,Chennai,ads,18,other,2025,2025-10
C02072,2024-12-09,medium,Kolkata,organic,44,male,2024,2024-12
C02073,2025-03-30,low,Mumbai,organic,33,female,2025,2025-03
C02074,2025-08-23,low,Jaipur,referral,45,female,2025,2025-08
C02075,2025-12-25,medium,Mumbai,ads,44,female,2025,2025-12
C02076,2025-10-16,medium,Mumbai,organic,49,male,2025,2025-10
C02077,2024-03-05,high,Delhi,referral,37,female,2024,2024-03
C02078,2024-03-16,high,Bangalore,organic,26,male,2024,2024-03
C02079,2025-12-11,medium,Jaipur,ads,44,female,2025,2025-12
C02080,2024-05-22,low,Delhi,organic,36,male,2024,2024-05
C02081,2025-08-27,medium,Kolkata,organic,32,female,2025,2025-08
C02082,2025-04-17,low,Delhi,organic,30,female,2025,2025-04
C02083,2025-02-20,high,Kolkata,organic,45,male,2025,2025-02
C02084,2024-10-31,medium,Bangalore,organic,51,female,2024,2024-10
C02085,2025-05-11,medium,Ahmedabad,ads,23,female,2025,2025-05
C02086,2024-10-17,medium,Delhi,referral,41,female,2024,2024-10
C02087,2024-04-11,high,Bhubaneswar,ads,31,male,2024,2024-04
C02088,2024-09-23,low,Ahmedabad,organic,20,male,2024,2024-09
C02089,2025-09-13,medium,Pune,organic,36,male,2025,2025-09
C02090,2024-01-03,low,Delhi,referral,26,male,2024,2024-01
C02091,2024-03-25,medium,Kolkata,referral,19,female,2024,2024-03
C02092,2024-11-23,low,Jaipur,organic,27,male,2024,2024-11
C02093,2025-03-25,medium,Delhi,organic,24,male,2025,2025-03
C02094,2025-03-29,low,Kolkata,ads,28,male,2025,2025-03
C02095,2025-09-20,high,Bangalore,ads,21,male,2025,2025-09
C02096,2024-08-08,low,Mumbai,ads,31,other,2024,2024-08
C02097,2024-06-02,low,Delhi,ads,27,other,2024,2024-06
C02098,2025-10-26,high,Hyderabad,ads,38,female,2025,2025-10
C02099,2024-01-12,high,Pune,referral,40,male,2024,2024-01
C02100,2024-05-12,medium,Hyderabad,organic,37,female,2024,2024-05
C02101,2024-10-30,low,Ahmedabad,referral,32,female,2024,2024-10
C02102,2024-10-19,medium,Ahmedabad,organic,32,female,2024,2024-10
C02103,2024-10-26,medium,Mumbai,ads,26,female,2024,2024-10
C02104,2024-02-12,high,Mumbai,ads,26,male,2024,2024-02
C02105,2024-12-08,high,Ahmedabad,ads,42,male,2024,2024-12
C02106,2024-11-21,low,Delhi,ads,18,female,2024,2024-11
C02107,2025-05-12,high,Chennai,organic,34,female,2025,2025-05
C02108,2024-12-29,medium,Delhi,organic,31,male,2024,2024-12
C02109,2025-03-02,low,Pune,ads,40,male,2025,2025-03
C02110,2024-01-21,medium,Ahmedabad,ads,20,female,2024,2024-01
C02111,2025-02-10,medium,Hyderabad,organic,35,female,2025,2025-02
C02112,2025-09-10,high,Mumbai,referral,38,female,2025,2025-09
C02113,2024-12-01,medium,Hyderabad,organic,18,female,2024,2024-12
C02114,2024-04-26,high,Ahmedabad,ads,24,male,2024,2024-04
C02115,2024-05-03,low,Bangalore,organic,34,male,2024,2024-05
C02116,2025-02-02,medium,Ahmedabad,ads,40,female,2025,2025-02
C02117,2025-12-15,medium,Bhubaneswar,organic,36,female,2025,2025-12
C02118,2024-02-20,medium,Pune,ads,40,male,2024,2024-02
C02119,2024-11-19,high,Bhubaneswar,organic,24,male,2024,2024-11
C02120,2024-05-20,low,Jaipur,organic,19,female,2024,2024-05
C02121,2025-04-14,medium,Hyderabad,ads,35,male,2025,2025-04
C02122,2024-11-29,medium,Bangalore,ads,22,female,2024,2024-11
C02123,2025-01-07,high,Pune,organic,26,female,2025,2025-01
C02124,2025-07-17,medium,Kolkata,organic,44,female,2025,2025-07
C02125,2025-05-08,high,Jaipur,referral,36,female,2025,2025-05
C02126,2025-06-22,medium,Chennai,organic,29,male,2025,2025-06
C02127,2025-10-30,medium,Bhubaneswar,referral,28,female,2025,2025-10
C02128,2024-06-04,low,Pune,ads,41,male,2024,2024-06
C02129,2024-10-17,medium,Pune,organic,37,female,2024,2024-10
C02130,2025-10-09,low,Bhubaneswar,ads,22,female,2025,2025-10
C02131,2024-05-23,low,Jaipur,referral,18,male,2024,2024-05
C02132,2024-04-15,high,Bangalore,organic,53,male,2024,2024-04
C02133,2025-02-23,medium,Bangalore,ads,22,male,2025,2025-02
C02134,2025-10-31,high,Mumbai,ads,40,female,2025,2025-10
C02135,2025-10-19,medium,Delhi,referral,50,male,2025,2025-10
C02136,2024-01-02,low,Jaipur,ads,36,female,2024,2024-01
C02137,2025-08-11,medium,Hyderabad,organic,28,female,2025,2025-08
C02138,2025-10-05,medium,Hyderabad,organic,20,female,2025,2025-10
C02139,2024-03-30,medium,Jaipur,organic,20,female,2024,2024-03
C02140,2024-12-10,medium,Bhubaneswar,organic,38,male,2024,2024-12
C02141,2024-12-15,high,Hyderabad,organic,49,female,2024,2024-12
C02142,2025-04-03,low,Hyderabad,ads,31,male,2025,2025-04
C02143,2024-09-19,medium,Delhi,organic,29,male,2024,2024-09
C02144,2024-12-16,low,Pune,organic,41,male,2024,2024-12
C02145,2024-04-17,medium,Pune,ads,28,female,2024,2024-04
C02146,2025-08-08,medium,Jaipur,organic,37,male,2025,2025-08
C02147,2024-02-08,medium,Ahmedabad,organic,35,female,2024,2024-02
C02148,2024-06-07,high,Pune,organic,30,male,2024,2024-06
C02149,2025-08-05,medium,Bhubaneswar,organic,34,female,2025,2025-08
C02150,2024-11-07,low,Kolkata,referral,52,female,2024,2024-11
C02151,2024-08-28,low,Ahmedabad,ads,41,female,2024,2024-08
C02152,2025-03-20,medium,Delhi,organic,45,female,2025,2025-03
C02153,2024-10-24,medium,Bhubaneswar,organic,25,female,2024,2024-10
C02154,2024-02-05,high,Bangalore,organic,45,male,2024,2024-02
C02155,2024-03-24,low,Delhi,ads,41,male,2024,2024-03
C02156,2025-03-27,high,Mumbai,ads,20,female,2025,2025-03
C02157,2025-01-19,low,Hyderabad,ads,40,male,2025,2025-01
C02158,2024-06-20,medium,Chennai,organic,29,male,2024,2024-06
C02159,2025-01-10,medium,Bangalore,organic,19,male,2025,2025-01
C02160,2025-11-15,low,Ahmedabad,ads,36,female,2025,2025-11
C02161,2024-12-27,high,Bhubaneswar,referral,40,male,2024,2024-12
C02162,2025-07-12,medium,Bangalore,referral,36,male,2025,2025-07
C02163,2024-05-20,medium,Mumbai,organic,33,male,2024,2024-05
C02164,2024-04-27,medium,Bhubaneswar,ads,31,female,2024,2024-04
C02165,2024-10-03,medium,Chennai,ads,59,female,2024,2024-10
C02166,2025-12-26,medium,Ahmedabad,referral,23,female,2025,2025-12
C02167,2024-08-07,low,Delhi,organic,43,male,2024,2024-08
C02168,2024-01-26,high,Jaipur,ads,35,female,2024,2024-01
C02169,2025-06-04,low,Bangalore,organic,26,male,2025,2025-06
C02170,2024-01-10,high,Chennai,ads,34,female,2024,2024-01
C02171,2025-01-12,medium,Mumbai,organic,21,female,2025,2025-01
C02172,2025-09-24,medium,Bangalore,ads,29,other,2025,2025-09
C02173,2025-09-28,high,Kolkata,referral,34,female,2025,2025-09
C02174,2025-11-12,high,Kolkata,organic,19,female,2025,2025-11
C02175,2025-08-06,low,Ahmedabad,ads,40,female,2025,2025-08
C02176,2024-05-31,medium,Delhi,organic,25,male,2024,2024-05
C02177,2025-12-20,high,Ahmedabad,ads,20,male,2025,2025-12
C02178,2024-02-18,high,Ahmedabad,organic,24,female,2024,2024-02
C02179,2024-06-02,low,Hyderabad,organic,56,female,2024,2024-06
C02180,2024-10-19,low,Delhi,referral,18,male,2024,2024-10
C02181,2025-08-02,medium,Hyderabad,organic,39,female,2025,2025-08
C02182,2024-02-19,high,Bhubaneswar,ads,27,male,2024,2024-02
C02183,2025-10-25,medium,Chennai,referral,31,male,2025,2025-10
C02184,2025-06-14,high,Chennai,referral,41,male,2025,2025-06
C02185,2025-09-03,high,Delhi,ads,40,other,2025,2025-09
C02186,2024-02-29,medium,Delhi,organic,28,female,2024,2024-02
C02187,2024-06-15,medium,Bhubaneswar,referral,21,female,2024,2024-06
C02188,2024-07-20,medium,Chennai,organic,41,female,2024,2024-07
C02189,2024-05-25,medium,Bhubaneswar,referral,40,female,2024,2024-05
C02190,2025-11-06,low,Jaipur,ads,32,female,2025,2025-11
C02191,2025-03-14,low,Mumbai,ads,39,male,2025,2025-03
C02192,2024-08-29,medium,Kolkata,organic,30,female,2024,2024-08
C02193,2025-08-03,medium,Jaipur,ads,26,male,2025,2025-08
C02194,2025-11-17,medium,Ahmedabad,referral,35,other,2025,2025-11
C02195,2025-07-14,medium,Bangalore,referral,40,other,2025,2025-07
C02196,2025-04-27,low,Hyderabad,organic,38,female,2025,2025-04
C02197,2024-04-17,medium,Pune,referral,40,male,2024,2024-04
C02198,2024-08-13,low,Bangalore,organic,27,female,2024,2024-08
C02199,2025-11-03,low,Delhi,ads,50,male,2025,2025-11
C02200,2025-09-22,medium,Mumbai,ads,31,male,2025,2025-09
C02201,2025-10-22,medium,Jaipur,organic,33,female,2025,2025-10
C02202,2025-10-23,high,Pune,organic,21,male,2025,2025-10
C02203,2025-03-07,medium,Pune,ads,33,other,2025,2025-03
C02204,2025-10-16,medium,Delhi,organic,40,male,2025,2025-10
C02205,2025-02-22,medium,Jaipur,organic,42,female,2025,2025-02
C02206,2025-03-30,low,Pune,ads,50,female,2025,2025-03
C02207,2024-06-08,high,Jaipur,referral,40,male,2024,2024-06
C02208,2025-06-06,medium,Hyderabad,ads,37,male,2025,2025-06
C02209,2025-10-11,medium,Hyderabad,organic,30,other,2025,2025-10
C02210,2025-08-12,medium,Pune,organic,28,female,2025,2025-08
C02211,2024-03-17,medium,Pune,ads,44,male,2024,2024-03
C02212,2025-05-23,low,Delhi,ads,44,male,2025,2025-05
C02213,2025-03-16,medium,Jaipur,ads,24,female,2025,2025-03
C02214,2024-09-10,medium,Chennai,referral,42,male,2024,2024-09
C02215,2024-11-15,high,Bhubaneswar,ads,41,male,2024,2024-11
C02216,2024-09-19,medium,Bhubaneswar,organic,23,female,2024,2024-09
C02217,2025-08-19,low,Bangalore,referral,40,female,2025,2025-08
C02218,2025-10-19,medium,Bangalore,ads,24,female,2025,2025-10
C02219,2025-07-07,low,Pune,ads,18,female,2025,2025-07
C02220,2025-01-08,medium,Kolkata,referral,33,female,2025,2025-01
C02221,2025-09-28,high,Hyderabad,referral,37,female,2025,2025-09
C02222,2024-06-15,high,Ahmedabad,ads,33,male,2024,2024-06
C02223,2025-04-03,medium,Jaipur,organic,63,male,2025,2025-04
C02224,2024-10-06,medium,Mumbai,referral,38,male,2024,2024-10
C02225,2025-11-30,low,Mumbai,ads,36,male,2025,2025-11
C02226,2024-10-28,medium,Hyderabad,ads,39,other,2024,2024-10
C02227,2025-06-14,medium,Bangalore,ads,30,other,2025,2025-06
C02228,2025-08-02,medium,Delhi,ads,44,female,2025,2025-08
C02229,2024-08-05,medium,Mumbai,referral,38,female,2024,2024-08
C02230,2024-04-11,medium,Pune,ads,38,female,2024,2024-04
C02231,2025-07-07,high,Kolkata,referral,28,female,2025,2025-07
C02232,2024-10-14,high,Mumbai,referral,19,male,2024,2024-10
C02233,2024-06-15,high,Bhubaneswar,referral,29,female,2024,2024-06
C02234,2025-09-12,high,Kolkata,ads,37,female,2025,2025-09
C02235,2024-02-05,high,Kolkata,referral,30,male,2024,2024-02
C02236,2024-12-18,medium,Mumbai,organic,37,male,2024,2024-12
C02237,2025-11-06,medium,Delhi,organic,32,male,2025,2025-11
C02238,2024-03-13,low,Delhi,referral,39,female,2024,2024-03
C02239,2025-10-09,high,Bangalore,ads,25,male,2025,2025-10
C02240,2024-12-18,medium,Hyderabad,organic,36,female,2024,2024-12
C02241,2024-03-10,medium,Pune,organic,28,male,2024,2024-03
C02242,2025-02-28,high,Ahmedabad,organic,19,male,2025,2025-02
C02243,2025-12-08,low,Chennai,ads,33,female,2025,2025-12
C02244,2025-07-14,high,Ahmedabad,ads,50,female,2025,2025-07
C02245,2025-10-03,low,Bhubaneswar,organic,20,male,2025,2025-10
C02246,2025-05-31,low,Delhi,referral,36,female,2025,2025-05
C02247,2025-03-03,medium,Bangalore,organic,42,male,2025,2025-03
C02248,2025-06-22,medium,Bhubaneswar,ads,58,female,2025,2025-06
C02249,2024-06-08,medium,Ahmedabad,ads,30,female,2024,2024-06
C02250,2024-05-28,medium,Kolkata,ads,28,male,2024,2024-05
C02251,2024-08-17,medium,Hyderabad,organic,23,female,2024,2024-08
C02252,2025-12-12,high,Kolkata,organic,46,male,2025,2025-12
C02253,2025-07-15,high,Ahmedabad,referral,26,male,2025,2025-07
C02254,2024-03-07,medium,Mumbai,organic,31,male,2024,2024-03
C02255,2025-01-15,medium,Hyderabad,referral,18,male,2025,2025-01
C02256,2024-02-27,low,Bangalore,ads,43,female,2024,2024-02
C02257,2024-09-15,high,Jaipur,ads,46,female,2024,2024-09
C02258,2024-12-07,low,Kolkata,ads,43,female,2024,2024-12
C02259,2024-05-09,medium,Mumbai,organic,18,male,2024,2024-05
C02260,2025-12-27,medium,Bhubaneswar,ads,41,female,2025,2025-12
C02261,2024-06-20,medium,Jaipur,referral,18,male,2024,2024-06
C02262,2025-09-05,medium,Bhubaneswar,organic,35,female,2025,2025-09
C02263,2024-07-27,high,Delhi,ads,37,female,2024,2024-07
C02264,2024-12-19,medium,Jaipur,ads,38,male,2024,2024-12
C02265,2025-04-15,low,Hyderabad,ads,40,other,2025,2025-04
C02266,2024-04-25,medium,Delhi,organic,34,female,2024,2024-04
C02267,2024-09-20,medium,Hyderabad,ads,18,female,2024,2024-09
C02268,2025-10-23,low,Pune,referral,40,female,2025,2025-10
C02269,2025-03-17,low,Mumbai,organic,35,female,2025,2025-03
C02270,2025-07-01,medium,Ahmedabad,ads,25,other,2025,2025-07
C02271,2025-03-28,medium,Bhubaneswar,ads,19,female,2025,2025-03
C02272,2025-04-21,low,Ahmedabad,ads,50,male,2025,2025-04
C02273,2024-10-13,medium,Jaipur,ads,47,female,2024,2024-10
C02274,2024-10-29,medium,Kolkata,ads,42,male,2024,2024-10
C02275,2024-11-06,medium,Kolkata,organic,28,other,2024,2024-11
C02276,2024-07-26,low,Bhubaneswar,referral,18,female,2024,2024-07
C02277,2025-09-09,high,Delhi,referral,42,female,2025,2025-09
C02278,2025-03-21,low,Bhubaneswar,organic,38,female,2025,2025-03
C02279,2025-10-31,high,Pune,ads,31,female,2025,2025-10
C02280,2025-09-24,low,Pune,ads,46,male,2025,2025-09
C02281,2024-02-24,medium,Ahmedabad,referral,43,female,2024,2024-02
C02282,2024-01-12,medium,Jaipur,referral,36,female,2024,2024-01
C02283,2025-10-18,low,Pune,referral,35,female,2025,2025-10
C02284,2025-02-03,medium,Mumbai,organic,35,male,2025,2025-02
C02285,2025-10-09,medium,Delhi,referral,41,female,2025,2025-10
C02286,2025-05-29,high,Delhi,referral,26,male,2025,2025-05
C02287,2025-10-17,high,Pune,organic,39,male,2025,2025-10
C02288,2025-06-25,medium,Chennai,organic,25,male,2025,2025-06
C02289,2024-08-24,medium,Kolkata,ads,48,male,2024,2024-08
C02290,2024-10-05,high,Chennai,ads,40,male,2024,2024-10
C02291,2024-12-13,high,Jaipur,organic,28,female,2024,2024-12
C02292,2025-09-18,medium,Jaipur,organic,35,female,2025,2025-09
C02293,2024-04-13,medium,Hyderabad,organic,26,male,2024,2024-04
C02294,2025-09-21,low,Jaipur,ads,50,female,2025,2025-09
C02295,2025-05-31,high,Hyderabad,organic,51,female,2025,2025-05
C02296,2024-09-04,high,Delhi,ads,41,male,2024,2024-09
C02297,2024-12-29,low,Mumbai,organic,50,male,2024,2024-12
C02298,2024-11-16,medium,Bangalore,referral,36,female,2024,2024-11
C02299,2025-09-24,low,Kolkata,referral,42,male,2025,2025-09
C02300,2024-10-12,low,Hyderabad,referral,47,male,2024,2024-10
C02301,2024-05-28,low,Ahmedabad,ads,34,other,2024,2024-05
C02302,2024-03-24,high,Mumbai,organic,35,female,2024,2024-03
C02303,2025-02-09,low,Bhubaneswar,ads,44,male,2025,2025-02
C02304,2025-03-31,low,Ahmedabad,organic,41,female,2025,2025-03
C02305,2024-06-09,medium,Mumbai,referral,27,female,2024,2024-06
C02306,2025-04-04,medium,Ahmedabad,organic,18,female,2025,2025-04
C02307,2025-07-03,medium,Pune,ads,33,male,2025,2025-07
C02308,2025-05-14,high,Ahmedabad,ads,18,female,2025,2025-05
C02309,2025-05-23,medium,Hyderabad,referral,25,female,2025,2025-05
C02310,2025-10-15,medium,Mumbai,ads,26,male,2025,2025-10
C02311,2025-04-25,medium,Bhubaneswar,ads,29,female,2025,2025-04
C02312,2025-10-24,medium,Jaipur,ads,43,male,2025,2025-10
C02313,2024-04-23,medium,Ahmedabad,ads,45,male,2024,2024-04
C02314,2025-07-31,medium,Bhubaneswar,organic,40,female,2025,2025-07
C02315,2024-12-26,low,Mumbai,referral,41,male,2024,2024-12
C02316,2024-12-06,high,Bhubaneswar,ads,41,male,2024,2024-12
C02317,2025-03-24,medium,Bangalore,organic,18,female,2025,2025-03
C02318,2024-06-28,high,Bangalore,referral,35,male,2024,2024-06
C02319,2025-12-02,medium,Ahmedabad,ads,18,female,2025,2025-12
C02320,2025-02-10,low,Ahmedabad,referral,40,male,2025,2025-02
C02321,2025-10-27,low,Ahmedabad,referral,18,male,2025,2025-10
C02322,2024-07-14,medium,Kolkata,referral,33,male,2024,2024-07
C02323,2025-04-10,low,Pune,organic,40,female,2025,2025-04
C02324,2024-11-06,high,Bhubaneswar,organic,23,male,2024,2024-11
C02325,2024-09-18,medium,Chennai,referral,44,male,2024,2024-09
C02326,2025-02-22,high,Delhi,referral,40,female,2025,2025-02
C02327,2025-02-09,low,Ahmedabad,ads,38,female,2025,2025-02
C02328,2024-05-22,medium,Hyderabad,ads,41,female,2024,2024-05
C02329,2024-12-07,medium,Bangalore,organic,31,male,2024,2024-12
C02330,2024-11-11,low,Bangalore,referral,36,female,2024,2024-11
C02331,2024-04-10,high,Jaipur,organic,35,female,2024,2024-04
C02332,2024-08-31,high,Delhi,organic,34,female,2024,2024-08
C02333,2025-05-04,low,Bhubaneswar,ads,28,female,2025,2025-05
C02334,2024-01-12,medium,Mumbai,organic,22,female,2024,2024-01
C02335,2024-08-26,high,Delhi,referral,31,female,2024,2024-08
C02336,2025-07-14,medium,Pune,organic,31,male,2025,2025-07
C02337,2024-02-11,medium,Ahmedabad,organic,27,female,2024,2024-02
C02338,2025-11-08,high,Hyderabad,ads,43,female,2025,2025-11
C02339,2025-08-16,medium,Bhubaneswar,ads,23,female,2025,2025-08
C02340,2025-03-04,high,Bhubaneswar,organic,33,female,2025,2025-03
C02341,2024-06-06,medium,Ahmedabad,ads,46,female,2024,2024-06
C02342,2024-08-03,low,Pune,ads,44,female,2024,2024-08
C02343,2025-10-31,low,Ahmedabad,referral,47,male,2025,2025-10
C02344,2025-04-06,medium,Ahmedabad,organic,29,female,2025,2025-04
C02345,2024-05-13,high,Delhi,referral,42,male,2024,2024-05
C02346,2024-03-07,low,Hyderabad,ads,24,other,2024,2024-03
C02347,2024-01-07,medium,Bhubaneswar,organic,32,female,2024,2024-01
C02348,2025-06-09,high,Jaipur,organic,33,female,2025,2025-06
C02349,2024-03-13,low,Ahmedabad,ads,29,male,2024,2024-03
C02350,2025-02-02,low,Kolkata,organic,31,male,2025,2025-02
C02351,2025-02-08,low,Mumbai,organic,30,female,2025,2025-02
C02352,2025-11-05,low,Ahmedabad,organic,25,male,2025,2025-11
C02353,2025-07-31,medium,Ahmedabad,ads,43,male,2025,2025-07
C02354,2024-05-09,medium,Bhubaneswar,ads,33,female,2024,2024-05
C02355,2025-04-10,medium,Bangalore,organic,37,male,2025,2025-04
C02356,2024-07-24,medium,Chennai,ads,36,male,2024,2024-07
C02357,2024-09-22,medium,Mumbai,ads,35,female,2024,2024-09
C02358,2025-06-20,low,Bangalore,organic,35,female,2025,2025-06
C02359,2024-09-09,low,Delhi,referral,31,female,2024,2024-09
C02360,2024-10-15,medium,Kolkata,ads,49,other,2024,2024-10
C02361,2024-06-12,low,Chennai,referral,42,female,2024,2024-06
C02362,2024-04-04,low,Mumbai,organic,35,male,2024,2024-04
C02363,2024-04-19,medium,Bangalore,referral,30,female,2024,2024-04
C02364,2024-12-01,medium,Hyderabad,ads,33,male,2024,2024-12
C02365,2024-08-25,medium,Hyderabad,ads,39,male,2024,2024-08
C02366,2025-01-15,medium,Pune,ads,49,male,2025,2025-01
C02367,2025-03-11,high,Ahmedabad,organic,21,female,2025,2025-03
C02368,2025-04-27,medium,Kolkata,referral,41,female,2025,2025-04
C02369,2024-01-25,medium,Chennai,ads,46,male,2024,2024-01
C02370,2025-10-14,medium,Mumbai,organic,20,male,2025,2025-10
C02371,2024-04-26,low,Hyderabad,organic,33,female,2024,2024-04
C02372,2025-04-26,high,Kolkata,organic,24,male,2025,2025-04
C02373,2025-01-26,low,Chennai,ads,39,female,2025,2025-01
C02374,2025-06-20,medium,Pune,ads,31,male,2025,2025-06
C02375,2024-03-19,high,Hyderabad,ads,33,male,2024,2024-03
C02376,2025-08-02,low,Bhubaneswar,organic,30,male,2025,2025-08
C02377,2024-06-21,medium,Hyderabad,ads,42,male,2024,2024-06
C02378,2024-01-12,medium,Jaipur,ads,37,female,2024,2024-01
C02379,2024-05-07,low,Bhubaneswar,organic,37,female,2024,2024-05
C02380,2025-08-30,medium,Kolkata,organic,36,female,2025,2025-08
C02381,2024-04-01,medium,Pune,organic,40,female,2024,2024-04
C02382,2025-10-14,high,Bangalore,referral,32,female,2025,2025-10
C02383,2025-06-26,low,Delhi,ads,52,male,2025,2025-06
C02384,2025-06-15,medium,Ahmedabad,referral,22,female,2025,2025-06
C02385,2025-10-19,medium,Ahmedabad,organic,18,female,2025,2025-10
C02386,2025-03-22,medium,Hyderabad,referral,18,male,2025,2025-03
C02387,2025-01-24,medium,Mumbai,ads,18,male,2025,2025-01
C02388,2025-11-02,low,Bhubaneswar,ads,41,other,2025,2025-11
C02389,2024-02-12,medium,Jaipur,organic,40,female,2024,2024-02
C02390,2024-09-10,medium,Hyderabad,ads,47,male,2024,2024-09
C02391,2024-05-09,medium,Pune,referral,24,male,2024,2024-05
C02392,2024-02-29,low,Delhi,organic,42,male,2024,2024-02
C02393,2025-10-24,medium,Bangalore,organic,35,male,2025,2025-10
C02394,2025-04-11,low,Delhi,ads,36,male,2025,2025-04
C02395,2024-10-13,low,Jaipur,referral,41,male,2024,2024-10
C02396,2025-05-31,medium,Delhi,ads,27,male,2025,2025-05
C02397,2025-04-11,medium,Delhi,organic,60,female,2025,2025-04
C02398,2024-12-10,medium,Kolkata,ads,48,male,2024,2024-12
C02399,2025-10-03,low,Pune,organic,29,male,2025,2025-10
C02400,2025-01-16,medium,Pune,referral,24,male,2025,2025-01
C02401,2025-11-20,medium,Chennai,ads,34,male,2025,2025-11
C02402,2024-09-09,low,Hyderabad,ads,36,male,2024,2024-09
C02403,2024-02-25,medium,Mumbai,organic,45,female,2024,2024-02
C02404,2025-04-07,medium,Chennai,referral,23,male,2025,2025-04
C02405,2025-04-01,medium,Pune,ads,37,male,2025,2025-04
C02406,2024-03-23,high,Ahmedabad,referral,19,female,2024,2024-03
C02407,2024-04-08,low,Hyderabad,ads,39,female,2024,2024-04
C02408,2024-05-28,high,Jaipur,referral,33,male,2024,2024-05
C02409,2024-11-24,medium,Kolkata,referral,54,male,2024,2024-11
C02410,2024-06-04,low,Bangalore,organic,19,other,2024,2024-06
C02411,2024-07-08,medium,Ahmedabad,referral,48,other,2024,2024-07
C02412,2025-05-08,low,Pune,organic,18,male,2025,2025-05
C02413,2024-09-19,low,Hyderabad,ads,21,male,2024,2024-09
C02414,2024-03-20,medium,Pune,referral,18,female,2024,2024-03
C02415,2025-02-03,high,Bhubaneswar,organic,37,female,2025,2025-02
C02416,2025-08-31,low,Chennai,ads,23,male,2025,2025-08
C02417,2024-09-16,medium,Bangalore,ads,21,female,2024,2024-09
C02418,2025-09-06,high,Bangalore,ads,37,male,2025,2025-09
C02419,2025-07-05,low,Mumbai,referral,39,male,2025,2025-07
C02420,2024-04-10,high,Bhubaneswar,ads,35,female,2024,2024-04
C02421,2024-12-24,low,Delhi,referral,33,female,2024,2024-12
C02422,2025-01-14,high,Bhubaneswar,organic,53,male,2025,2025-01
C02423,2024-08-08,high,Bangalore,organic,36,female,2024,2024-08
C02424,2025-02-23,high,Ahmedabad,ads,43,male,2025,2025-02
C02425,2024-05-03,low,Mumbai,ads,36,male,2024,2024-05
C02426,2025-02-25,medium,Jaipur,organic,24,female,2025,2025-02
C02427,2024-08-18,low,Ahmedabad,ads,40,male,2024,2024-08
C02428,2025-11-20,medium,Hyderabad,organic,28,female,2025,2025-11
C02429,2024-03-03,medium,Delhi,ads,34,male,2024,2024-03
C02430,2025-04-29,medium,Chennai,organic,38,male,2025,2025-04
C02431,2025-09-19,medium,Jaipur,ads,18,female,2025,2025-09
C02432,2025-12-03,medium,Ahmedabad,ads,18,male,2025,2025-12
C02433,2025-07-27,medium,Hyderabad,referral,44,male,2025,2025-07
C02434,2025-04-27,medium,Pune,ads,28,female,2025,2025-04
C02435,2025-06-02,low,Kolkata,ads,28,male,2025,2025-06
C02436,2024-06-03,high,Delhi,referral,36,male,2024,2024-06
C02437,2024-04-01,low,Chennai,ads,31,female,2024,2024-04
C02438,2025-06-09,high,Mumbai,organic,39,male,2025,2025-06
C02439,2025-03-30,medium,Bhubaneswar,referral,34,female,2025,2025-03
C02440,2025-08-20,medium,Kolkata,ads,36,female,2025,2025-08
C02441,2025-10-06,medium,Delhi,ads,27,male,2025,2025-10
C02442,2025-05-24,medium,Jaipur,ads,36,male,2025,2025-05
C02443,2024-07-01,medium,Pune,referral,46,female,2024,2024-07
C02444,2025-01-20,medium,Mumbai,referral,29,male,2025,2025-01
C02445,2025-07-27,low,Bangalore,referral,44,female,2025,2025-07
C02446,2025-12-31,medium,Ahmedabad,organic,34,male,2025,2025-12
C02447,2025-02-08,low,Ahmedabad,ads,42,male,2025,2025-02
C02448,2024-09-02,medium,Mumbai,organic,36,male,2024,2024-09
C02449,2025-08-13,medium,Bangalore,organic,34,female,2025,2025-08
C02450,2025-10-22,medium,Ahmedabad,referral,38,male,2025,2025-10
C02451,2025-10-11,medium,Delhi,organic,47,female,2025,2025-10
C02452,2025-04-15,medium,Mumbai,ads,37,female,2025,2025-04
C02453,2025-02-26,medium,Mumbai,ads,39,male,2025,2025-02
C02454,2024-03-05,high,Jaipur,ads,31,male,2024,2024-03
C02455,2024-01-13,medium,Bangalore,organic,50,male,2024,2024-01
C02456,2024-07-31,high,Jaipur,organic,41,female,2024,2024-07
C02457,2024-08-29,medium,Bangalore,ads,35,female,2024,2024-08
C02458,2025-05-07,medium,Jaipur,organic,33,male,2025,2025-05
C02459,2024-07-31,low,Mumbai,referral,44,male,2024,2024-07
C02460,2025-11-23,low,Bhubaneswar,referral,28,male,2025,2025-11
C02461,2024-12-03,high,Bhubaneswar,ads,18,male,2024,2024-12
C02462,2024-06-21,low,Bhubaneswar,referral,35,female,2024,2024-06
C02463,2025-11-02,low,Mumbai,organic,46,male,2025,2025-11
C02464,2024-06-12,medium,Ahmedabad,ads,50,male,2024,2024-06
C02465,2025-04-09,medium,Pune,organic,33,female,2025,2025-04
C02466,2025-05-11,low,Chennai,ads,35,male,2025,2025-05
C02467,2025-11-30,medium,Pune,ads,40,male,2025,2025-11
C02468,2025-01-29,low,Bhubaneswar,organic,32,male,2025,2025-01
C02469,2025-12-03,high,Ahmedabad,organic,40,female,2025,2025-12
C02470,2024-11-03,high,Mumbai,ads,34,male,2024,2024-11
C02471,2024-07-01,medium,Hyderabad,ads,45,male,2024,2024-07
C02472,2025-09-20,medium,Ahmedabad,organic,42,male,2025,2025-09
C02473,2025-05-24,low,Hyderabad,ads,43,male,2025,2025-05
C02474,2025-12-08,low,Mumbai,ads,32,male,2025,2025-12
C02475,2025-06-29,medium,Delhi,ads,54,male,2025,2025-06
C02476,2025-07-17,high,Bangalore,ads,39,male,2025,2025-07
C02477,2025-09-15,low,Chennai,organic,37,male,2025,2025-09
C02478,2025-08-16,medium,Pune,ads,27,male,2025,2025-08
C02479,2024-08-14,high,Jaipur,referral,34,female,2024,2024-08
C02480,2025-03-11,medium,Jaipur,ads,36,female,2025,2025-03
C02481,2025-02-25,low,Bangalore,ads,27,male,2025,2025-02
C02482,2025-07-07,low,Ahmedabad,ads,32,male,2025,2025-07
C02483,2024-01-21,medium,Jaipur,organic,33,male,2024,2024-01
C02484,2025-07-07,medium,Kolkata,ads,35,male,2025,2025-07
C02485,2025-01-31,low,Jaipur,referral,18,male,2025,2025-01
C02486,2025-09-16,medium,Mumbai,organic,33,male,2025,2025-09
C02487,2024-04-14,medium,Bangalore,referral,31,male,2024,2024-04
C02488,2024-07-10,medium,Chennai,organic,34,female,2024,2024-07
C02489,2024-01-17,low,Bangalore,ads,45,male,2024,2024-01
C02490,2024-04-29,medium,Chennai,referral,55,female,2024,2024-04
C02491,2025-01-27,high,Kolkata,referral,41,female,2025,2025-01
C02492,2025-02-28,medium,Jaipur,referral,22,female,2025,2025-02
C02493,2024-05-08,medium,Bangalore,referral,31,female,2024,2024-05
C02494,2024-05-09,medium,Hyderabad,ads,40,male,2024,2024-05
C02495,2025-07-25,high,Bhubaneswar,ads,39,male,2025,2025-07
C02496,2025-07-13,medium,Kolkata,organic,44,male,2025,2025-07
C02497,2024-01-29,medium,Ahmedabad,organic,34,male,2024,2024-01
C02498,2024-04-06,high,Hyderabad,ads,31,male,2024,2024-04
C02499,2024-01-10,high,Chennai,ads,52,female,2024,2024-01
C02500,2024-08-29,low,Bangalore,ads,35,male,2024,2024-08
C02501,2024-08-19,low,Chennai,referral,24,male,2024,2024-08
C02502,2024-10-10,medium,Chennai,ads,49,female,2024,2024-10
C02503,2025-12-15,low,Kolkata,organic,20,male,2025,2025-12
C02504,2025-12-26,medium,Hyderabad,ads,18,male,2025,2025-12
C02505,2024-07-18,low,Bangalore,ads,42,male,2024,2024-07
C02506,2024-03-19,medium,Jaipur,ads,44,female,2024,2024-03
C02507,2024-06-21,medium,Delhi,referral,39,female,2024,2024-06
C02508,2025-04-11,high,Pune,ads,21,female,2025,2025-04
C02509,2025-08-03,medium,Pune,referral,34,male,2025,2025-08
C02510,2025-02-19,low,Kolkata,ads,32,female,2025,2025-02
C02511,2025-03-24,medium,Ahmedabad,ads,29,male,2025,2025-03
C02512,2024-03-27,medium,Mumbai,ads,49,female,2024,2024-03
C02513,2024-04-10,high,Delhi,organic,24,female,2024,2024-04
C02514,2024-01-08,low,Bangalore,organic,38,female,2024,2024-01
C02515,2024-07-18,medium,Pune,organic,46,female,2024,2024-07
C02516,2025-05-19,medium,Ahmedabad,ads,38,male,2025,2025-05
C02517,2024-03-27,low,Mumbai,organic,47,male,2024,2024-03
C02518,2024-02-12,high,Hyderabad,referral,40,female,2024,2024-02
C02519,2025-01-19,medium,Bangalore,ads,39,male,2025,2025-01
C02520,2025-09-12,low,Chennai,ads,38,female,2025,2025-09
C02521,2025-03-10,medium,Ahmedabad,organic,41,female,2025,2025-03
C02522,2025-02-11,medium,Bangalore,organic,31,male,2025,2025-02
C02523,2025-04-27,medium,Delhi,organic,21,female,2025,2025-04
C02524,2025-10-25,low,Chennai,ads,44,male,2025,2025-10
C02525,2024-01-17,high,Delhi,ads,46,male,2024,2024-01
C02526,2025-10-06,low,Bhubaneswar,ads,37,male,2025,2025-10
C02527,2024-05-27,low,Pune,ads,29,male,2024,2024-05
C02528,2024-10-03,high,Mumbai,ads,19,female,2024,2024-10
C02529,2024-08-19,low,Ahmedabad,organic,35,male,2024,2024-08
C02530,2024-12-31,medium,Chennai,ads,21,female,2024,2024-12
C02531,2024-08-15,medium,Pune,ads,20,male,2024,2024-08
C02532,2025-10-12,low,Kolkata,ads,34,female,2025,2025-10
C02533,2025-03-11,low,Delhi,organic,27,female,2025,2025-03
C02534,2025-02-02,high,Bhubaneswar,ads,38,male,2025,2025-02
C02535,2024-07-29,medium,Delhi,organic,33,female,2024,2024-07
C02536,2025-01-25,medium,Bangalore,referral,28,female,2025,2025-01
C02537,2025-05-13,medium,Hyderabad,ads,18,female,2025,2025-05
C02538,2025-06-23,medium,Bhubaneswar,referral,26,female,2025,2025-06
C02539,2025-07-16,high,Bhubaneswar,ads,26,female,2025,2025-07
C02540,2025-05-05,medium,Mumbai,organic,22,female,2025,2025-05
C02541,2025-03-17,medium,Ahmedabad,ads,31,male,2025,2025-03
C02542,2024-09-17,high,Kolkata,organic,23,male,2024,2024-09
C02543,2024-12-15,low,Kolkata,referral,33,other,2024,2024-12
C02544,2024-12-17,low,Mumbai,referral,37,male,2024,2024-12
C02545,2025-06-03,medium,Delhi,ads,26,male,2025,2025-06
C02546,2024-11-15,medium,Jaipur,ads,39,male,2024,2024-11
C02547,2024-05-17,medium,Pune,ads,21,male,2024,2024-05
C02548,2025-07-03,medium,Jaipur,referral,23,male,2025,2025-07
C02549,2025-09-14,medium,Bangalore,organic,33,female,2025,2025-09
C02550,2025-01-02,low,Kolkata,ads,41,other,2025,2025-01
C02551,2024-08-07,high,Ahmedabad,ads,43,male,2024,2024-08
C02552,2024-12-02,high,Hyderabad,referral,51,female,2024,2024-12
C02553,2024-08-10,high,Delhi,referral,31,male,2024,2024-08
C02554,2025-10-09,high,Ahmedabad,referral,33,male,2025,2025-10
C02555,2024-12-25,high,Ahmedabad,ads,24,female,2024,2024-12
C02556,2024-11-24,low,Chennai,organic,22,female,2024,2024-11
C02557,2025-04-07,medium,Bhubaneswar,ads,37,male,2025,2025-04
C02558,2025-07-14,high,Pune,ads,27,male,2025,2025-07
C02559,2025-01-16,medium,Bhubaneswar,ads,47,male,2025,2025-01
C02560,2025-08-12,low,Ahmedabad,organic,20,female,2025,2025-08
C02561,2025-09-08,medium,Mumbai,ads,39,male,2025,2025-09
C02562,2024-06-17,medium,Jaipur,organic,24,male,2024,2024-06
C02563,2024-08-04,low,Chennai,referral,26,female,2024,2024-08
C02564,2025-01-12,medium,Bhubaneswar,organic,40,female,2025,2025-01
C02565,2024-04-28,medium,Bangalore,ads,28,female,2024,2024-04
C02566,2024-07-08,medium,Hyderabad,organic,29,female,2024,2024-07
C02567,2025-01-04,medium,Hyderabad,organic,26,male,2025,2025-01
C02568,2024-05-28,medium,Pune,referral,52,female,2024,2024-05
C02569,2025-11-06,medium,Bangalore,organic,28,male,2025,2025-11
C02570,2025-10-13,medium,Bhubaneswar,organic,35,other,2025,2025-10
C02571,2025-05-02,medium,Bhubaneswar,organic,32,male,2025,2025-05
C02572,2025-01-08,high,Ahmedabad,ads,37,female,2025,2025-01
C02573,2025-11-23,high,Bhubaneswar,ads,28,male,2025,2025-11
C02574,2024-06-08,medium,Bangalore,organic,32,male,2024,2024-06
C02575,2024-12-16,low,Hyderabad,ads,38,male,2024,2024-12
C02576,2024-10-14,medium,Ahmedabad,organic,26,female,2024,2024-10
C02577,2024-10-14,medium,Delhi,referral,45,male,2024,2024-10
C02578,2024-08-13,medium,Bangalore,referral,46,male,2024,2024-08
C02579,2025-06-06,high,Mumbai,referral,41,male,2025,2025-06
C02580,2025-06-05,high,Bhubaneswar,referral,35,male,2025,2025-06
C02581,2024-09-29,medium,Hyderabad,organic,18,female,2024,2024-09
C02582,2025-02-05,high,Jaipur,organic,39,male,2025,2025-02
C02583,2024-07-01,high,Bhubaneswar,ads,31,male,2024,2024-07
C02584,2025-10-26,low,Mumbai,organic,32,female,2025,2025-10
C02585,2025-05-02,high,Hyderabad,organic,18,female,2025,2025-05
C02586,2024-05-03,medium,Pune,organic,39,female,2024,2024-05
C02587,2025-09-17,medium,Bhubaneswar,ads,20,other,2025,2025-09
C02588,2025-02-17,medium,Ahmedabad,ads,36,male,2025,2025-02
C02589,2025-12-25,medium,Chennai,organic,44,female,2025,2025-12
C02590,2024-06-20,medium,Bangalore,organic,30,female,2024,2024-06
C02591,2024-10-14,medium,Mumbai,ads,47,female,2024,2024-10
C02592,2025-03-10,low,Bhubaneswar,organic,27,female,2025,2025-03
C02593,2025-11-16,low,Delhi,referral,41,male,2025,2025-11
C02594,2024-04-22,high,Jaipur,organic,21,male,2024,2024-04
C02595,2024-05-01,high,Hyderabad,ads,45,female,2024,2024-05
C02596,2025-06-27,low,Mumbai,ads,43,male,2025,2025-06
C02597,2024-08-09,medium,Bangalore,organic,39,female,2024,2024-08
C02598,2025-09-22,medium,Bhubaneswar,ads,31,female,2025,2025-09
C02599,2024-02-08,medium,Delhi,ads,20,male,2024,2024-02
C02600,2025-05-11,high,Hyderabad,referral,31,male,2025,2025-05
C02601,2024-08-20,medium,Bangalore,ads,46,male,2024,2024-08
C02602,2025-06-13,medium,Hyderabad,organic,36,male,2025,2025-06
C02603,2024-05-28,medium,Bangalore,organic,19,male,2024,2024-05
C02604,2025-01-31,medium,Bhubaneswar,organic,23,male,2025,2025-01
C02605,2025-10-22,low,Chennai,organic,47,male,2025,2025-10
C02606,2025-09-29,medium,Kolkata,ads,39,male,2025,2025-09
C02607,2024-10-28,high,Ahmedabad,referral,22,male,2024,2024-10
C02608,2024-12-25,medium,Chennai,ads,18,other,2024,2024-12
C02609,2024-08-25,low,Kolkata,ads,28,other,2024,2024-08
C02610,2025-10-08,low,Bhubaneswar,ads,18,male,2025,2025-10
C02611,2025-10-24,medium,Bhubaneswar,referral,33,male,2025,2025-10
C02612,2024-08-23,high,Bhubaneswar,organic,59,female,2024,2024-08
C02613,2024-07-21,low,Kolkata,ads,19,male,2024,2024-07
C02614,2024-09-12,medium,Delhi,referral,33,female,2024,2024-09
C02615,2025-08-20,high,Mumbai,organic,48,male,2025,2025-08
C02616,2025-10-23,medium,Kolkata,organic,42,male,2025,2025-10
C02617,2024-08-22,medium,Jaipur,referral,33,female,2024,2024-08
C02618,2024-12-10,medium,Mumbai,ads,33,female,2024,2024-12
C02619,2025-06-17,medium,Jaipur,organic,23,other,2025,2025-06
C02620,2025-04-10,medium,Bangalore,ads,32,male,2025,2025-04
C02621,2025-06-24,low,Ahmedabad,ads,37,female,2025,2025-06
C02622,2024-07-31,low,Ahmedabad,ads,46,female,2024,2024-07
C02623,2025-04-07,low,Ahmedabad,organic,28,female,2025,2025-04
C02624,2025-03-11,low,Pune,organic,33,female,2025,2025-03
C02625,2024-10-09,high,Kolkata,ads,25,female,2024,2024-10
C02626,2025-07-15,medium,Delhi,ads,37,female,2025,2025-07
C02627,2025-08-29,medium,Bangalore,referral,42,male,2025,2025-08
C02628,2025-04-07,low,Bhubaneswar,organic,41,female,2025,2025-04
C02629,2025-02-10,medium,Kolkata,referral,23,female,2025,2025-02
C02630,2024-03-28,low,Jaipur,organic,36,female,2024,2024-03
C02631,2024-02-13,medium,Jaipur,ads,28,female,2024,2024-02
C02632,2025-04-05,low,Mumbai,referral,45,male,2025,2025-04
C02633,2024-10-04,high,Bhubaneswar,ads,33,male,2024,2024-10
C02634,2025-11-13,high,Pune,organic,19,male,2025,2025-11
C02635,2025-02-24,low,Jaipur,organic,32,female,2025,2025-02
C02636,2025-12-01,high,Ahmedabad,ads,39,male,2025,2025-12
C02637,2024-12-18,low,Mumbai,ads,37,female,2024,2024-12
C02638,2025-11-26,high,Chennai,referral,29,female,2025,2025-11
C02639,2025-05-29,medium,Hyderabad,ads,29,male,2025,2025-05
C02640,2025-12-03,medium,Mumbai,referral,25,female,2025,2025-12
C02641,2025-09-21,medium,Mumbai,ads,31,female,2025,2025-09
C02642,2024-01-19,medium,Jaipur,referral,26,male,2024,2024-01
C02643,2024-01-23,medium,Kolkata,organic,44,male,2024,2024-01
C02644,2025-02-16,high,Bhubaneswar,referral,25,female,2025,2025-02
C02645,2024-01-30,high,Chennai,organic,36,male,2024,2024-01
C02646,2024-04-17,medium,Ahmedabad,referral,35,female,2024,2024-04
C02647,2025-01-01,medium,Kolkata,organic,44,female,2025,2025-01
C02648,2024-10-07,low,Bangalore,ads,45,male,2024,2024-10
C02649,2024-05-07,medium,Jaipur,ads,41,male,2024,2024-05
C02650,2024-08-16,medium,Bhubaneswar,referral,38,male,2024,2024-08
C02651,2024-04-20,medium,Delhi,ads,24,male,2024,2024-04
C02652,2024-05-15,high,Ahmedabad,organic,24,female,2024,2024-05
C02653,2024-12-27,medium,Kolkata,ads,26,female,2024,2024-12
C02654,2024-07-04,low,Ahmedabad,organic,42,male,2024,2024-07
C02655,2025-10-17,low,Bhubaneswar,organic,35,female,2025,2025-10
C02656,2025-08-06,medium,Bangalore,organic,43,male,2025,2025-08
C02657,2024-05-08,medium,Bangalore,organic,45,female,2024,2024-05
C02658,2024-09-17,low,Ahmedabad,ads,27,male,2024,2024-09
C02659,2025-05-29,medium,Bangalore,referral,35,male,2025,2025-05
C02660,2025-03-24,high,Kolkata,referral,34,female,2025,2025-03
C02661,2024-04-13,high,Ahmedabad,organic,31,female,2024,2024-04
C02662,2025-04-27,medium,Kolkata,organic,29,male,2025,2025-04
C02663,2024-08-11,low,Bangalore,organic,46,male,2024,2024-08
C02664,2025-05-05,medium,Pune,organic,35,male,2025,2025-05
C02665,2025-04-17,high,Hyderabad,organic,35,male,2025,2025-04
C02666,2024-01-10,high,Delhi,organic,26,male,2024,2024-01
C02667,2025-02-08,low,Jaipur,ads,41,female,2025,2025-02
C02668,2024-10-28,low,Bhubaneswar,ads,24,female,2024,2024-10
C02669,2024-08-18,medium,Delhi,ads,39,female,2024,2024-08
C02670,2025-12-31,medium,Kolkata,organic,39,male,2025,2025-12
C02671,2024-03-06,high,Hyderabad,ads,30,female,2024,2024-03
C02672,2024-04-21,low,Hyderabad,referral,38,male,2024,2024-04
C02673,2024-01-13,low,Pune,organic,36,male,2024,2024-01
C02674,2025-01-27,medium,Chennai,organic,34,female,2025,2025-01
C02675,2025-05-14,low,Chennai,organic,35,male,2025,2025-05
C02676,2025-08-20,medium,Kolkata,organic,35,male,2025,2025-08
C02677,2024-08-21,high,Hyderabad,ads,36,male,2024,2024-08
C02678,2025-08-24,medium,Pune,organic,35,female,2025,2025-08
C02679,2024-11-09,high,Jaipur,ads,23,male,2024,2024-11
C02680,2025-07-19,medium,Jaipur,organic,33,female,2025,2025-07
C02681,2024-01-12,medium,Delhi,ads,37,male,2024,2024-01
C02682,2024-07-27,medium,Ahmedabad,organic,35,male,2024,2024-07
C02683,2024-01-14,medium,Bhubaneswar,ads,44,male,2024,2024-01
C02684,2025-09-24,medium,Pune,organic,41,female,2025,2025-09
C02685,2025-02-21,high,Ahmedabad,organic,26,female,2025,2025-02
C02686,2025-03-12,medium,Bangalore,referral,33,male,2025,2025-03
C02687,2025-01-11,medium,Jaipur,ads,31,female,2025,2025-01
C02688,2024-01-20,medium,Kolkata,organic,34,male,2024,2024-01
C02689,2025-08-09,low,Pune,ads,34,male,2025,2025-08
C02690,2024-03-10,low,Hyderabad,ads,41,female,2024,2024-03
C02691,2024-07-29,low,Mumbai,ads,36,male,2024,2024-07
C02692,2024-04-10,medium,Mumbai,ads,47,male,2024,2024-04
C02693,2025-11-28,high,Jaipur,referral,37,male,2025,2025-11
C02694,2024-05-11,medium,Pune,organic,26,male,2024,2024-05
C02695,2025-09-14,medium,Ahmedabad,organic,30,other,2025,2025-09
C02696,2025-01-15,medium,Ahmedabad,organic,41,male,2025,2025-01
C02697,2024-05-11,high,Pune,ads,18,male,2024,2024-05
C02698,2024-01-20,low,Bhubaneswar,referral,21,female,2024,2024-01
C02699,2025-06-19,high,Jaipur,referral,35,male,2025,2025-06
C02700,2024-08-14,low,Bangalore,ads,44,male,2024,2024-08
C02701,2024-06-02,low,Delhi,referral,48,female,2024,2024-06
C02702,2025-04-13,medium,Pune,ads,32,female,2025,2025-04
C02703,2025-02-08,low,Bhubaneswar,ads,45,female,2025,2025-02
C02704,2024-07-20,medium,Mumbai,referral,35,male,2024,2024-07
C02705,2024-02-07,low,Ahmedabad,organic,19,female,2024,2024-02
C02706,2024-07-06,medium,Kolkata,ads,34,male,2024,2024-07
C02707,2024-02-26,low,Jaipur,ads,28,male,2024,2024-02
C02708,2024-01-20,medium,Ahmedabad,referral,44,male,2024,2024-01
C02709,2024-09-29,low,Bangalore,referral,34,female,2024,2024-09
C02710,2024-04-28,medium,Bhubaneswar,referral,22,female,2024,2024-04
C02711,2025-08-05,medium,Mumbai,referral,20,female,2025,2025-08
C02712,2025-05-30,low,Bangalore,ads,34,female,2025,2025-05
C02713,2024-08-08,low,Delhi,organic,18,male,2024,2024-08
C02714,2025-06-09,medium,Chennai,organic,29,male,2025,2025-06
C02715,2025-05-29,high,Kolkata,ads,37,female,2025,2025-05
C02716,2025-12-28,medium,Delhi,ads,24,male,2025,2025-12
C02717,2024-12-01,low,Jaipur,ads,44,male,2024,2024-12
C02718,2025-11-28,low,Ahmedabad,ads,46,female,2025,2025-11
C02719,2024-02-24,low,Hyderabad,referral,24,female,2024,2024-02
C02720,2025-05-14,high,Hyderabad,organic,32,male,2025,2025-05
C02721,2025-06-19,medium,Mumbai,referral,44,female,2025,2025-06
C02722,2024-06-10,medium,Pune,referral,34,female,2024,2024-06
C02723,2025-10-31,low,Ahmedabad,ads,21,male,2025,2025-10
C02724,2025-08-16,high,Hyderabad,ads,33,male,2025,2025-08
C02725,2024-06-07,low,Bhubaneswar,ads,26,male,2024,2024-06
C02726,2024-07-06,medium,Chennai,ads,46,male,2024,2024-07
C02727,2024-02-29,high,Mumbai,organic,41,male,2024,2024-02
C02728,2024-11-14,medium,Kolkata,organic,31,female,2024,2024-11
C02729,2024-07-29,medium,Delhi,organic,36,female,2024,2024-07
C02730,2025-02-09,medium,Delhi,organic,21,female,2025,2025-02
C02731,2025-10-25,high,Hyderabad,organic,27,male,2025,2025-10
C02732,2024-04-18,high,Mumbai,organic,50,male,2024,2024-04
C02733,2024-03-16,low,Hyderabad,ads,35,female,2024,2024-03
C02734,2025-06-25,high,Delhi,referral,44,female,2025,2025-06
C02735,2024-11-09,medium,Jaipur,ads,37,female,2024,2024-11
C02736,2024-04-26,medium,Bangalore,referral,48,male,2024,2024-04
C02737,2025-12-04,medium,Ahmedabad,ads,18,female,2025,2025-12
C02738,2024-01-19,low,Mumbai,ads,33,male,2024,2024-01
C02739,2025-03-07,medium,Bhubaneswar,ads,51,male,2025,2025-03
C02740,2025-11-15,low,Hyderabad,organic,44,female,2025,2025-11
C02741,2024-12-15,medium,Hyderabad,referral,48,female,2024,2024-12
C02742,2024-07-01,high,Pune,referral,34,male,2024,2024-07
C02743,2024-04-22,high,Chennai,ads,29,other,2024,2024-04
C02744,2024-07-01,medium,Kolkata,organic,24,female,2024,2024-07
C02745,2025-04-25,medium,Hyderabad,ads,24,male,2025,2025-04
C02746,2024-05-25,low,Bhubaneswar,organic,43,male,2024,2024-05
C02747,2025-09-19,medium,Kolkata,organic,40,male,2025,2025-09
C02748,2024-04-22,medium,Chennai,referral,34,male,2024,2024-04
C02749,2025-04-20,high,Pune,ads,40,female,2025,2025-04
C02750,2024-10-29,medium,Hyderabad,ads,36,female,2024,2024-10
C02751,2024-04-27,medium,Kolkata,referral,44,female,2024,2024-04
C02752,2024-06-09,medium,Kolkata,ads,44,male,2024,2024-06
C02753,2025-02-04,medium,Jaipur,ads,24,male,2025,2025-02
C02754,2024-07-16,high,Kolkata,organic,37,female,2024,2024-07
C02755,2024-09-16,medium,Delhi,organic,18,male,2024,2024-09
C02756,2025-10-21,low,Chennai,ads,36,male,2025,2025-10
C02757,2024-02-16,medium,Bhubaneswar,ads,41,female,2024,2024-02
C02758,2025-02-02,medium,Pune,organic,21,female,2025,2025-02
C02759,2025-12-10,low,Chennai,organic,30,other,2025,2025-12
C02760,2025-07-12,medium,Bangalore,ads,35,other,2025,2025-07
C02761,2024-03-18,medium,Delhi,ads,37,female,2024,2024-03
C02762,2024-05-03,high,Pune,ads,32,male,2024,2024-05
C02763,2024-03-15,medium,Bangalore,ads,23,male,2024,2024-03
C02764,2024-05-16,high,Kolkata,organic,34,female,2024,2024-05
C02765,2025-08-24,low,Chennai,ads,18,male,2025,2025-08
C02766,2025-02-03,low,Bhubaneswar,referral,32,male,2025,2025-02
C02767,2025-05-19,low,Pune,organic,30,male,2025,2025-05
C02768,2025-05-14,low,Ahmedabad,ads,33,male,2025,2025-05
C02769,2025-07-26,medium,Bangalore,ads,29,male,2025,2025-07
C02770,2024-05-17,medium,Jaipur,ads,19,male,2024,2024-05
C02771,2024-02-19,low,Delhi,organic,31,male,2024,2024-02
C02772,2025-09-10,low,Delhi,referral,44,female,2025,2025-09
C02773,2025-09-16,medium,Jaipur,ads,47,female,2025,2025-09
C02774,2024-09-10,low,Delhi,referral,59,female,2024,2024-09
C02775,2025-09-21,medium,Mumbai,organic,51,male,2025,2025-09
C02776,2025-12-10,medium,Mumbai,ads,23,male,2025,2025-12
C02777,2025-07-16,medium,Pune,ads,30,male,2025,2025-07
C02778,2025-03-01,medium,Ahmedabad,organic,34,female,2025,2025-03
C02779,2025-06-30,high,Bhubaneswar,organic,34,female,2025,2025-06
C02780,2024-10-28,medium,Kolkata,ads,35,male,2024,2024-10
C02781,2025-08-03,medium,Mumbai,organic,59,female,2025,2025-08
C02782,2024-12-14,medium,Bangalore,ads,24,female,2024,2024-12
C02783,2024-02-18,medium,Jaipur,organic,27,male,2024,2024-02
C02784,2024-03-14,low,Chennai,organic,51,female,2024,2024-03
C02785,2025-12-04,medium,Ahmedabad,ads,28,female,2025,2025-12
C02786,2024-09-17,medium,Bhubaneswar,organic,38,male,2024,2024-09
C02787,2024-12-21,high,Bangalore,referral,45,male,2024,2024-12
C02788,2025-08-04,high,Ahmedabad,referral,39,female,2025,2025-08
C02789,2025-08-24,low,Jaipur,ads,36,female,2025,2025-08
C02790,2024-09-16,medium,Bangalore,referral,44,male,2024,2024-09
C02791,2025-09-29,low,Jaipur,referral,26,female,2025,2025-09
C02792,2024-10-21,high,Bhubaneswar,organic,30,male,2024,2024-10
C02793,2025-10-02,medium,Delhi,referral,40,male,2025,2025-10
C02794,2024-11-08,medium,Kolkata,organic,18,male,2024,2024-11
C02795,2025-09-03,medium,Kolkata,ads,49,female,2025,2025-09
C02796,2024-06-30,high,Hyderabad,ads,38,female,2024,2024-06
C02797,2025-11-16,high,Mumbai,ads,36,female,2025,2025-11
C02798,2024-12-29,medium,Pune,organic,18,other,2024,2024-12
C02799,2024-07-06,high,Chennai,organic,22,female,2024,2024-07
C02800,2025-07-22,low,Jaipur,ads,31,male,2025,2025-07
C02801,2025-06-26,medium,Hyderabad,organic,43,female,2025,2025-06
C02802,2025-08-18,high,Hyderabad,ads,18,female,2025,2025-08
C02803,2025-10-25,high,Hyderabad,ads,42,male,2025,2025-10
C02804,2025-07-01,medium,Jaipur,organic,31,male,2025,2025-07
C02805,2025-12-25,high,Bhubaneswar,organic,32,female,2025,2025-12
C02806,2025-02-11,low,Jaipur,ads,37,male,2025,2025-02
C02807,2025-09-09,low,Kolkata,ads,37,male,2025,2025-09
C02808,2025-02-17,medium,Jaipur,organic,27,female,2025,2025-02
C02809,2024-12-07,medium,Bhubaneswar,organic,41,female,2024,2024-12
C02810,2024-08-07,high,Ahmedabad,organic,18,male,2024,2024-08
C02811,2024-06-11,medium,Kolkata,organic,30,male,2024,2024-06
C02812,2024-08-07,medium,Delhi,ads,36,female,2024,2024-08
C02813,2024-09-26,medium,Bangalore,ads,31,female,2024,2024-09
C02814,2025-09-23,medium,Delhi,ads,18,other,2025,2025-09
C02815,2025-02-03,medium,Pune,referral,42,female,2025,2025-02
C02816,2024-06-30,medium,Delhi,organic,22,female,2024,2024-06
C02817,2025-09-09,high,Kolkata,ads,34,other,2025,2025-09
C02818,2025-12-29,medium,Delhi,ads,36,male,2025,2025-12
C02819,2024-07-23,medium,Mumbai,ads,35,male,2024,2024-07
C02820,2025-08-04,low,Delhi,ads,46,female,2025,2025-08
C02821,2025-07-09,high,Chennai,ads,34,male,2025,2025-07
C02822,2024-08-15,low,Pune,ads,39,male,2024,2024-08
C02823,2025-11-26,medium,Bangalore,organic,34,male,2025,2025-11
C02824,2025-09-10,high,Bhubaneswar,ads,41,female,2025,2025-09
C02825,2025-08-18,medium,Chennai,ads,48,female,2025,2025-08
C02826,2024-09-06,medium,Chennai,referral,36,male,2024,2024-09
C02827,2025-03-16,low,Chennai,ads,42,female,2025,2025-03
C02828,2025-06-16,high,Bhubaneswar,ads,49,male,2025,2025-06
C02829,2024-07-14,medium,Mumbai,ads,48,female,2024,2024-07
C02830,2025-11-20,medium,Mumbai,referral,31,female,2025,2025-11
C02831,2025-06-02,low,Bhubaneswar,referral,45,female,2025,2025-06
C02832,2024-03-10,medium,Ahmedabad,ads,37,male,2024,2024-03
C02833,2025-09-30,low,Jaipur,ads,46,male,2025,2025-09
C02834,2025-02-02,low,Jaipur,organic,40,male,2025,2025-02
C02835,2025-11-02,medium,Mumbai,ads,37,female,2025,2025-11
C02836,2024-07-21,low,Kolkata,ads,39,female,2024,2024-07
C02837,2024-05-27,low,Bhubaneswar,ads,37,female,2024,2024-05
C02838,2025-04-16,medium,Mumbai,organic,37,male,2025,2025-04
C02839,2025-10-16,medium,Kolkata,ads,33,female,2025,2025-10
C02840,2024-07-17,medium,Jaipur,organic,32,male,2024,2024-07
C02841,2025-03-01,medium,Delhi,ads,52,male,2025,2025-03
C02842,2025-10-27,high,Mumbai,organic,39,female,2025,2025-10
C02843,2025-05-06,medium,Pune,ads,29,male,2025,2025-05
C02844,2024-05-21,medium,Delhi,organic,32,male,2024,2024-05
C02845,2024-11-08,medium,Delhi,organic,45,male,2024,2024-11
C02846,2024-06-13,high,Mumbai,ads,27,male,2024,2024-06
C02847,2024-11-09,low,Kolkata,organic,20,male,2024,2024-11
C02848,2024-01-21,low,Pune,ads,20,female,2024,2024-01
C02849,2024-03-22,high,Kolkata,referral,18,male,2024,2024-03
C02850,2025-08-03,medium,Chennai,referral,22,female,2025,2025-08
C02851,2024-05-10,medium,Kolkata,organic,23,male,2024,2024-05
C02852,2025-08-21,low,Kolkata,referral,48,female,2025,2025-08
C02853,2025-12-30,high,Ahmedabad,organic,34,female,2025,2025-12
C02854,2024-10-31,medium,Hyderabad,referral,31,female,2024,2024-10
C02855,2025-01-05,low,Bangalore,ads,20,other,2025,2025-01
C02856,2025-01-18,low,Hyderabad,organic,33,male,2025,2025-01
C02857,2025-03-20,low,Pune,ads,18,other,2025,2025-03
C02858,2025-02-28,low,Pune,organic,31,male,2025,2025-02
C02859,2024-06-09,high,Bhubaneswar,ads,55,male,2024,2024-06
C02860,2024-06-26,medium,Kolkata,ads,41,female,2024,2024-06
C02861,2025-09-20,medium,Delhi,ads,32,male,2025,2025-09
C02862,2025-12-08,high,Hyderabad,ads,41,male,2025,2025-12
C02863,2025-05-04,low,Bhubaneswar,referral,29,female,2025,2025-05
C02864,2024-11-22,high,Chennai,referral,26,female,2024,2024-11
C02865,2025-08-20,medium,Bangalore,ads,52,male,2025,2025-08
C02866,2024-10-15,low,Kolkata,ads,23,female,2024,2024-10
C02867,2025-08-15,high,Bhubaneswar,referral,31,female,2025,2025-08
C02868,2025-10-25,low,Hyderabad,referral,38,female,2025,2025-10
C02869,2025-07-26,low,Chennai,organic,25,female,2025,2025-07
C02870,2025-07-26,medium,Ahmedabad,organic,41,female,2025,2025-07
C02871,2024-12-19,high,Jaipur,organic,31,female,2024,2024-12
C02872,2024-01-28,medium,Bangalore,ads,41,female,2024,2024-01
C02873,2024-02-12,medium,Pune,organic,40,female,2024,2024-02
C02874,2025-11-11,medium,Ahmedabad,ads,32,female,2025,2025-11
C02875,2025-02-26,medium,Kolkata,ads,52,male,2025,2025-02
C02876,2025-08-20,low,Jaipur,ads,28,other,2025,2025-08
C02877,2024-06-25,high,Jaipur,ads,48,male,2024,2024-06
C02878,2025-06-12,low,Bangalore,organic,46,male,2025,2025-06
C02879,2025-09-01,high,Delhi,referral,52,female,2025,2025-09
C02880,2025-05-08,medium,Ahmedabad,referral,36,male,2025,2025-05
C02881,2024-07-16,low,Delhi,ads,27,female,2024,2024-07
C02882,2025-09-01,medium,Mumbai,referral,55,male,2025,2025-09
C02883,2025-07-30,high,Ahmedabad,organic,31,female,2025,2025-07
C02884,2025-05-31,medium,Chennai,ads,26,female,2025,2025-05
C02885,2025-05-28,low,Kolkata,organic,33,female,2025,2025-05
C02886,2024-01-22,medium,Ahmedabad,ads,25,male,2024,2024-01
C02887,2024-04-21,medium,Ahmedabad,organic,40,other,2024,2024-04
C02888,2024-02-26,medium,Mumbai,ads,28,male,2024,2024-02
C02889,2024-03-06,low,Bangalore,organic,32,male,2024,2024-03
C02890,2024-04-07,low,Bangalore,ads,44,female,2024,2024-04
C02891,2024-05-23,medium,Chennai,organic,41,other,2024,2024-05
C02892,2025-03-10,low,Bangalore,referral,35,male,2025,2025-03
C02893,2025-09-28,medium,Jaipur,ads,36,female,2025,2025-09
C02894,2025-11-09,medium,Hyderabad,organic,35,male,2025,2025-11
C02895,2024-03-26,high,Mumbai,organic,30,male,2024,2024-03
C02896,2025-08-10,medium,Hyderabad,referral,34,female,2025,2025-08
C02897,2024-12-09,medium,Hyderabad,organic,39,female,2024,2024-12
C02898,2024-10-20,high,Mumbai,ads,33,female,2024,2024-10
C02899,2025-07-24,medium,Hyderabad,ads,39,male,2025,2025-07
C02900,2025-10-11,low,Hyderabad,organic,26,female,2025,2025-10
C02901,2025-09-02,medium,Hyderabad,organic,28,female,2025,2025-09
C02902,2025-12-04,medium,Chennai,ads,27,male,2025,2025-12
C02903,2024-08-30,low,Pune,organic,29,female,2024,2024-08
C02904,2025-07-14,high,Chennai,organic,47,other,2025,2025-07
C02905,2024-02-01,medium,Delhi,organic,42,female,2024,2024-02
C02906,2025-01-25,low,Ahmedabad,organic,24,male,2025,2025-01
C02907,2024-10-03,medium,Bangalore,organic,39,female,2024,2024-10
C02908,2025-06-15,medium,Mumbai,referral,31,female,2025,2025-06
C02909,2024-06-02,high,Jaipur,ads,28,male,2024,2024-06
C02910,2025-01-17,low,Hyderabad,ads,20,female,2025,2025-01
C02911,2024-03-08,medium,Bhubaneswar,organic,44,other,2024,2024-03
C02912,2024-08-01,low,Mumbai,organic,21,female,2024,2024-08
C02913,2025-10-16,medium,Kolkata,referral,34,female,2025,2025-10
C02914,2025-01-10,medium,Mumbai,ads,25,male,2025,2025-01
C02915,2024-07-31,low,Ahmedabad,organic,42,other,2024,2024-07
C02916,2024-03-19,medium,Jaipur,ads,31,female,2024,2024-03
C02917,2025-12-26,medium,Mumbai,ads,33,male,2025,2025-12
C02918,2025-09-19,medium,Jaipur,referral,33,female,2025,2025-09
C02919,2025-08-26,low,Mumbai,organic,38,female,2025,2025-08
C02920,2025-01-15,medium,Chennai,ads,35,male,2025,2025-01
C02921,2025-11-10,medium,Chennai,ads,34,female,2025,2025-11
C02922,2024-02-27,high,Pune,referral,29,female,2024,2024-02
C02923,2024-01-26,low,Delhi,referral,19,male,2024,2024-01
C02924,2025-03-22,high,Mumbai,organic,23,female,2025,2025-03
C02925,2024-03-06,medium,Hyderabad,ads,42,female,2024,2024-03
C02926,2024-09-10,medium,Mumbai,ads,31,male,2024,2024-09
C02927,2024-02-13,medium,Kolkata,ads,28,male,2024,2024-02
C02928,2024-04-06,medium,Jaipur,referral,20,male,2024,2024-04
C02929,2025-07-07,high,Hyderabad,referral,18,male,2025,2025-07
C02930,2024-08-14,medium,Pune,organic,27,female,2024,2024-08
C02931,2025-11-09,low,Jaipur,organic,43,male,2025,2025-11
C02932,2025-03-11,low,Chennai,ads,29,female,2025,2025-03
C02933,2025-08-23,high,Bhubaneswar,organic,39,other,2025,2025-08
C02934,2025-01-13,low,Hyderabad,organic,28,male,2025,2025-01
C02935,2024-06-26,medium,Chennai,ads,41,female,2024,2024-06
C02936,2025-03-02,low,Kolkata,referral,31,female,2025,2025-03
C02937,2025-12-09,medium,Hyderabad,organic,22,female,2025,2025-12
C02938,2024-11-02,medium,Hyderabad,ads,32,male,2024,2024-11
C02939,2025-05-18,low,Hyderabad,organic,53,male,2025,2025-05
C02940,2024-09-24,low,Delhi,organic,52,male,2024,2024-09
C02941,2025-08-08,medium,Hyderabad,organic,39,male,2025,2025-08
C02942,2024-01-08,medium,Delhi,organic,33,female,2024,2024-01
C02943,2025-05-22,medium,Chennai,referral,38,male,2025,2025-05
C02944,2025-04-20,medium,Pune,referral,38,male,2025,2025-04
C02945,2024-10-23,medium,Delhi,ads,34,female,2024,2024-10
C02946,2024-06-12,medium,Delhi,organic,39,male,2024,2024-06
C02947,2025-04-29,low,Hyderabad,ads,37,male,2025,2025-04
C02948,2025-08-19,high,Pune,organic,31,female,2025,2025-08
C02949,2024-03-12,medium,Hyderabad,organic,23,female,2024,2024-03
C02950,2025-07-20,high,Chennai,ads,30,male,2025,2025-07
C02951,2025-07-12,medium,Hyderabad,ads,42,male,2025,2025-07
C02952,2024-08-25,high,Bangalore,organic,34,male,2024,2024-08
C02953,2024-04-13,medium,Ahmedabad,organic,38,female,2024,2024-04
C02954,2024-07-28,low,Chennai,referral,32,female,2024,2024-07
C02955,2025-07-07,low,Mumbai,ads,24,male,2025,2025-07
C02956,2025-04-12,medium,Jaipur,referral,32,male,2025,2025-04
C02957,2025-03-29,medium,Jaipur,referral,24,female,2025,2025-03
C02958,2024-09-24,medium,Pune,ads,24,female,2024,2024-09
C02959,2025-01-20,low,Bangalore,organic,47,female,2025,2025-01
C02960,2025-01-21,low,Delhi,ads,30,male,2025,2025-01
C02961,2024-09-15,medium,Bangalore,organic,27,female,2024,2024-09
C02962,2024-10-09,medium,Ahmedabad,organic,51,female,2024,2024-10
C02963,2025-09-17,low,Chennai,ads,43,female,2025,2025-09
C02964,2024-02-09,high,Pune,ads,31,female,2024,2024-02
C02965,2025-04-30,medium,Bangalore,organic,39,male,2025,2025-04
C02966,2024-08-07,low,Kolkata,ads,32,male,2024,2024-08
C02967,2024-05-08,low,Delhi,ads,28,male,2024,2024-05
C02968,2025-06-03,medium,Bangalore,organic,39,male,2025,2025-06
C02969,2025-09-04,medium,Pune,organic,31,female,2025,2025-09
C02970,2025-11-18,medium,Kolkata,organic,35,male,2025,2025-11
C02971,2025-09-10,medium,Mumbai,organic,45,male,2025,2025-09
C02972,2025-09-04,medium,Chennai,ads,44,female,2025,2025-09
C02973,2024-09-16,medium,Chennai,ads,29,male,2024,2024-09
C02974,2024-12-31,low,Mumbai,ads,39,male,2024,2024-12
C02975,2025-06-27,low,Hyderabad,organic,23,male,2025,2025-06
C02976,2025-10-10,high,Jaipur,organic,39,female,2025,2025-10
C02977,2025-06-07,medium,Kolkata,organic,36,male,2025,2025-06
C02978,2024-01-16,medium,Delhi,organic,38,female,2024,2024-01
C02979,2024-05-08,medium,Bangalore,organic,32,male,2024,2024-05
C02980,2025-07-28,medium,Ahmedabad,ads,55,female,2025,2025-07
C02981,2024-04-18,medium,Jaipur,organic,25,male,2024,2024-04
C02982,2025-06-16,low,Pune,ads,44,female,2025,2025-06
C02983,2025-10-31,medium,Hyderabad,ads,24,male,2025,2025-10
C02984,2024-09-25,low,Delhi,ads,40,male,2024,2024-09
C02985,2024-06-10,low,Ahmedabad,organic,40,female,2024,2024-06
C02986,2024-09-16,high,Ahmedabad,referral,35,male,2024,2024-09
C02987,2024-04-11,medium,Delhi,referral,30,male,2024,2024-04
C02988,2025-05-20,low,Hyderabad,organic,36,female,2025,2025-05
C02989,2025-07-24,low,Pune,ads,37,male,2025,2025-07
C02990,2024-09-03,high,Mumbai,referral,52,female,2024,2024-09
C02991,2025-10-01,high,Jaipur,ads,26,male,2025,2025-10
C02992,2025-06-20,high,Bhubaneswar,organic,29,female,2025,2025-06
C02993,2024-05-10,low,Bhubaneswar,ads,37,other,2024,2024-05
C02994,2024-12-18,high,Hyderabad,ads,32,male,2024,2024-12
C02995,2024-07-14,medium,Ahmedabad,ads,33,female,2024,2024-07
C02996,2025-10-27,low,Bangalore,referral,45,male,2025,2025-10
C02997,2025-01-16,high,Mumbai,ads,18,female,2025,2025-01
C02998,2025-10-06,medium,Mumbai,organic,29,male,2025,2025-10
C02999,2024-08-14,medium,Hyderabad,ads,18,female,2024,2024-08
C03000,2025-12-01,low,Pune,ads,23,female,2025,2025-12
C03001,2025-04-20,medium,Hyderabad,organic,59,male,2025,2025-04
C03002,2025-04-21,medium,Bangalore,organic,40,male,2025,2025-04
C03003,2024-09-21,medium,Chennai,referral,44,male,2024,2024-09
C03004,2025-01-06,medium,Bhubaneswar,ads,34,female,2025,2025-01
C03005,2025-04-30,high,Hyderabad,organic,42,male,2025,2025-04
C03006,2025-03-09,medium,Mumbai,organic,18,female,2025,2025-03
C03007,2025-10-07,medium,Pune,ads,45,male,2025,2025-10
C03008,2024-07-29,low,Bhubaneswar,ads,26,male,2024,2024-07
C03009,2025-07-25,low,Kolkata,organic,29,female,2025,2025-07
C03010,2025-01-11,medium,Delhi,ads,40,female,2025,2025-01
C03011,2025-01-29,medium,Mumbai,organic,38,female,2025,2025-01
C03012,2025-03-25,medium,Kolkata,organic,35,female,2025,2025-03
C03013,2024-12-29,low,Pune,ads,21,female,2024,2024-12
C03014,2025-04-01,medium,Mumbai,organic,35,female,2025,2025-04
C03015,2025-12-25,medium,Hyderabad,referral,44,male,2025,2025-12
C03016,2025-12-28,medium,Mumbai,organic,29,female,2025,2025-12
C03017,2024-08-13,medium,Pune,ads,48,female,2024,2024-08
C03018,2024-05-10,medium,Mumbai,organic,26,female,2024,2024-05
C03019,2025-08-10,medium,Bangalore,organic,35,female,2025,2025-08
C03020,2025-04-20,high,Ahmedabad,ads,50,male,2025,2025-04
C03021,2024-10-03,low,Kolkata,ads,28,male,2024,2024-10
C03022,2024-06-04,medium,Chennai,ads,45,male,2024,2024-06
C03023,2024-08-05,high,Ahmedabad,ads,54,female,2024,2024-08
C03024,2024-07-08,medium,Pune,ads,36,male,2024,2024-07
C03025,2025-02-20,medium,Bhubaneswar,ads,29,male,2025,2025-02
C03026,2025-11-05,medium,Bangalore,ads,27,female,2025,2025-11
C03027,2025-11-22,medium,Kolkata,ads,48,female,2025,2025-11
C03028,2025-06-29,medium,Pune,ads,47,male,2025,2025-06
C03029,2024-02-10,medium,Kolkata,referral,49,female,2024,2024-02
C03030,2024-11-02,medium,Mumbai,organic,34,male,2024,2024-11
C03031,2024-12-03,high,Jaipur,ads,45,female,2024,2024-12
C03032,2024-11-09,low,Hyderabad,organic,34,female,2024,2024-11
C03033,2024-03-15,medium,Ahmedabad,organic,26,male,2024,2024-03
C03034,2024-10-05,medium,Mumbai,ads,46,male,2024,2024-10
C03035,2024-06-24,high,Delhi,referral,51,male,2024,2024-06
C03036,2025-10-23,medium,Bhubaneswar,ads,24,male,2025,2025-10
C03037,2024-09-29,medium,Delhi,ads,24,male,2024,2024-09
C03038,2025-09-11,medium,Delhi,organic,35,other,2025,2025-09
C03039,2025-10-12,low,Bangalore,ads,44,male,2025,2025-10
C03040,2024-10-15,high,Chennai,referral,23,female,2024,2024-10
C03041,2025-12-24,medium,Ahmedabad,organic,37,female,2025,2025-12
C03042,2024-09-28,low,Jaipur,organic,29,female,2024,2024-09
C03043,2024-03-06,low,Mumbai,ads,42,male,2024,2024-03
C03044,2025-04-27,high,Delhi,ads,27,male,2025,2025-04
C03045,2024-09-04,medium,Delhi,ads,42,female,2024,2024-09
C03046,2024-06-04,medium,Bhubaneswar,ads,33,female,2024,2024-06
C03047,2024-02-16,high,Jaipur,ads,25,male,2024,2024-02
C03048,2025-03-29,medium,Jaipur,organic,35,female,2025,2025-03
C03049,2024-07-19,high,Jaipur,ads,18,male,2024,2024-07
C03050,2025-10-21,low,Mumbai,organic,29,male,2025,2025-10
C03051,2024-05-03,medium,Ahmedabad,organic,38,female,2024,2024-05
C03052,2024-01-01,high,Ahmedabad,ads,18,female,2024,2024-01
C03053,2025-10-01,high,Mumbai,referral,18,male,2025,2025-10
C03054,2024-07-09,low,Bangalore,ads,18,male,2024,2024-07
C03055,2025-08-01,high,Mumbai,ads,48,male,2025,2025-08
C03056,2025-05-30,medium,Hyderabad,organic,34,other,2025,2025-05
C03057,2025-03-17,medium,Pune,organic,29,male,2025,2025-03
C03058,2024-05-22,medium,Hyderabad,organic,44,male,2024,2024-05
C03059,2024-07-09,medium,Bangalore,referral,30,male,2024,2024-07
C03060,2025-06-16,high,Bangalore,referral,37,male,2025,2025-06
C03061,2024-08-14,medium,Mumbai,referral,35,female,2024,2024-08
C03062,2024-11-08,high,Mumbai,organic,30,male,2024,2024-11
C03063,2025-09-20,medium,Chennai,ads,37,female,2025,2025-09
C03064,2024-10-28,medium,Bhubaneswar,ads,42,male,2024,2024-10
C03065,2025-10-15,medium,Hyderabad,ads,33,female,2025,2025-10
C03066,2025-04-04,high,Ahmedabad,ads,30,male,2025,2025-04
C03067,2025-02-04,medium,Chennai,ads,31,female,2025,2025-02
C03068,2025-07-04,medium,Jaipur,organic,18,male,2025,2025-07
C03069,2025-01-27,low,Kolkata,organic,37,female,2025,2025-01
C03070,2024-07-25,medium,Ahmedabad,organic,22,female,2024,2024-07
C03071,2024-07-28,medium,Jaipur,organic,41,female,2024,2024-07
C03072,2024-04-24,medium,Chennai,organic,34,male,2024,2024-04
C03073,2025-10-07,low,Delhi,organic,36,other,2025,2025-10
C03074,2024-09-07,low,Chennai,organic,42,male,2024,2024-09
C03075,2024-08-06,medium,Chennai,ads,25,female,2024,2024-08
C03076,2025-02-10,medium,Chennai,referral,38,male,2025,2025-02
C03077,2025-03-18,medium,Mumbai,referral,37,male,2025,2025-03
C03078,2025-08-25,medium,Hyderabad,organic,33,male,2025,2025-08
C03079,2024-12-19,low,Chennai,organic,25,male,2024,2024-12
C03080,2025-07-11,medium,Mumbai,organic,40,male,2025,2025-07
C03081,2025-07-03,high,Jaipur,referral,42,male,2025,2025-07
C03082,2024-05-21,low,Bhubaneswar,ads,36,other,2024,2024-05
C03083,2025-09-03,low,Hyderabad,organic,24,female,2025,2025-09
C03084,2025-05-15,medium,Jaipur,referral,29,male,2025,2025-05
C03085,2025-12-02,medium,Bangalore,organic,34,male,2025,2025-12
C03086,2025-06-30,medium,Ahmedabad,referral,41,female,2025,2025-06
C03087,2025-10-20,low,Kolkata,organic,19,male,2025,2025-10
C03088,2025-06-25,low,Bangalore,organic,29,female,2025,2025-06
C03089,2025-05-21,medium,Pune,ads,30,female,2025,2025-05
C03090,2025-08-18,medium,Bhubaneswar,referral,34,female,2025,2025-08
C03091,2024-10-07,low,Pune,referral,21,female,2024,2024-10
C03092,2025-02-27,medium,Delhi,ads,32,female,2025,2025-02
C03093,2024-09-26,medium,Delhi,organic,31,male,2024,2024-09
C03094,2024-06-02,low,Chennai,ads,24,male,2024,2024-06
C03095,2025-09-05,medium,Bhubaneswar,referral,33,male,2025,2025-09
C03096,2025-12-27,medium,Jaipur,ads,29,female,2025,2025-12
C03097,2025-10-23,low,Bangalore,ads,39,male,2025,2025-10
C03098,2024-03-23,low,Bhubaneswar,ads,26,female,2024,2024-03
C03099,2025-09-13,medium,Bangalore,ads,35,male,2025,2025-09
C03100,2025-03-01,medium,Kolkata,ads,26,male,2025,2025-03
C03101,2024-10-01,medium,Jaipur,ads,29,male,2024,2024-10
C03102,2025-12-13,medium,Pune,referral,37,female,2025,2025-12
C03103,2024-10-10,high,Bangalore,ads,37,female,2024,2024-10
C03104,2024-06-21,low,Kolkata,ads,30,female,2024,2024-06
C03105,2024-11-22,medium,Bhubaneswar,organic,32,female,2024,2024-11
C03106,2025-12-18,medium,Kolkata,organic,20,other,2025,2025-12
C03107,2024-03-03,medium,Ahmedabad,referral,49,female,2024,2024-03
C03108,2024-03-13,low,Kolkata,organic,41,male,2024,2024-03
C03109,2025-09-27,medium,Kolkata,referral,41,male,2025,2025-09
C03110,2025-01-09,high,Chennai,ads,19,male,2025,2025-01
C03111,2025-09-24,high,Delhi,ads,29,other,2025,2025-09
C03112,2025-05-22,medium,Pune,referral,31,male,2025,2025-05
C03113,2025-02-01,medium,Ahmedabad,ads,18,male,2025,2025-02
C03114,2024-04-29,medium,Ahmedabad,referral,43,female,2024,2024-04
C03115,2025-03-12,medium,Delhi,organic,49,male,2025,2025-03
C03116,2025-11-06,high,Hyderabad,ads,55,female,2025,2025-11
C03117,2025-04-09,medium,Bangalore,ads,24,female,2025,2025-04
C03118,2024-10-12,medium,Kolkata,organic,36,female,2024,2024-10
C03119,2024-09-21,high,Bhubaneswar,ads,48,female,2024,2024-09
C03120,2024-11-15,high,Kolkata,ads,32,female,2024,2024-11
C03121,2025-11-03,high,Bhubaneswar,referral,29,female,2025,2025-11
C03122,2025-01-10,high,Kolkata,organic,18,male,2025,2025-01
C03123,2024-03-29,medium,Ahmedabad,ads,46,female,2024,2024-03
C03124,2025-10-15,high,Hyderabad,organic,34,female,2025,2025-10
C03125,2024-07-21,medium,Delhi,ads,27,male,2024,2024-07
C03126,2024-11-29,high,Jaipur,ads,37,male,2024,2024-11
C03127,2024-08-09,low,Mumbai,ads,36,male,2024,2024-08
C03128,2024-02-10,low,Pune,ads,36,female,2024,2024-02
C03129,2025-12-08,medium,Jaipur,organic,32,male,2025,2025-12
C03130,2024-03-08,medium,Pune,organic,51,female,2024,2024-03
C03131,2025-05-28,medium,Bangalore,organic,33,male,2025,2025-05
C03132,2025-09-28,medium,Delhi,ads,51,male,2025,2025-09
C03133,2025-09-13,high,Bhubaneswar,referral,40,male,2025,2025-09
C03134,2025-08-20,medium,Jaipur,organic,38,female,2025,2025-08
C03135,2025-09-23,medium,Jaipur,organic,33,male,2025,2025-09
C03136,2024-05-06,low,Pune,ads,44,male,2024,2024-05
C03137,2024-09-11,high,Jaipur,ads,36,female,2024,2024-09
C03138,2025-11-25,low,Bhubaneswar,organic,25,female,2025,2025-11
C03139,2024-01-16,low,Delhi,organic,25,female,2024,2024-01
C03140,2025-04-21,high,Bangalore,organic,39,female,2025,2025-04
C03141,2024-03-02,medium,Mumbai,organic,25,female,2024,2024-03
C03142,2025-03-07,high,Delhi,organic,34,female,2025,2025-03
C03143,2025-10-31,medium,Chennai,organic,45,female,2025,2025-10
C03144,2024-09-24,medium,Bangalore,ads,38,male,2024,2024-09
C03145,2024-02-04,medium,Jaipur,ads,27,male,2024,2024-02
C03146,2025-07-29,medium,Bhubaneswar,organic,49,male,2025,2025-07
C03147,2025-05-08,low,Hyderabad,ads,40,female,2025,2025-05
C03148,2025-07-15,high,Jaipur,ads,45,female,2025,2025-07
C03149,2025-04-13,low,Ahmedabad,referral,18,male,2025,2025-04
C03150,2025-10-22,medium,Ahmedabad,organic,38,female,2025,2025-10
C03151,2024-11-20,low,Hyderabad,ads,43,female,2024,2024-11
C03152,2024-10-30,medium,Mumbai,ads,52,female,2024,2024-10
C03153,2024-10-02,high,Ahmedabad,organic,20,female,2024,2024-10
C03154,2025-11-14,low,Mumbai,referral,47,female,2025,2025-11
C03155,2024-07-19,medium,Bangalore,ads,51,male,2024,2024-07
C03156,2025-03-20,medium,Hyderabad,ads,18,male,2025,2025-03
C03157,2024-11-19,medium,Mumbai,organic,39,female,2024,2024-11
C03158,2024-02-04,medium,Chennai,organic,41,female,2024,2024-02
C03159,2025-04-26,medium,Mumbai,ads,31,female,2025,2025-04
C03160,2025-12-28,low,Kolkata,organic,30,male,2025,2025-12
C03161,2025-04-24,high,Bangalore,ads,41,male,2025,2025-04
C03162,2024-03-05,medium,Chennai,organic,28,male,2024,2024-03
C03163,2024-01-08,low,Hyderabad,ads,32,female,2024,2024-01
C03164,2024-10-27,high,Pune,ads,43,female,2024,2024-10
C03165,2024-12-08,high,Jaipur,organic,52,female,2024,2024-12
C03166,2025-03-06,low,Bhubaneswar,ads,40,female,2025,2025-03
C03167,2025-02-27,medium,Ahmedabad,ads,36,male,2025,2025-02
C03168,2024-11-27,medium,Kolkata,organic,29,male,2024,2024-11
C03169,2025-03-13,high,Kolkata,organic,24,female,2025,2025-03
C03170,2025-08-10,medium,Pune,organic,46,male,2025,2025-08
C03171,2024-06-22,high,Jaipur,organic,33,female,2024,2024-06
C03172,2025-07-12,medium,Jaipur,referral,46,female,2025,2025-07
C03173,2025-06-10,low,Ahmedabad,ads,31,male,2025,2025-06
C03174,2025-10-20,medium,Mumbai,organic,28,male,2025,2025-10
C03175,2024-01-26,medium,Hyderabad,organic,39,male,2024,2024-01
C03176,2025-08-27,low,Jaipur,organic,34,male,2025,2025-08
C03177,2025-02-09,medium,Jaipur,ads,22,female,2025,2025-02
C03178,2024-08-19,low,Bhubaneswar,organic,53,female,2024,2024-08
C03179,2025-06-16,medium,Chennai,ads,28,other,2025,2025-06
C03180,2025-07-03,low,Chennai,organic,44,female,2025,2025-07
C03181,2025-05-19,high,Bhubaneswar,referral,43,female,2025,2025-05
C03182,2025-10-30,high,Delhi,organic,22,female,2025,2025-10
C03183,2024-06-27,medium,Hyderabad,ads,24,female,2024,2024-06
C03184,2024-05-11,medium,Jaipur,ads,31,male,2024,2024-05
C03185,2025-03-30,low,Ahmedabad,ads,26,other,2025,2025-03
C03186,2024-12-13,medium,Hyderabad,ads,52,female,2024,2024-12
C03187,2025-06-23,medium,Pune,ads,32,female,2025,2025-06
C03188,2025-02-09,low,Kolkata,ads,43,other,2025,2025-02
C03189,2024-03-16,medium,Jaipur,ads,40,female,2024,2024-03
C03190,2025-08-01,medium,Delhi,referral,37,male,2025,2025-08
C03191,2025-05-06,medium,Ahmedabad,ads,35,female,2025,2025-05
C03192,2024-07-12,medium,Hyderabad,referral,47,female,2024,2024-07
C03193,2024-06-10,high,Bangalore,organic,26,female,2024,2024-06
C03194,2024-12-12,low,Kolkata,ads,52,male,2024,2024-12
C03195,2024-12-26,high,Jaipur,referral,22,male,2024,2024-12
C03196,2025-08-06,high,Hyderabad,organic,42,female,2025,2025-08
C03197,2024-03-27,low,Hyderabad,referral,20,other,2024,2024-03
C03198,2024-09-18,medium,Ahmedabad,organic,31,male,2024,2024-09
C03199,2024-08-01,medium,Kolkata,referral,35,female,2024,2024-08
C03200,2025-10-26,medium,Chennai,ads,30,male,2025,2025-10
C03201,2025-12-22,medium,Chennai,organic,33,female,2025,2025-12
C03202,2025-07-26,medium,Bangalore,referral,21,male,2025,2025-07
C03203,2024-09-18,medium,Mumbai,organic,25,female,2024,2024-09
C03204,2025-12-30,medium,Bhubaneswar,organic,39,female,2025,2025-12
C03205,2024-10-09,low,Jaipur,organic,35,male,2024,2024-10
C03206,2025-10-09,medium,Ahmedabad,ads,28,male,2025,2025-10
C03207,2025-04-11,low,Jaipur,referral,48,male,2025,2025-04
C03208,2025-01-14,high,Ahmedabad,organic,22,female,2025,2025-01
C03209,2024-12-27,medium,Chennai,ads,31,female,2024,2024-12
C03210,2025-03-24,medium,Ahmedabad,organic,29,female,2025,2025-03
C03211,2025-03-16,low,Kolkata,ads,41,female,2025,2025-03
C03212,2024-04-02,high,Mumbai,organic,35,female,2024,2024-04
C03213,2025-09-12,medium,Bangalore,organic,33,other,2025,2025-09
C03214,2025-02-27,low,Delhi,organic,18,female,2025,2025-02
C03215,2024-05-21,medium,Chennai,ads,43,male,2024,2024-05
C03216,2024-10-17,low,Delhi,referral,32,female,2024,2024-10
C03217,2025-03-07,high,Delhi,ads,36,male,2025,2025-03
C03218,2025-11-19,low,Pune,organic,27,other,2025,2025-11
C03219,2025-10-14,low,Mumbai,ads,25,male,2025,2025-10
C03220,2025-12-01,medium,Bhubaneswar,ads,49,male,2025,2025-12
C03221,2024-02-18,medium,Hyderabad,organic,18,male,2024,2024-02
C03222,2024-10-28,high,Kolkata,organic,24,female,2024,2024-10
C03223,2024-07-08,low,Ahmedabad,organic,49,male,2024,2024-07
C03224,2024-05-15,medium,Jaipur,ads,41,female,2024,2024-05
C03225,2025-07-08,high,Bhubaneswar,ads,31,male,2025,2025-07
C03226,2025-02-07,medium,Jaipur,ads,47,male,2025,2025-02
C03227,2025-08-24,medium,Bangalore,organic,39,male,2025,2025-08
C03228,2024-12-06,high,Bangalore,organic,37,male,2024,2024-12
C03229,2025-12-04,medium,Kolkata,referral,37,male,2025,2025-12
C03230,2024-11-13,high,Ahmedabad,organic,39,male,2024,2024-11
C03231,2025-09-09,medium,Ahmedabad,referral,40,male,2025,2025-09
C03232,2024-12-28,medium,Chennai,ads,56,male,2024,2024-12
C03233,2025-01-16,medium,Ahmedabad,organic,33,male,2025,2025-01
C03234,2024-08-20,low,Hyderabad,ads,33,female,2024,2024-08
C03235,2024-12-09,low,Bhubaneswar,referral,22,male,2024,2024-12
C03236,2025-07-02,medium,Bhubaneswar,ads,34,male,2025,2025-07
C03237,2025-07-06,high,Jaipur,referral,53,male,2025,2025-07
C03238,2025-06-12,medium,Pune,organic,44,female,2025,2025-06
C03239,2025-07-24,medium,Kolkata,ads,29,male,2025,2025-07
C03240,2024-07-01,medium,Kolkata,referral,35,female,2024,2024-07
C03241,2024-02-10,medium,Hyderabad,referral,22,other,2024,2024-02
C03242,2025-07-04,medium,Ahmedabad,ads,25,male,2025,2025-07
C03243,2025-01-31,low,Pune,ads,36,male,2025,2025-01
C03244,2025-12-04,high,Chennai,organic,30,male,2025,2025-12
C03245,2025-05-08,medium,Chennai,organic,24,male,2025,2025-05
C03246,2025-10-20,high,Bhubaneswar,organic,39,male,2025,2025-10
C03247,2024-11-28,low,Hyderabad,organic,34,male,2024,2024-11
C03248,2024-05-06,high,Delhi,organic,19,female,2024,2024-05
C03249,2025-07-11,high,Delhi,organic,18,male,2025,2025-07
C03250,2025-07-10,medium,Ahmedabad,referral,29,male,2025,2025-07
C03251,2024-01-01,medium,Bhubaneswar,ads,19,female,2024,2024-01
C03252,2024-06-16,medium,Hyderabad,ads,18,male,2024,2024-06
C03253,2025-09-11,medium,Delhi,referral,46,male,2025,2025-09
C03254,2024-01-19,medium,Mumbai,organic,34,female,2024,2024-01
C03255,2024-11-27,high,Jaipur,ads,32,male,2024,2024-11
C03256,2025-08-06,medium,Bangalore,ads,33,female,2025,2025-08
C03257,2025-03-31,low,Jaipur,organic,23,male,2025,2025-03
C03258,2024-04-18,medium,Bangalore,ads,39,female,2024,2024-04
C03259,2024-09-24,low,Mumbai,organic,33,female,2024,2024-09
C03260,2025-03-20,medium,Mumbai,organic,27,male,2025,2025-03
C03261,2024-08-27,medium,Hyderabad,organic,28,male,2024,2024-08
C03262,2024-10-27,high,Pune,referral,22,male,2024,2024-10
C03263,2025-08-24,medium,Kolkata,ads,30,female,2025,2025-08
C03264,2024-04-12,low,Delhi,ads,32,female,2024,2024-04
C03265,2024-09-06,low,Hyderabad,ads,30,male,2024,2024-09
C03266,2025-03-28,medium,Pune,organic,35,female,2025,2025-03
C03267,2025-06-03,high,Kolkata,ads,34,female,2025,2025-06
C03268,2024-06-01,high,Hyderabad,ads,37,other,2024,2024-06
C03269,2024-06-22,medium,Ahmedabad,organic,44,male,2024,2024-06
C03270,2024-12-08,medium,Kolkata,ads,40,female,2024,2024-12
C03271,2025-10-31,high,Jaipur,organic,44,male,2025,2025-10
C03272,2025-03-06,low,Kolkata,organic,26,female,2025,2025-03
C03273,2025-12-27,medium,Jaipur,referral,29,male,2025,2025-12
C03274,2025-11-19,low,Chennai,ads,41,male,2025,2025-11
C03275,2025-11-17,low,Bangalore,ads,41,female,2025,2025-11
C03276,2025-10-19,low,Jaipur,ads,28,female,2025,2025-10
C03277,2024-11-19,medium,Mumbai,organic,41,male,2024,2024-11
C03278,2025-11-03,medium,Ahmedabad,ads,25,female,2025,2025-11
C03279,2025-09-30,medium,Delhi,ads,39,male,2025,2025-09
C03280,2025-02-23,medium,Chennai,ads,34,male,2025,2025-02
C03281,2025-08-16,medium,Chennai,referral,21,male,2025,2025-08
C03282,2025-04-29,low,Bhubaneswar,referral,30,male,2025,2025-04
C03283,2025-10-20,low,Hyderabad,ads,56,female,2025,2025-10
C03284,2025-02-15,low,Hyderabad,referral,37,male,2025,2025-02
C03285,2024-03-24,low,Hyderabad,ads,58,male,2024,2024-03
C03286,2024-04-22,medium,Kolkata,ads,20,female,2024,2024-04
C03287,2024-11-27,high,Delhi,organic,42,male,2024,2024-11
C03288,2025-01-12,medium,Bangalore,ads,18,female,2025,2025-01
C03289,2025-10-16,medium,Jaipur,referral,34,female,2025,2025-10
C03290,2024-02-10,low,Hyderabad,ads,41,male,2024,2024-02
C03291,2024-04-14,medium,Chennai,ads,43,male,2024,2024-04
C03292,2024-07-20,medium,Jaipur,organic,27,female,2024,2024-07
C03293,2025-03-25,medium,Delhi,organic,45,female,2025,2025-03
C03294,2024-09-22,high,Chennai,organic,29,female,2024,2024-09
C03295,2024-07-28,medium,Mumbai,organic,33,female,2024,2024-07
C03296,2025-07-16,low,Delhi,ads,30,female,2025,2025-07
C03297,2024-04-27,high,Kolkata,organic,23,male,2024,2024-04
C03298,2025-12-13,medium,Hyderabad,ads,50,female,2025,2025-12
C03299,2025-01-11,medium,Pune,ads,35,male,2025,2025-01
C03300,2025-07-04,high,Ahmedabad,organic,45,male,2025,2025-07
C03301,2025-06-23,high,Chennai,organic,45,male,2025,2025-06
C03302,2024-03-24,low,Bhubaneswar,referral,25,male,2024,2024-03
C03303,2025-03-29,medium,Bhubaneswar,organic,47,female,2025,2025-03
C03304,2025-10-28,medium,Ahmedabad,organic,40,male,2025,2025-10
C03305,2025-09-20,high,Bangalore,referral,24,male,2025,2025-09
C03306,2025-05-28,medium,Bangalore,referral,39,male,2025,2025-05
C03307,2025-08-27,medium,Ahmedabad,ads,24,male,2025,2025-08
C03308,2025-11-08,medium,Pune,organic,51,female,2025,2025-11
C03309,2025-01-21,high,Kolkata,organic,43,female,2025,2025-01
C03310,2024-12-15,low,Delhi,referral,34,female,2024,2024-12
C03311,2024-10-22,medium,Pune,referral,47,female,2024,2024-10
C03312,2024-09-14,medium,Jaipur,ads,19,female,2024,2024-09
C03313,2024-03-21,medium,Hyderabad,organic,27,male,2024,2024-03
C03314,2024-09-24,medium,Bangalore,organic,32,female,2024,2024-09
C03315,2025-02-22,low,Chennai,organic,57,male,2025,2025-02
C03316,2024-08-22,low,Bangalore,ads,24,other,2024,2024-08
C03317,2024-11-06,medium,Bhubaneswar,organic,18,other,2024,2024-11
C03318,2024-12-22,low,Chennai,referral,20,female,2024,2024-12
C03319,2024-07-31,low,Jaipur,organic,44,male,2024,2024-07
C03320,2025-07-27,low,Jaipur,ads,29,male,2025,2025-07
C03321,2024-02-18,medium,Hyderabad,organic,33,female,2024,2024-02
C03322,2024-05-06,medium,Mumbai,ads,42,female,2024,2024-05
C03323,2024-08-10,medium,Bhubaneswar,organic,33,female,2024,2024-08
C03324,2024-10-05,low,Ahmedabad,ads,37,male,2024,2024-10
C03325,2025-02-11,high,Bangalore,ads,40,female,2025,2025-02
C03326,2025-05-19,medium,Hyderabad,organic,30,female,2025,2025-05
C03327,2024-10-20,medium,Hyderabad,referral,33,male,2024,2024-10
C03328,2024-10-03,medium,Mumbai,ads,37,female,2024,2024-10
C03329,2025-03-13,medium,Jaipur,referral,43,male,2025,2025-03
C03330,2024-04-16,low,Bhubaneswar,referral,27,female,2024,2024-04
C03331,2025-10-19,medium,Chennai,referral,18,male,2025,2025-10
C03332,2025-02-23,low,Bhubaneswar,organic,41,female,2025,2025-02
C03333,2025-09-02,medium,Bhubaneswar,organic,44,male,2025,2025-09
C03334,2025-03-04,medium,Bangalore,referral,37,male,2025,2025-03
C03335,2025-01-09,medium,Chennai,ads,37,female,2025,2025-01
C03336,2024-03-13,high,Pune,organic,29,female,2024,2024-03
C03337,2025-09-25,medium,Chennai,ads,40,female,2025,2025-09
C03338,2024-01-30,medium,Hyderabad,organic,43,male,2024,2024-01
C03339,2024-07-06,medium,Mumbai,ads,35,female,2024,2024-07
C03340,2024-12-29,low,Bhubaneswar,referral,59,male,2024,2024-12
C03341,2025-03-26,medium,Chennai,ads,19,female,2025,2025-03
C03342,2024-07-13,high,Hyderabad,organic,36,male,2024,2024-07
C03343,2024-06-04,high,Delhi,ads,23,male,2024,2024-06
C03344,2024-06-20,medium,Jaipur,ads,43,female,2024,2024-06
C03345,2024-02-10,medium,Mumbai,ads,19,male,2024,2024-02
C03346,2024-03-03,high,Kolkata,organic,21,other,2024,2024-03
C03347,2024-01-23,medium,Ahmedabad,ads,28,male,2024,2024-01
C03348,2024-12-25,medium,Hyderabad,ads,37,female,2024,2024-12
C03349,2024-03-15,medium,Bhubaneswar,ads,29,female,2024,2024-03
C03350,2025-07-13,low,Mumbai,referral,29,female,2025,2025-07
C03351,2025-11-02,medium,Jaipur,ads,33,male,2025,2025-11
C03352,2024-04-27,medium,Chennai,organic,32,male,2024,2024-04
C03353,2025-09-03,low,Delhi,ads,49,male,2025,2025-09
C03354,2025-01-14,medium,Kolkata,ads,41,female,2025,2025-01
C03355,2025-11-09,medium,Jaipur,organic,31,female,2025,2025-11
C03356,2024-10-16,medium,Delhi,ads,55,female,2024,2024-10
C03357,2025-03-15,high,Ahmedabad,organic,39,female,2025,2025-03
C03358,2025-10-29,medium,Mumbai,organic,25,male,2025,2025-10
C03359,2024-01-07,medium,Pune,referral,37,male,2024,2024-01
C03360,2024-07-14,low,Bangalore,referral,40,male,2024,2024-07
C03361,2025-02-24,low,Mumbai,ads,28,female,2025,2025-02
C03362,2025-07-21,medium,Kolkata,ads,24,male,2025,2025-07
C03363,2024-07-11,medium,Pune,referral,35,female,2024,2024-07
C03364,2025-07-12,medium,Pune,referral,31,male,2025,2025-07
C03365,2024-05-27,medium,Ahmedabad,ads,49,male,2024,2024-05
C03366,2025-10-30,medium,Bangalore,ads,42,female,2025,2025-10
C03367,2024-07-20,medium,Pune,ads,28,male,2024,2024-07
C03368,2025-03-19,medium,Hyderabad,organic,39,female,2025,2025-03
C03369,2025-02-22,high,Jaipur,ads,47,female,2025,2025-02
C03370,2025-03-02,low,Pune,ads,21,male,2025,2025-03
C03371,2025-04-23,high,Pune,referral,24,male,2025,2025-04
C03372,2025-04-19,low,Jaipur,referral,34,female,2025,2025-04
C03373,2024-05-05,low,Chennai,organic,35,female,2024,2024-05
C03374,2025-01-29,medium,Ahmedabad,ads,34,male,2025,2025-01
C03375,2025-07-29,low,Pune,organic,31,female,2025,2025-07
C03376,2024-11-20,medium,Pune,organic,31,female,2024,2024-11
C03377,2025-01-26,medium,Bangalore,referral,38,male,2025,2025-01
C03378,2025-11-18,medium,Delhi,ads,46,female,2025,2025-11
C03379,2025-09-19,medium,Chennai,ads,30,female,2025,2025-09
C03380,2025-03-15,medium,Bhubaneswar,organic,59,male,2025,2025-03
C03381,2024-07-22,medium,Chennai,ads,54,female,2024,2024-07
C03382,2025-04-30,medium,Jaipur,ads,48,female,2025,2025-04
C03383,2024-01-31,medium,Bangalore,organic,41,female,2024,2024-01
C03384,2025-01-22,medium,Ahmedabad,organic,55,female,2025,2025-01
C03385,2025-09-16,high,Mumbai,organic,32,male,2025,2025-09
C03386,2025-03-09,high,Bangalore,ads,26,male,2025,2025-03
C03387,2025-01-10,medium,Kolkata,referral,29,female,2025,2025-01
C03388,2024-12-09,high,Jaipur,referral,24,female,2024,2024-12
C03389,2025-03-18,high,Delhi,referral,36,male,2025,2025-03
C03390,2025-08-01,low,Kolkata,referral,37,male,2025,2025-08
C03391,2024-03-15,high,Kolkata,referral,37,female,2024,2024-03
C03392,2025-07-10,medium,Ahmedabad,ads,34,female,2025,2025-07
C03393,2025-10-27,medium,Bhubaneswar,ads,36,male,2025,2025-10
C03394,2024-06-03,low,Mumbai,ads,52,female,2024,2024-06
C03395,2025-03-05,medium,Pune,referral,41,male,2025,2025-03
C03396,2024-12-28,medium,Hyderabad,organic,44,male,2024,2024-12
C03397,2025-03-23,medium,Pune,organic,36,male,2025,2025-03
C03398,2024-08-21,medium,Kolkata,referral,18,female,2024,2024-08
C03399,2025-07-16,medium,Chennai,organic,18,female,2025,2025-07
C03400,2024-09-18,high,Hyderabad,referral,55,female,2024,2024-09
C03401,2024-05-04,low,Ahmedabad,ads,29,male,2024,2024-05
C03402,2024-09-01,medium,Mumbai,organic,28,female,2024,2024-09
C03403,2025-06-25,medium,Ahmedabad,ads,37,male,2025,2025-06
C03404,2025-04-29,low,Jaipur,referral,40,female,2025,2025-04
C03405,2024-05-01,medium,Delhi,organic,41,female,2024,2024-05
C03406,2024-05-04,low,Kolkata,ads,52,male,2024,2024-05
C03407,2025-07-02,medium,Chennai,referral,50,male,2025,2025-07
C03408,2024-06-18,low,Ahmedabad,organic,26,female,2024,2024-06
C03409,2024-05-03,high,Hyderabad,organic,44,female,2024,2024-05
C03410,2024-02-04,low,Kolkata,organic,31,male,2024,2024-02
C03411,2024-03-27,low,Mumbai,organic,33,female,2024,2024-03
C03412,2025-10-07,medium,Chennai,organic,24,male,2025,2025-10
C03413,2025-12-08,high,Bhubaneswar,ads,18,male,2025,2025-12
C03414,2024-07-19,medium,Bhubaneswar,organic,34,female,2024,2024-07
C03415,2025-01-03,low,Hyderabad,referral,25,female,2025,2025-01
C03416,2024-03-17,medium,Delhi,organic,44,male,2024,2024-03
C03417,2024-02-28,medium,Bhubaneswar,ads,32,male,2024,2024-02
C03418,2025-03-06,high,Kolkata,ads,38,female,2025,2025-03
C03419,2025-09-29,medium,Mumbai,referral,48,female,2025,2025-09
C03420,2025-05-14,medium,Delhi,ads,20,female,2025,2025-05
C03421,2024-04-18,low,Pune,organic,27,female,2024,2024-04
C03422,2024-10-04,medium,Mumbai,referral,36,female,2024,2024-10
C03423,2024-03-08,low,Kolkata,organic,38,male,2024,2024-03
C03424,2024-03-09,medium,Kolkata,organic,46,female,2024,2024-03
C03425,2024-06-13,high,Jaipur,ads,43,male,2024,2024-06
C03426,2025-05-03,medium,Delhi,ads,35,female,2025,2025-05
C03427,2024-10-31,medium,Mumbai,organic,38,female,2024,2024-10
C03428,2025-11-04,low,Delhi,ads,38,female,2025,2025-11
C03429,2024-12-30,low,Hyderabad,ads,20,female,2024,2024-12
C03430,2025-01-13,medium,Bangalore,referral,33,female,2025,2025-01
C03431,2024-12-08,medium,Delhi,organic,37,female,2024,2024-12
C03432,2025-07-07,medium,Bhubaneswar,organic,39,female,2025,2025-07
C03433,2024-12-19,low,Kolkata,ads,25,female,2024,2024-12
C03434,2025-02-19,low,Jaipur,organic,22,female,2025,2025-02
C03435,2024-04-18,low,Pune,ads,32,male,2024,2024-04
C03436,2025-07-16,medium,Jaipur,ads,54,male,2025,2025-07
C03437,2025-05-11,medium,Mumbai,ads,26,male,2025,2025-05
C03438,2024-12-06,medium,Hyderabad,referral,46,male,2024,2024-12
C03439,2025-01-17,medium,Hyderabad,referral,50,female,2025,2025-01
C03440,2025-06-16,medium,Pune,ads,35,male,2025,2025-06
C03441,2024-10-26,high,Delhi,referral,28,male,2024,2024-10
C03442,2024-05-18,high,Delhi,organic,40,male,2024,2024-05
C03443,2024-12-24,low,Mumbai,ads,36,male,2024,2024-12
C03444,2025-05-13,low,Mumbai,ads,26,male,2025,2025-05
C03445,2025-01-19,medium,Chennai,referral,28,female,2025,2025-01
C03446,2025-08-26,medium,Delhi,ads,39,female,2025,2025-08
C03447,2024-10-06,medium,Mumbai,ads,44,male,2024,2024-10
C03448,2025-09-28,low,Hyderabad,referral,31,male,2025,2025-09
C03449,2025-04-27,low,Bangalore,ads,34,female,2025,2025-04
C03450,2024-04-20,low,Kolkata,ads,41,female,2024,2024-04
C03451,2024-05-18,low,Delhi,organic,33,female,2024,2024-05
C03452,2025-03-10,medium,Chennai,organic,32,male,2025,2025-03
C03453,2025-05-23,medium,Kolkata,referral,27,male,2025,2025-05
C03454,2024-09-29,medium,Bhubaneswar,ads,27,male,2024,2024-09
C03455,2024-04-08,medium,Bangalore,ads,61,male,2024,2024-04
C03456,2024-04-13,low,Jaipur,organic,33,female,2024,2024-04
C03457,2024-08-01,medium,Delhi,organic,48,female,2024,2024-08
C03458,2025-10-25,high,Jaipur,organic,51,male,2025,2025-10
C03459,2024-06-13,medium,Chennai,ads,33,female,2024,2024-06
C03460,2025-06-03,low,Delhi,organic,38,other,2025,2025-06
C03461,2024-10-10,medium,Chennai,organic,36,female,2024,2024-10
C03462,2025-05-31,medium,Ahmedabad,ads,18,female,2025,2025-05
C03463,2025-10-18,medium,Chennai,ads,19,female,2025,2025-10
C03464,2025-09-04,high,Mumbai,organic,35,male,2025,2025-09
C03465,2024-06-12,medium,Mumbai,ads,30,male,2024,2024-06
C03466,2025-10-20,low,Jaipur,referral,53,other,2025,2025-10
C03467,2024-03-04,medium,Ahmedabad,ads,32,female,2024,2024-03
C03468,2024-03-31,low,Chennai,referral,54,female,2024,2024-03
C03469,2024-04-26,medium,Bhubaneswar,referral,30,female,2024,2024-04
C03470,2024-09-23,high,Jaipur,organic,54,male,2024,2024-09
C03471,2025-11-15,low,Kolkata,organic,40,female,2025,2025-11
C03472,2025-07-12,medium,Mumbai,ads,40,female,2025,2025-07
C03473,2024-05-19,medium,Kolkata,ads,29,male,2024,2024-05
C03474,2024-09-02,low,Kolkata,ads,40,male,2024,2024-09
C03475,2025-10-22,medium,Ahmedabad,organic,51,female,2025,2025-10
C03476,2025-01-29,low,Jaipur,ads,33,male,2025,2025-01
C03477,2025-05-01,high,Hyderabad,organic,31,male,2025,2025-05
C03478,2025-04-20,medium,Jaipur,referral,32,male,2025,2025-04
C03479,2025-05-31,high,Hyderabad,organic,51,female,2025,2025-05
C03480,2024-07-02,low,Chennai,referral,43,female,2024,2024-07
C03481,2024-01-20,medium,Hyderabad,organic,49,female,2024,2024-01
C03482,2025-07-11,low,Delhi,organic,38,male,2025,2025-07
C03483,2025-06-07,low,Chennai,organic,35,other,2025,2025-06
C03484,2025-08-04,medium,Hyderabad,referral,39,male,2025,2025-08
C03485,2025-06-12,medium,Bhubaneswar,organic,45,male,2025,2025-06
C03486,2024-05-26,medium,Kolkata,ads,32,male,2024,2024-05
C03487,2025-10-27,medium,Chennai,referral,48,male,2025,2025-10
C03488,2024-10-30,medium,Kolkata,ads,38,male,2024,2024-10
C03489,2025-09-11,medium,Pune,organic,18,male,2025,2025-09
C03490,2025-08-04,low,Jaipur,referral,43,male,2025,2025-08
C03491,2025-11-25,low,Hyderabad,referral,22,female,2025,2025-11
C03492,2024-08-15,low,Kolkata,ads,43,male,2024,2024-08
C03493,2024-04-11,low,Hyderabad,ads,44,female,2024,2024-04
C03494,2025-08-09,medium,Kolkata,referral,38,female,2025,2025-08
C03495,2025-02-20,medium,Bhubaneswar,referral,40,male,2025,2025-02
C03496,2024-08-03,low,Bangalore,ads,45,female,2024,2024-08
C03497,2025-02-10,medium,Bhubaneswar,referral,30,male,2025,2025-02
C03498,2025-02-02,low,Mumbai,organic,42,male,2025,2025-02
C03499,2025-12-15,medium,Hyderabad,organic,46,male,2025,2025-12
C03500,2025-12-04,medium,Bhubaneswar,organic,52,female,2025,2025-12
C03501,2025-05-13,low,Delhi,organic,23,female,2025,2025-05
C03502,2025-04-09,low,Hyderabad,ads,39,female,2025,2025-04
C03503,2025-11-21,medium,Ahmedabad,ads,25,male,2025,2025-11
C03504,2025-12-31,low,Jaipur,organic,24,male,2025,2025-12
C03505,2024-03-22,medium,Jaipur,ads,38,female,2024,2024-03
C03506,2025-08-26,medium,Mumbai,organic,35,female,2025,2025-08
C03507,2025-11-17,low,Delhi,referral,46,female,2025,2025-11
C03508,2024-12-30,medium,Mumbai,referral,31,male,2024,2024-12
C03509,2024-06-11,medium,Chennai,organic,33,male,2024,2024-06
C03510,2024-02-17,medium,Hyderabad,referral,37,male,2024,2024-02
C03511,2025-05-25,medium,Delhi,organic,26,female,2025,2025-05
C03512,2024-11-24,medium,Pune,ads,27,male,2024,2024-11
C03513,2024-04-25,medium,Kolkata,referral,46,female,2024,2024-04
C03514,2024-12-02,high,Ahmedabad,organic,29,female,2024,2024-12
C03515,2024-05-26,low,Hyderabad,ads,46,male,2024,2024-05
C03516,2025-07-28,medium,Ahmedabad,organic,41,female,2025,2025-07
C03517,2024-11-18,low,Delhi,organic,19,female,2024,2024-11
C03518,2025-03-18,medium,Kolkata,ads,40,male,2025,2025-03
C03519,2024-01-13,medium,Mumbai,referral,40,female,2024,2024-01
C03520,2025-05-08,medium,Hyderabad,ads,39,female,2025,2025-05
C03521,2025-12-01,medium,Kolkata,referral,33,male,2025,2025-12
C03522,2024-10-13,medium,Ahmedabad,referral,25,female,2024,2024-10
C03523,2025-12-20,medium,Bangalore,organic,48,female,2025,2025-12
C03524,2024-04-23,medium,Delhi,ads,33,female,2024,2024-04
C03525,2025-04-24,high,Delhi,ads,26,female,2025,2025-04
C03526,2024-01-22,medium,Ahmedabad,ads,39,male,2024,2024-01
C03527,2024-12-14,high,Ahmedabad,organic,27,male,2024,2024-12
C03528,2025-12-26,high,Chennai,referral,25,female,2025,2025-12
C03529,2025-11-13,low,Mumbai,ads,31,male,2025,2025-11
C03530,2025-07-19,medium,Ahmedabad,ads,28,female,2025,2025-07
C03531,2024-11-15,medium,Bhubaneswar,ads,25,male,2024,2024-11
C03532,2024-05-05,medium,Jaipur,organic,43,female,2024,2024-05
C03533,2024-10-03,low,Jaipur,ads,33,female,2024,2024-10
C03534,2024-07-22,medium,Hyderabad,referral,47,female,2024,2024-07
C03535,2024-07-12,low,Pune,referral,26,female,2024,2024-07
C03536,2025-11-11,medium,Hyderabad,organic,18,female,2025,2025-11
C03537,2025-10-25,low,Chennai,ads,36,male,2025,2025-10
C03538,2025-06-30,low,Kolkata,ads,53,male,2025,2025-06
C03539,2025-11-26,low,Pune,organic,40,female,2025,2025-11
C03540,2024-10-12,high,Kolkata,organic,65,female,2024,2024-10
C03541,2024-02-26,medium,Jaipur,ads,38,male,2024,2024-02
C03542,2024-10-29,medium,Jaipur,ads,37,male,2024,2024-10
C03543,2024-06-11,medium,Jaipur,organic,18,male,2024,2024-06
C03544,2024-01-19,low,Ahmedabad,organic,39,female,2024,2024-01
C03545,2025-01-04,high,Chennai,organic,36,male,2025,2025-01
C03546,2024-09-20,high,Bhubaneswar,organic,30,male,2024,2024-09
C03547,2024-04-22,medium,Hyderabad,ads,33,male,2024,2024-04
C03548,2025-05-02,high,Kolkata,organic,34,female,2025,2025-05
C03549,2024-11-22,medium,Bangalore,organic,33,female,2024,2024-11
C03550,2025-06-25,low,Hyderabad,referral,55,male,2025,2025-06
C03551,2025-10-08,medium,Delhi,organic,31,male,2025,2025-10
C03552,2025-08-01,high,Mumbai,ads,36,female,2025,2025-08
C03553,2024-03-05,medium,Pune,referral,30,male,2024,2024-03
C03554,2024-10-18,medium,Kolkata,ads,42,male,2024,2024-10
C03555,2024-01-25,high,Chennai,ads,36,female,2024,2024-01
C03556,2025-07-02,medium,Jaipur,ads,32,female,2025,2025-07
C03557,2024-01-01,low,Delhi,organic,18,other,2024,2024-01
C03558,2025-07-02,low,Mumbai,ads,37,male,2025,2025-07
C03559,2024-05-20,low,Kolkata,ads,31,male,2024,2024-05
C03560,2025-10-09,high,Bhubaneswar,organic,34,female,2025,2025-10
C03561,2024-07-06,low,Jaipur,ads,23,male,2024,2024-07
C03562,2024-05-07,low,Kolkata,referral,49,male,2024,2024-05
C03563,2024-07-19,low,Bangalore,organic,43,male,2024,2024-07
C03564,2024-05-06,high,Bangalore,ads,49,female,2024,2024-05
C03565,2024-09-13,low,Chennai,ads,46,female,2024,2024-09
C03566,2025-11-06,low,Bangalore,referral,40,male,2025,2025-11
C03567,2025-06-30,low,Bhubaneswar,referral,23,male,2025,2025-06
C03568,2024-07-12,high,Chennai,ads,53,female,2024,2024-07
C03569,2025-12-03,low,Pune,organic,25,female,2025,2025-12
C03570,2024-04-13,low,Bhubaneswar,organic,32,female,2024,2024-04
C03571,2025-06-18,medium,Chennai,organic,42,male,2025,2025-06
C03572,2024-09-21,medium,Bhubaneswar,ads,42,female,2024,2024-09
C03573,2025-01-18,low,Bangalore,ads,40,female,2025,2025-01
C03574,2024-09-16,medium,Pune,referral,30,female,2024,2024-09
C03575,2025-02-17,medium,Bhubaneswar,ads,28,male,2025,2025-02
C03576,2024-12-23,medium,Pune,ads,60,female,2024,2024-12
C03577,2024-03-15,low,Mumbai,ads,34,male,2024,2024-03
C03578,2024-12-20,high,Bhubaneswar,organic,33,male,2024,2024-12
C03579,2025-08-06,medium,Hyderabad,ads,27,male,2025,2025-08
C03580,2024-07-06,medium,Jaipur,ads,37,female,2024,2024-07
C03581,2025-11-15,low,Bangalore,referral,36,male,2025,2025-11
C03582,2024-10-16,medium,Kolkata,organic,34,male,2024,2024-10
C03583,2024-02-14,low,Pune,referral,38,male,2024,2024-02
C03584,2025-07-26,low,Bangalore,ads,52,female,2025,2025-07
C03585,2024-03-23,high,Delhi,organic,29,female,2024,2024-03
C03586,2024-05-02,medium,Hyderabad,organic,35,male,2024,2024-05
C03587,2024-12-23,high,Bangalore,organic,28,male,2024,2024-12
C03588,2025-06-11,medium,Jaipur,ads,37,female,2025,2025-06
C03589,2024-03-06,medium,Hyderabad,organic,29,male,2024,2024-03
C03590,2025-10-18,low,Jaipur,ads,29,male,2025,2025-10
C03591,2025-01-09,low,Bangalore,referral,20,female,2025,2025-01
C03592,2024-06-10,high,Hyderabad,ads,35,male,2024,2024-06
C03593,2025-01-14,high,Kolkata,ads,39,other,2025,2025-01
C03594,2025-10-17,medium,Kolkata,organic,53,male,2025,2025-10
C03595,2024-12-23,medium,Jaipur,ads,39,male,2024,2024-12
C03596,2024-07-06,medium,Jaipur,organic,30,male,2024,2024-07
C03597,2024-11-17,low,Mumbai,referral,21,female,2024,2024-11
C03598,2025-03-25,low,Kolkata,organic,22,male,2025,2025-03
C03599,2025-04-18,medium,Kolkata,ads,22,female,2025,2025-04
C03600,2024-01-13,low,Pune,ads,53,male,2024,2024-01
C03601,2024-07-02,medium,Chennai,ads,37,male,2024,2024-07
C03602,2024-04-20,low,Bhubaneswar,referral,29,female,2024,2024-04
C03603,2025-05-22,medium,Pune,organic,25,female,2025,2025-05
C03604,2024-10-16,high,Jaipur,organic,26,female,2024,2024-10
C03605,2024-10-21,low,Ahmedabad,ads,28,female,2024,2024-10
C03606,2025-03-26,medium,Bhubaneswar,ads,48,male,2025,2025-03
C03607,2024-08-02,low,Ahmedabad,ads,34,male,2024,2024-08
C03608,2025-09-23,medium,Delhi,organic,20,male,2025,2025-09
C03609,2025-07-20,high,Jaipur,ads,58,other,2025,2025-07
C03610,2024-01-27,high,Bangalore,referral,23,female,2024,2024-01
C03611,2025-09-21,medium,Chennai,ads,29,male,2025,2025-09
C03612,2024-08-18,medium,Ahmedabad,referral,48,male,2024,2024-08
C03613,2025-07-18,medium,Bhubaneswar,ads,39,male,2025,2025-07
C03614,2024-11-16,medium,Jaipur,organic,30,male,2024,2024-11
C03615,2024-08-20,medium,Pune,organic,22,male,2024,2024-08
C03616,2025-10-31,low,Mumbai,ads,25,male,2025,2025-10
C03617,2025-03-12,medium,Hyderabad,ads,25,male,2025,2025-03
C03618,2025-06-16,low,Kolkata,ads,35,male,2025,2025-06
C03619,2025-02-06,medium,Chennai,ads,36,female,2025,2025-02
C03620,2024-02-22,medium,Chennai,referral,33,female,2024,2024-02
C03621,2024-11-08,high,Kolkata,ads,34,male,2024,2024-11
C03622,2024-10-07,medium,Kolkata,ads,24,female,2024,2024-10
C03623,2025-12-26,high,Kolkata,organic,37,male,2025,2025-12
C03624,2024-01-31,medium,Mumbai,ads,47,male,2024,2024-01
C03625,2024-12-02,medium,Delhi,referral,33,female,2024,2024-12
C03626,2024-07-01,medium,Mumbai,organic,33,male,2024,2024-07
C03627,2024-01-23,low,Pune,referral,35,male,2024,2024-01
C03628,2025-06-27,medium,Delhi,referral,46,female,2025,2025-06
C03629,2025-03-21,medium,Hyderabad,ads,26,male,2025,2025-03
C03630,2024-03-14,high,Kolkata,organic,49,male,2024,2024-03
C03631,2024-01-10,low,Mumbai,organic,39,female,2024,2024-01
C03632,2025-04-28,high,Bangalore,organic,35,male,2025,2025-04
C03633,2025-03-31,medium,Pune,organic,47,female,2025,2025-03
C03634,2025-07-19,medium,Hyderabad,ads,23,male,2025,2025-07
C03635,2025-07-17,medium,Hyderabad,organic,40,male,2025,2025-07
C03636,2025-10-21,medium,Bhubaneswar,ads,39,female,2025,2025-10
C03637,2024-06-08,low,Bhubaneswar,organic,25,male,2024,2024-06
C03638,2024-01-14,high,Hyderabad,organic,39,female,2024,2024-01
C03639,2024-06-26,medium,Delhi,ads,37,female,2024,2024-06
C03640,2025-02-15,medium,Jaipur,referral,33,male,2025,2025-02
C03641,2024-02-22,high,Pune,ads,43,female,2024,2024-02
C03642,2025-02-11,medium,Bhubaneswar,ads,29,male,2025,2025-02
C03643,2024-01-22,medium,Chennai,ads,37,male,2024,2024-01
C03644,2024-01-30,medium,Kolkata,ads,33,female,2024,2024-01
C03645,2025-12-03,medium,Pune,referral,28,female,2025,2025-12
C03646,2024-09-16,medium,Hyderabad,organic,40,male,2024,2024-09
C03647,2024-07-23,low,Hyderabad,referral,32,female,2024,2024-07
C03648,2024-02-28,medium,Bangalore,organic,20,male,2024,2024-02
C03649,2025-04-15,medium,Jaipur,referral,18,male,2025,2025-04
C03650,2025-04-10,medium,Kolkata,organic,42,female,2025,2025-04
C03651,2024-01-12,high,Chennai,referral,22,female,2024,2024-01
C03652,2025-09-22,high,Ahmedabad,referral,37,male,2025,2025-09
C03653,2024-10-16,medium,Bhubaneswar,organic,35,male,2024,2024-10
C03654,2024-12-19,low,Bangalore,referral,31,male,2024,2024-12
C03655,2025-09-30,low,Hyderabad,organic,54,male,2025,2025-09
C03656,2024-03-15,high,Jaipur,organic,36,female,2024,2024-03
C03657,2025-12-16,low,Delhi,ads,42,female,2025,2025-12
C03658,2025-07-14,low,Bangalore,referral,37,female,2025,2025-07
C03659,2025-08-13,medium,Jaipur,ads,32,female,2025,2025-08
C03660,2025-03-16,low,Pune,ads,34,female,2025,2025-03
C03661,2024-08-28,medium,Pune,ads,49,male,2024,2024-08
C03662,2024-06-02,medium,Mumbai,referral,45,male,2024,2024-06
C03663,2024-04-05,medium,Bangalore,ads,54,male,2024,2024-04
C03664,2025-12-26,medium,Pune,organic,37,female,2025,2025-12
C03665,2024-10-20,medium,Hyderabad,organic,26,male,2024,2024-10
C03666,2024-07-27,medium,Pune,organic,30,female,2024,2024-07
C03667,2024-12-08,low,Jaipur,ads,23,male,2024,2024-12
C03668,2024-03-28,low,Ahmedabad,organic,42,female,2024,2024-03
C03669,2025-01-24,low,Bhubaneswar,organic,29,female,2025,2025-01
C03670,2024-11-20,low,Hyderabad,referral,18,male,2024,2024-11
C03671,2024-06-05,low,Kolkata,organic,59,female,2024,2024-06
C03672,2025-10-29,high,Jaipur,ads,29,male,2025,2025-10
C03673,2025-10-12,medium,Ahmedabad,organic,29,female,2025,2025-10
C03674,2025-09-24,medium,Pune,organic,51,male,2025,2025-09
C03675,2025-07-30,low,Chennai,organic,22,male,2025,2025-07
C03676,2025-09-10,medium,Mumbai,ads,46,male,2025,2025-09
C03677,2025-10-20,low,Ahmedabad,referral,29,male,2025,2025-10
C03678,2024-05-16,high,Pune,organic,21,female,2024,2024-05
C03679,2025-11-04,medium,Ahmedabad,organic,52,female,2025,2025-11
C03680,2025-03-03,low,Ahmedabad,ads,44,male,2025,2025-03
C03681,2025-03-27,high,Jaipur,ads,44,male,2025,2025-03
C03682,2025-09-03,medium,Chennai,ads,38,female,2025,2025-09
C03683,2024-05-20,medium,Pune,referral,40,male,2024,2024-05
C03684,2024-03-23,medium,Chennai,ads,22,male,2024,2024-03
C03685,2024-06-25,low,Bangalore,ads,36,male,2024,2024-06
C03686,2024-07-16,medium,Jaipur,referral,25,female,2024,2024-07
C03687,2025-09-15,medium,Bhubaneswar,ads,21,female,2025,2025-09
C03688,2025-07-21,high,Bhubaneswar,organic,39,female,2025,2025-07
C03689,2025-11-21,low,Ahmedabad,organic,46,male,2025,2025-11
C03690,2025-02-24,medium,Hyderabad,organic,31,female,2025,2025-02
C03691,2025-02-04,medium,Mumbai,organic,32,female,2025,2025-02
C03692,2025-11-28,low,Bangalore,organic,23,male,2025,2025-11
C03693,2025-04-15,medium,Jaipur,organic,35,female,2025,2025-04
C03694,2024-08-05,low,Hyderabad,referral,42,other,2024,2024-08
C03695,2025-12-29,medium,Delhi,referral,42,female,2025,2025-12
C03696,2025-09-23,medium,Mumbai,ads,40,female,2025,2025-09
C03697,2024-06-23,high,Bhubaneswar,referral,28,female,2024,2024-06
C03698,2024-01-23,low,Bhubaneswar,organic,28,female,2024,2024-01
C03699,2025-12-25,low,Hyderabad,referral,42,female,2025,2025-12
C03700,2024-08-22,medium,Bangalore,ads,43,female,2024,2024-08
C03701,2024-01-13,medium,Mumbai,organic,33,male,2024,2024-01
C03702,2024-04-10,low,Hyderabad,organic,30,female,2024,2024-04
C03703,2025-06-19,medium,Delhi,organic,46,female,2025,2025-06
C03704,2025-06-06,low,Jaipur,organic,31,male,2025,2025-06
C03705,2025-03-27,medium,Hyderabad,organic,42,female,2025,2025-03
C03706,2025-03-06,low,Ahmedabad,organic,33,male,2025,2025-03
C03707,2025-08-28,medium,Pune,organic,24,female,2025,2025-08
C03708,2025-12-13,medium,Ahmedabad,organic,51,female,2025,2025-12
C03709,2025-06-16,medium,Mumbai,referral,36,female,2025,2025-06
C03710,2025-12-23,low,Chennai,organic,27,female,2025,2025-12
C03711,2025-10-13,medium,Ahmedabad,organic,21,female,2025,2025-10
C03712,2024-10-19,medium,Pune,ads,22,female,2024,2024-10
C03713,2024-04-10,medium,Ahmedabad,referral,31,female,2024,2024-04
C03714,2025-05-16,medium,Hyderabad,organic,54,male,2025,2025-05
C03715,2024-10-30,low,Pune,referral,29,male,2024,2024-10
C03716,2025-06-23,low,Jaipur,organic,49,female,2025,2025-06
C03717,2025-07-06,high,Chennai,organic,33,female,2025,2025-07
C03718,2024-12-20,low,Hyderabad,organic,23,male,2024,2024-12
C03719,2024-10-29,low,Delhi,ads,30,male,2024,2024-10
C03720,2025-05-10,low,Delhi,organic,22,male,2025,2025-05
C03721,2025-10-19,medium,Mumbai,ads,26,male,2025,2025-10
C03722,2024-08-14,low,Kolkata,organic,26,female,2024,2024-08
C03723,2024-08-23,high,Ahmedabad,ads,18,male,2024,2024-08
C03724,2025-03-30,medium,Pune,organic,50,male,2025,2025-03
C03725,2024-01-13,low,Hyderabad,ads,37,female,2024,2024-01
C03726,2024-07-28,medium,Delhi,ads,28,male,2024,2024-07
C03727,2025-01-31,high,Chennai,ads,37,female,2025,2025-01
C03728,2024-04-09,low,Kolkata,organic,26,male,2024,2024-04
C03729,2024-01-31,low,Chennai,referral,18,female,2024,2024-01
C03730,2025-06-11,high,Ahmedabad,ads,64,male,2025,2025-06
C03731,2025-10-10,low,Bangalore,organic,36,male,2025,2025-10
C03732,2024-11-24,medium,Kolkata,referral,29,male,2024,2024-11
C03733,2024-06-14,medium,Bhubaneswar,ads,18,female,2024,2024-06
C03734,2025-04-03,low,Bangalore,ads,20,female,2025,2025-04
C03735,2024-04-09,medium,Bangalore,organic,51,male,2024,2024-04
C03736,2025-09-12,high,Ahmedabad,ads,50,female,2025,2025-09
C03737,2024-06-21,medium,Chennai,organic,42,male,2024,2024-06
C03738,2024-06-10,medium,Jaipur,ads,23,female,2024,2024-06
C03739,2025-12-28,medium,Delhi,ads,50,male,2025,2025-12
C03740,2024-09-19,low,Pune,ads,39,female,2024,2024-09
C03741,2024-09-30,low,Pune,organic,41,male,2024,2024-09
C03742,2024-01-03,medium,Hyderabad,referral,39,female,2024,2024-01
C03743,2024-01-28,low,Hyderabad,organic,19,female,2024,2024-01
C03744,2024-11-21,high,Bangalore,ads,23,male,2024,2024-11
C03745,2024-05-28,high,Bangalore,ads,29,male,2024,2024-05
C03746,2025-06-23,low,Jaipur,ads,41,female,2025,2025-06
C03747,2025-05-02,high,Ahmedabad,organic,21,female,2025,2025-05
C03748,2025-03-13,medium,Delhi,organic,33,female,2025,2025-03
C03749,2024-03-05,medium,Pune,organic,33,female,2024,2024-03
C03750,2024-12-21,medium,Jaipur,ads,42,female,2024,2024-12
C03751,2025-06-16,low,Pune,organic,41,male,2025,2025-06
C03752,2024-09-08,medium,Bhubaneswar,ads,24,female,2024,2024-09
C03753,2024-08-22,high,Hyderabad,ads,49,male,2024,2024-08
C03754,2024-08-14,medium,Bhubaneswar,organic,23,female,2024,2024-08
C03755,2025-06-08,medium,Delhi,organic,45,female,2025,2025-06
C03756,2024-11-08,medium,Delhi,organic,29,female,2024,2024-11
C03757,2024-02-18,medium,Ahmedabad,organic,36,female,2024,2024-02
C03758,2024-04-27,low,Kolkata,ads,37,male,2024,2024-04
C03759,2024-02-23,low,Bangalore,ads,36,female,2024,2024-02
C03760,2025-10-11,medium,Hyderabad,ads,41,female,2025,2025-10
C03761,2025-07-18,medium,Jaipur,organic,38,male,2025,2025-07
C03762,2024-02-13,medium,Ahmedabad,referral,42,male,2024,2024-02
C03763,2024-02-22,low,Jaipur,organic,39,female,2024,2024-02
C03764,2025-08-08,low,Kolkata,organic,22,male,2025,2025-08
C03765,2025-07-11,medium,Ahmedabad,ads,37,female,2025,2025-07
C03766,2025-06-08,low,Chennai,referral,29,female,2025,2025-06
C03767,2025-11-07,medium,Pune,organic,23,female,2025,2025-11
C03768,2024-04-11,high,Bangalore,ads,32,female,2024,2024-04
C03769,2025-02-01,high,Bangalore,referral,36,male,2025,2025-02
C03770,2024-05-17,medium,Bangalore,ads,37,female,2024,2024-05
C03771,2025-11-05,medium,Bhubaneswar,organic,45,male,2025,2025-11
C03772,2025-01-21,high,Hyderabad,referral,48,male,2025,2025-01
C03773,2024-04-20,medium,Ahmedabad,ads,38,female,2024,2024-04
C03774,2025-09-05,medium,Ahmedabad,ads,40,male,2025,2025-09
C03775,2024-01-17,medium,Bhubaneswar,ads,35,male,2024,2024-01
C03776,2024-06-30,medium,Delhi,referral,42,female,2024,2024-06
C03777,2025-06-19,high,Hyderabad,ads,39,male,2025,2025-06
C03778,2025-06-24,medium,Kolkata,organic,34,female,2025,2025-06
C03779,2024-06-19,medium,Kolkata,ads,56,female,2024,2024-06
C03780,2025-02-12,medium,Bangalore,organic,29,male,2025,2025-02
C03781,2025-01-12,high,Ahmedabad,organic,49,male,2025,2025-01
C03782,2024-07-06,medium,Mumbai,ads,21,male,2024,2024-07
C03783,2024-08-17,high,Delhi,organic,43,male,2024,2024-08
C03784,2024-04-28,medium,Jaipur,ads,49,male,2024,2024-04
C03785,2024-06-04,low,Bangalore,referral,18,female,2024,2024-06
C03786,2025-11-17,high,Kolkata,ads,36,female,2025,2025-11
C03787,2025-04-09,medium,Kolkata,referral,42,male,2025,2025-04
C03788,2024-04-13,high,Hyderabad,organic,37,female,2024,2024-04
C03789,2025-08-26,medium,Delhi,referral,38,male,2025,2025-08
C03790,2025-11-28,medium,Delhi,referral,36,female,2025,2025-11
C03791,2025-05-16,medium,Mumbai,organic,24,male,2025,2025-05
C03792,2025-11-23,medium,Kolkata,organic,58,male,2025,2025-11
C03793,2025-11-12,low,Pune,organic,29,female,2025,2025-11
C03794,2025-11-29,medium,Hyderabad,referral,39,male,2025,2025-11
C03795,2024-06-23,medium,Ahmedabad,referral,28,female,2024,2024-06
C03796,2025-11-04,medium,Pune,organic,18,male,2025,2025-11
C03797,2025-02-24,low,Chennai,ads,25,male,2025,2025-02
C03798,2024-05-13,low,Hyderabad,organic,20,female,2024,2024-05
C03799,2025-01-25,medium,Jaipur,ads,45,female,2025,2025-01
C03800,2025-05-15,low,Ahmedabad,referral,28,male,2025,2025-05
C03801,2025-10-26,medium,Delhi,organic,29,male,2025,2025-10
C03802,2024-02-02,low,Ahmedabad,referral,24,female,2024,2024-02
C03803,2024-02-24,low,Hyderabad,referral,35,female,2024,2024-02
C03804,2025-06-02,high,Kolkata,referral,27,female,2025,2025-06
C03805,2025-09-29,low,Chennai,organic,44,female,2025,2025-09
C03806,2024-01-12,medium,Delhi,organic,38,other,2024,2024-01
C03807,2025-06-11,medium,Pune,organic,29,male,2025,2025-06
C03808,2025-12-20,medium,Bhubaneswar,ads,43,female,2025,2025-12
C03809,2025-07-08,low,Chennai,ads,35,female,2025,2025-07
C03810,2025-01-07,medium,Mumbai,organic,35,female,2025,2025-01
C03811,2025-04-28,high,Bhubaneswar,ads,20,male,2025,2025-04
C03812,2025-10-08,low,Jaipur,organic,34,female,2025,2025-10
C03813,2024-08-15,high,Pune,organic,38,female,2024,2024-08
C03814,2025-09-14,high,Jaipur,ads,48,female,2025,2025-09
C03815,2024-11-02,medium,Ahmedabad,organic,27,male,2024,2024-11
C03816,2025-04-01,medium,Kolkata,organic,57,female,2025,2025-04
C03817,2024-06-08,medium,Ahmedabad,organic,40,female,2024,2024-06
C03818,2024-11-26,high,Kolkata,referral,19,female,2024,2024-11
C03819,2024-08-12,low,Bangalore,ads,26,female,2024,2024-08
C03820,2025-12-29,low,Bangalore,ads,49,female,2025,2025-12
C03821,2025-05-18,medium,Jaipur,ads,47,male,2025,2025-05
C03822,2025-03-31,medium,Mumbai,ads,35,male,2025,2025-03
C03823,2024-02-14,medium,Jaipur,organic,36,male,2024,2024-02
C03824,2024-08-01,medium,Bangalore,ads,23,female,2024,2024-08
C03825,2024-02-28,high,Bhubaneswar,ads,48,male,2024,2024-02
C03826,2025-10-05,high,Bhubaneswar,ads,25,female,2025,2025-10
C03827,2025-09-07,low,Mumbai,ads,43,female,2025,2025-09
C03828,2024-07-13,medium,Mumbai,ads,48,female,2024,2024-07
C03829,2025-05-03,medium,Mumbai,organic,35,female,2025,2025-05
C03830,2024-06-05,low,Jaipur,referral,44,female,2024,2024-06
C03831,2025-09-01,medium,Pune,organic,53,female,2025,2025-09
C03832,2024-08-13,medium,Hyderabad,referral,37,male,2024,2024-08
C03833,2025-02-15,medium,Delhi,organic,33,male,2025,2025-02
C03834,2024-07-23,high,Mumbai,organic,34,male,2024,2024-07
C03835,2024-03-19,low,Delhi,ads,27,male,2024,2024-03
C03836,2024-05-03,medium,Pune,organic,27,female,2024,2024-05
C03837,2025-04-15,low,Hyderabad,referral,39,male,2025,2025-04
C03838,2024-08-05,low,Mumbai,ads,33,female,2024,2024-08
C03839,2025-05-30,low,Mumbai,ads,38,male,2025,2025-05
C03840,2025-08-24,low,Mumbai,organic,20,other,2025,2025-08
C03841,2024-04-13,medium,Bhubaneswar,organic,34,male,2024,2024-04
C03842,2025-01-27,medium,Pune,organic,45,male,2025,2025-01
C03843,2025-09-22,medium,Delhi,ads,23,male,2025,2025-09
C03844,2025-10-06,medium,Kolkata,ads,35,female,2025,2025-10
C03845,2025-08-30,low,Kolkata,ads,18,male,2025,2025-08
C03846,2025-03-09,medium,Pune,referral,21,female,2025,2025-03
C03847,2024-11-26,low,Mumbai,ads,43,female,2024,2024-11
C03848,2024-05-22,low,Kolkata,referral,31,male,2024,2024-05
C03849,2025-06-23,low,Delhi,organic,53,male,2025,2025-06
C03850,2024-10-04,low,Kolkata,organic,39,female,2024,2024-10
C03851,2024-08-20,medium,Delhi,organic,40,male,2024,2024-08
C03852,2025-06-12,high,Mumbai,organic,24,female,2025,2025-06
C03853,2025-07-24,high,Mumbai,ads,31,male,2025,2025-07
C03854,2024-03-30,medium,Jaipur,ads,27,female,2024,2024-03
C03855,2025-05-06,medium,Bangalore,ads,24,female,2025,2025-05
C03856,2024-07-17,low,Bhubaneswar,ads,41,female,2024,2024-07
C03857,2024-12-27,low,Hyderabad,referral,43,male,2024,2024-12
C03858,2025-03-16,medium,Hyderabad,referral,38,female,2025,2025-03
C03859,2024-01-26,high,Ahmedabad,organic,26,female,2024,2024-01
C03860,2024-01-25,high,Bhubaneswar,organic,38,female,2024,2024-01
C03861,2025-01-28,high,Mumbai,organic,18,female,2025,2025-01
C03862,2025-05-21,medium,Hyderabad,organic,48,female,2025,2025-05
C03863,2024-10-27,medium,Delhi,ads,22,female,2024,2024-10
C03864,2024-12-04,high,Ahmedabad,ads,23,female,2024,2024-12
C03865,2024-09-23,medium,Kolkata,organic,36,male,2024,2024-09
C03866,2025-04-05,high,Kolkata,ads,37,male,2025,2025-04
C03867,2025-11-23,medium,Ahmedabad,ads,34,other,2025,2025-11
C03868,2025-03-31,medium,Bangalore,organic,23,male,2025,2025-03
C03869,2024-12-25,medium,Chennai,organic,46,female,2024,2024-12
C03870,2024-03-08,medium,Delhi,referral,18,female,2024,2024-03
C03871,2025-02-15,low,Hyderabad,ads,20,male,2025,2025-02
C03872,2025-05-05,medium,Bangalore,organic,33,male,2025,2025-05
C03873,2024-02-18,medium,Delhi,organic,22,male,2024,2024-02
C03874,2025-11-17,low,Jaipur,organic,47,female,2025,2025-11
C03875,2025-07-17,medium,Hyderabad,organic,23,male,2025,2025-07
C03876,2024-04-11,low,Jaipur,referral,50,male,2024,2024-04
C03877,2024-08-03,medium,Mumbai,organic,45,female,2024,2024-08
C03878,2025-03-13,medium,Bhubaneswar,organic,47,male,2025,2025-03
C03879,2025-11-30,high,Mumbai,organic,53,female,2025,2025-11
C03880,2025-07-22,medium,Kolkata,ads,35,female,2025,2025-07
C03881,2025-07-12,medium,Bangalore,organic,24,male,2025,2025-07
C03882,2024-06-07,high,Ahmedabad,organic,33,male,2024,2024-06
C03883,2025-05-03,medium,Mumbai,ads,29,male,2025,2025-05
C03884,2025-11-16,medium,Bangalore,ads,27,male,2025,2025-11
C03885,2024-08-29,high,Pune,organic,36,male,2024,2024-08
C03886,2024-01-05,medium,Kolkata,organic,31,female,2024,2024-01
C03887,2025-08-18,medium,Hyderabad,ads,27,female,2025,2025-08
C03888,2024-12-26,high,Bangalore,referral,32,female,2024,2024-12
C03889,2025-04-03,medium,Delhi,organic,40,male,2025,2025-04
C03890,2024-09-04,low,Hyderabad,organic,44,male,2024,2024-09
C03891,2025-07-19,medium,Kolkata,organic,18,male,2025,2025-07
C03892,2025-11-03,medium,Mumbai,ads,31,male,2025,2025-11
C03893,2025-02-25,medium,Pune,ads,33,female,2025,2025-02
C03894,2024-01-15,medium,Jaipur,ads,23,male,2024,2024-01
C03895,2025-07-26,low,Chennai,ads,33,male,2025,2025-07
C03896,2024-05-01,medium,Hyderabad,referral,36,female,2024,2024-05
C03897,2024-10-03,high,Hyderabad,referral,40,female,2024,2024-10
C03898,2025-07-11,medium,Ahmedabad,ads,35,other,2025,2025-07
C03899,2025-03-28,low,Mumbai,ads,26,male,2025,2025-03
C03900,2025-01-24,high,Hyderabad,organic,55,male,2025,2025-01
C03901,2024-10-20,low,Ahmedabad,ads,43,male,2024,2024-10
C03902,2025-07-27,low,Kolkata,ads,40,male,2025,2025-07
C03903,2025-08-20,high,Hyderabad,ads,45,female,2025,2025-08
C03904,2025-03-21,low,Pune,organic,37,female,2025,2025-03
C03905,2024-07-28,medium,Delhi,ads,47,female,2024,2024-07
C03906,2025-08-12,low,Chennai,ads,35,male,2025,2025-08
C03907,2025-12-14,medium,Kolkata,ads,35,male,2025,2025-12
C03908,2024-10-28,medium,Jaipur,organic,41,female,2024,2024-10
C03909,2024-08-10,medium,Mumbai,ads,50,female,2024,2024-08
C03910,2024-01-03,low,Mumbai,organic,50,female,2024,2024-01
C03911,2025-06-01,high,Mumbai,referral,40,female,2025,2025-06
C03912,2024-04-02,medium,Pune,ads,40,other,2024,2024-04
C03913,2025-06-03,high,Kolkata,organic,41,female,2025,2025-06
C03914,2025-03-03,medium,Hyderabad,organic,44,male,2025,2025-03
C03915,2025-05-07,medium,Pune,ads,47,female,2025,2025-05
C03916,2024-08-22,medium,Ahmedabad,organic,32,male,2024,2024-08
C03917,2025-09-11,medium,Mumbai,referral,48,male,2025,2025-09
C03918,2024-06-09,high,Jaipur,ads,38,male,2024,2024-06
C03919,2025-12-21,high,Ahmedabad,organic,41,male,2025,2025-12
C03920,2024-11-26,high,Chennai,ads,48,male,2024,2024-11
C03921,2024-11-28,medium,Hyderabad,organic,42,male,2024,2024-11
C03922,2024-02-19,low,Hyderabad,referral,44,female,2024,2024-02
C03923,2025-06-06,high,Bangalore,organic,31,female,2025,2025-06
C03924,2025-10-29,low,Jaipur,referral,49,female,2025,2025-10
C03925,2025-05-06,low,Pune,ads,41,male,2025,2025-05
C03926,2025-08-04,medium,Pune,referral,36,male,2025,2025-08
C03927,2025-11-11,medium,Bhubaneswar,organic,46,male,2025,2025-11
C03928,2024-09-28,low,Chennai,organic,60,female,2024,2024-09
C03929,2025-08-02,high,Mumbai,ads,23,female,2025,2025-08
C03930,2024-09-08,medium,Bangalore,ads,26,male,2024,2024-09
C03931,2025-07-13,medium,Ahmedabad,organic,61,female,2025,2025-07
C03932,2025-11-26,medium,Hyderabad,organic,39,female,2025,2025-11
C03933,2025-11-29,low,Bhubaneswar,organic,36,male,2025,2025-11
C03934,2024-03-30,high,Bhubaneswar,ads,33,male,2024,2024-03
C03935,2025-03-21,medium,Chennai,organic,47,female,2025,2025-03
C03936,2024-11-27,medium,Delhi,organic,61,female,2024,2024-11
C03937,2024-05-18,medium,Hyderabad,organic,28,male,2024,2024-05
C03938,2024-12-22,medium,Pune,ads,34,male,2024,2024-12
C03939,2025-08-23,medium,Ahmedabad,organic,31,female,2025,2025-08
C03940,2024-09-30,low,Mumbai,referral,42,male,2024,2024-09
C03941,2024-01-19,medium,Mumbai,organic,47,female,2024,2024-01
C03942,2024-11-06,low,Jaipur,referral,51,male,2024,2024-11
C03943,2024-06-02,medium,Delhi,ads,42,male,2024,2024-06
C03944,2025-01-24,high,Chennai,organic,60,male,2025,2025-01
C03945,2024-09-16,high,Mumbai,organic,29,female,2024,2024-09
C03946,2025-09-11,high,Bangalore,ads,26,female,2025,2025-09
C03947,2025-07-24,medium,Mumbai,ads,49,female,2025,2025-07
C03948,2024-05-04,medium,Kolkata,ads,36,male,2024,2024-05
C03949,2024-12-19,low,Bangalore,organic,21,female,2024,2024-12
C03950,2024-09-29,low,Ahmedabad,referral,31,female,2024,2024-09
C03951,2025-09-10,high,Jaipur,referral,37,male,2025,2025-09
C03952,2024-09-01,medium,Mumbai,ads,28,other,2024,2024-09
C03953,2025-03-25,medium,Pune,ads,24,female,2025,2025-03
C03954,2024-09-03,medium,Bangalore,ads,32,other,2024,2024-09
C03955,2025-06-03,high,Jaipur,organic,24,female,2025,2025-06
C03956,2024-05-20,high,Bhubaneswar,organic,41,female,2024,2024-05
C03957,2024-12-27,low,Kolkata,ads,18,female,2024,2024-12
C03958,2024-01-08,low,Kolkata,referral,35,male,2024,2024-01
C03959,2025-04-22,high,Ahmedabad,organic,40,female,2025,2025-04
C03960,2024-12-17,medium,Bangalore,ads,34,male,2024,2024-12
C03961,2025-05-09,medium,Pune,referral,45,female,2025,2025-05
C03962,2025-08-28,low,Delhi,organic,21,female,2025,2025-08
C03963,2025-03-02,medium,Pune,organic,27,female,2025,2025-03
C03964,2024-02-08,high,Jaipur,ads,31,female,2024,2024-02
C03965,2025-08-15,low,Mumbai,organic,42,male,2025,2025-08
C03966,2024-07-05,medium,Hyderabad,organic,37,female,2024,2024-07
C03967,2025-08-18,medium,Ahmedabad,organic,56,male,2025,2025-08
C03968,2025-08-22,medium,Hyderabad,organic,26,male,2025,2025-08
C03969,2024-04-02,medium,Bangalore,referral,21,female,2024,2024-04
C03970,2024-03-26,medium,Delhi,ads,52,female,2024,2024-03
C03971,2024-02-13,medium,Kolkata,ads,20,male,2024,2024-02
C03972,2024-05-16,medium,Kolkata,ads,41,male,2024,2024-05
C03973,2025-02-24,high,Bhubaneswar,referral,25,male,2025,2025-02
C03974,2024-03-14,low,Jaipur,organic,18,female,2024,2024-03
C03975,2025-07-01,high,Jaipur,organic,31,female,2025,2025-07
C03976,2025-09-04,high,Pune,referral,43,male,2025,2025-09
C03977,2025-05-26,medium,Jaipur,referral,22,female,2025,2025-05
C03978,2024-06-04,low,Pune,organic,40,male,2024,2024-06
C03979,2024-09-11,low,Pune,organic,42,female,2024,2024-09
C03980,2024-06-19,medium,Mumbai,ads,22,male,2024,2024-06
C03981,2025-12-28,medium,Ahmedabad,organic,32,other,2025,2025-12
C03982,2024-06-18,low,Hyderabad,ads,50,male,2024,2024-06
C03983,2024-11-17,medium,Mumbai,organic,41,female,2024,2024-11
C03984,2025-07-20,medium,Delhi,organic,32,female,2025,2025-07
C03985,2025-03-31,low,Delhi,ads,39,male,2025,2025-03
C03986,2025-08-25,high,Delhi,referral,28,male,2025,2025-08
C03987,2025-09-04,low,Kolkata,ads,46,male,2025,2025-09
C03988,2024-06-03,low,Kolkata,organic,46,female,2024,2024-06
C03989,2024-12-14,medium,Ahmedabad,referral,36,male,2024,2024-12
C03990,2025-03-26,low,Delhi,ads,37,female,2025,2025-03
C03991,2025-10-14,low,Bangalore,organic,25,female,2025,2025-10
C03992,2024-06-21,high,Bangalore,organic,21,male,2024,2024-06
C03993,2024-01-10,medium,Bhubaneswar,organic,31,male,2024,2024-01
C03994,2024-09-21,high,Mumbai,ads,34,female,2024,2024-09
C03995,2025-03-13,medium,Hyderabad,ads,45,male,2025,2025-03
C03996,2024-09-03,low,Kolkata,organic,44,male,2024,2024-09
C03997,2025-10-28,medium,Jaipur,organic,36,female,2025,2025-10
C03998,2025-06-29,medium,Hyderabad,organic,46,male,2025,2025-06
C03999,2025-05-13,medium,Chennai,ads,25,male,2025,2025-05
C04000,2024-05-08,low,Ahmedabad,organic,45,male,2024,2024-05
C04001,2025-11-02,high,Ahmedabad,organic,27,other,2025,2025-11
C04002,2025-08-23,medium,Delhi,referral,47,male,2025,2025-08
C04003,2025-08-27,high,Bangalore,ads,34,other,2025,2025-08
C04004,2024-11-22,medium,Delhi,organic,18,male,2024,2024-11
C04005,2025-02-07,high,Hyderabad,ads,42,male,2025,2025-02
C04006,2025-09-20,medium,Bangalore,organic,43,female,2025,2025-09
C04007,2025-08-28,medium,Delhi,ads,30,male,2025,2025-08
C04008,2025-11-05,high,Hyderabad,ads,31,male,2025,2025-11
C04009,2025-09-02,low,Chennai,ads,33,male,2025,2025-09
C04010,2025-09-16,high,Bhubaneswar,ads,18,female,2025,2025-09
C04011,2024-12-24,medium,Mumbai,organic,18,male,2024,2024-12
C04012,2025-08-25,high,Bhubaneswar,ads,48,female,2025,2025-08
C04013,2025-12-18,medium,Chennai,organic,26,female,2025,2025-12
C04014,2024-01-17,medium,Bhubaneswar,organic,53,male,2024,2024-01
C04015,2024-09-30,medium,Jaipur,referral,48,male,2024,2024-09
C04016,2025-11-15,high,Kolkata,ads,50,female,2025,2025-11
C04017,2024-04-25,medium,Kolkata,referral,28,female,2024,2024-04
C04018,2025-11-23,medium,Jaipur,organic,18,female,2025,2025-11
C04019,2024-03-31,low,Kolkata,ads,24,male,2024,2024-03
C04020,2024-03-22,medium,Hyderabad,organic,30,male,2024,2024-03
C04021,2024-11-19,medium,Kolkata,ads,18,female,2024,2024-11
C04022,2024-04-23,medium,Ahmedabad,organic,30,female,2024,2024-04
C04023,2024-02-27,medium,Ahmedabad,organic,32,female,2024,2024-02
C04024,2024-06-02,high,Bangalore,organic,22,male,2024,2024-06
C04025,2025-02-07,medium,Pune,ads,24,other,2025,2025-02
C04026,2025-09-19,medium,Chennai,organic,32,male,2025,2025-09
C04027,2024-09-22,medium,Ahmedabad,referral,38,male,2024,2024-09
C04028,2024-11-10,medium,Mumbai,organic,26,female,2024,2024-11
C04029,2025-12-15,low,Bangalore,organic,37,female,2025,2025-12
C04030,2024-02-10,high,Jaipur,organic,36,male,2024,2024-02
C04031,2024-04-14,medium,Chennai,referral,35,female,2024,2024-04
C04032,2024-07-11,low,Chennai,organic,28,male,2024,2024-07
C04033,2025-02-04,medium,Jaipur,organic,21,male,2025,2025-02
C04034,2024-10-04,medium,Pune,ads,51,female,2024,2024-10
C04035,2024-12-19,medium,Bhubaneswar,organic,41,male,2024,2024-12
C04036,2025-08-02,high,Bhubaneswar,ads,45,male,2025,2025-08
C04037,2025-12-09,medium,Delhi,organic,34,male,2025,2025-12
C04038,2024-09-12,low,Delhi,ads,33,male,2024,2024-09
C04039,2025-10-12,high,Bangalore,organic,39,male,2025,2025-10
C04040,2025-10-22,medium,Delhi,ads,18,female,2025,2025-10
C04041,2024-04-08,low,Delhi,ads,23,female,2024,2024-04
C04042,2025-08-10,low,Jaipur,ads,27,male,2025,2025-08
C04043,2024-10-08,medium,Bhubaneswar,ads,30,female,2024,2024-10
C04044,2025-02-06,medium,Delhi,referral,26,female,2025,2025-02
C04045,2024-04-18,medium,Ahmedabad,organic,38,female,2024,2024-04
C04046,2025-11-30,high,Mumbai,organic,35,male,2025,2025-11
C04047,2024-07-17,medium,Ahmedabad,ads,48,male,2024,2024-07
C04048,2024-10-29,medium,Pune,ads,59,female,2024,2024-10
C04049,2024-11-22,low,Ahmedabad,organic,22,male,2024,2024-11
C04050,2024-06-02,high,Bangalore,ads,36,male,2024,2024-06
C04051,2025-07-05,medium,Delhi,organic,36,female,2025,2025-07
C04052,2025-10-06,medium,Delhi,ads,34,male,2025,2025-10
C04053,2025-02-08,medium,Jaipur,referral,24,other,2025,2025-02
C04054,2025-04-06,high,Hyderabad,ads,25,female,2025,2025-04
C04055,2024-05-11,medium,Pune,organic,37,female,2024,2024-05
C04056,2024-03-24,low,Ahmedabad,ads,25,female,2024,2024-03
C04057,2025-02-02,medium,Hyderabad,ads,36,male,2025,2025-02
C04058,2025-09-19,medium,Chennai,organic,32,female,2025,2025-09
C04059,2024-04-18,medium,Mumbai,ads,36,female,2024,2024-04
C04060,2024-08-08,medium,Mumbai,referral,25,male,2024,2024-08
C04061,2025-07-06,medium,Bhubaneswar,organic,36,female,2025,2025-07
C04062,2025-01-02,low,Delhi,organic,26,female,2025,2025-01
C04063,2024-05-26,low,Bhubaneswar,organic,36,female,2024,2024-05
C04064,2024-04-21,medium,Jaipur,ads,48,female,2024,2024-04
C04065,2025-09-06,medium,Pune,referral,37,male,2025,2025-09
C04066,2025-07-11,low,Pune,ads,38,male,2025,2025-07
C04067,2025-05-08,medium,Chennai,organic,43,male,2025,2025-05
C04068,2025-05-19,medium,Bangalore,ads,20,male,2025,2025-05
C04069,2025-04-19,medium,Pune,ads,52,male,2025,2025-04
C04070,2024-09-27,low,Pune,ads,24,female,2024,2024-09
C04071,2025-02-24,medium,Pune,organic,43,female,2025,2025-02
C04072,2025-12-07,low,Mumbai,ads,42,male,2025,2025-12
C04073,2025-01-01,low,Bangalore,ads,25,female,2025,2025-01
C04074,2024-10-06,medium,Bangalore,organic,45,male,2024,2024-10
C04075,2024-10-09,low,Kolkata,ads,39,female,2024,2024-10
C04076,2024-02-09,low,Ahmedabad,referral,53,other,2024,2024-02
C04077,2024-07-07,medium,Jaipur,organic,36,female,2024,2024-07
C04078,2024-06-12,high,Delhi,referral,33,male,2024,2024-06
C04079,2025-06-19,high,Pune,organic,29,male,2025,2025-06
C04080,2025-06-19,medium,Pune,ads,18,female,2025,2025-06
C04081,2024-01-04,medium,Kolkata,organic,31,female,2024,2024-01
C04082,2024-10-16,medium,Delhi,organic,32,female,2024,2024-10
C04083,2025-03-08,high,Bangalore,ads,37,male,2025,2025-03
C04084,2025-04-15,low,Chennai,ads,20,male,2025,2025-04
C04085,2024-06-29,medium,Mumbai,ads,32,male,2024,2024-06
C04086,2024-09-04,medium,Pune,ads,40,female,2024,2024-09
C04087,2025-09-19,medium,Jaipur,ads,41,female,2025,2025-09
C04088,2024-10-05,medium,Jaipur,referral,18,male,2024,2024-10
C04089,2025-08-03,medium,Pune,ads,42,male,2025,2025-08
C04090,2024-09-10,medium,Jaipur,organic,32,female,2024,2024-09
C04091,2024-06-29,high,Chennai,organic,33,other,2024,2024-06
C04092,2025-11-11,low,Jaipur,organic,18,male,2025,2025-11
C04093,2025-05-23,low,Hyderabad,ads,49,male,2025,2025-05
C04094,2025-11-30,medium,Delhi,organic,36,female,2025,2025-11
C04095,2025-07-19,low,Kolkata,organic,19,male,2025,2025-07
C04096,2024-11-21,low,Kolkata,organic,38,female,2024,2024-11
C04097,2024-12-22,high,Bhubaneswar,ads,38,male,2024,2024-12
C04098,2025-10-11,low,Mumbai,organic,47,female,2025,2025-10
C04099,2025-11-10,low,Delhi,organic,31,female,2025,2025-11
C04100,2025-01-25,medium,Pune,ads,35,male,2025,2025-01
C04101,2025-09-06,high,Hyderabad,ads,28,female,2025,2025-09
C04102,2024-03-25,high,Chennai,organic,40,female,2024,2024-03
C04103,2024-11-12,high,Bhubaneswar,ads,27,male,2024,2024-11
C04104,2024-07-30,low,Mumbai,organic,26,male,2024,2024-07
C04105,2025-05-29,medium,Mumbai,referral,34,female,2025,2025-05
C04106,2025-01-18,low,Ahmedabad,organic,22,female,2025,2025-01
C04107,2025-11-21,low,Delhi,referral,51,male,2025,2025-11
C04108,2024-12-07,medium,Hyderabad,referral,54,male,2024,2024-12
C04109,2024-02-07,medium,Bangalore,ads,30,female,2024,2024-02
C04110,2025-05-25,high,Chennai,organic,21,male,2025,2025-05
C04111,2025-02-23,medium,Bhubaneswar,ads,38,female,2025,2025-02
C04112,2024-06-17,medium,Pune,organic,30,female,2024,2024-06
C04113,2024-12-08,high,Kolkata,referral,46,female,2024,2024-12
C04114,2024-11-01,high,Bhubaneswar,ads,27,female,2024,2024-11
C04115,2025-06-25,low,Jaipur,referral,40,female,2025,2025-06
C04116,2025-12-02,medium,Mumbai,ads,36,female,2025,2025-12
C04117,2025-06-20,medium,Pune,ads,28,male,2025,2025-06
C04118,2024-04-21,medium,Chennai,ads,37,female,2024,2024-04
C04119,2025-02-14,low,Hyderabad,organic,43,female,2025,2025-02
C04120,2024-07-24,medium,Bangalore,ads,35,female,2024,2024-07
C04121,2024-07-03,high,Jaipur,ads,35,female,2024,2024-07
C04122,2025-01-16,low,Pune,referral,26,female,2025,2025-01
C04123,2025-05-10,medium,Pune,ads,46,male,2025,2025-05
C04124,2025-01-13,high,Mumbai,referral,45,female,2025,2025-01
C04125,2024-02-16,medium,Delhi,referral,30,male,2024,2024-02
C04126,2025-07-04,low,Jaipur,ads,33,other,2025,2025-07
C04127,2025-06-11,medium,Mumbai,organic,49,male,2025,2025-06
C04128,2025-05-18,medium,Bhubaneswar,ads,23,male,2025,2025-05
C04129,2024-01-22,medium,Jaipur,ads,41,female,2024,2024-01
C04130,2024-07-31,low,Bangalore,organic,29,female,2024,2024-07
C04131,2024-11-05,high,Kolkata,organic,52,female,2024,2024-11
C04132,2025-10-22,medium,Bhubaneswar,referral,35,male,2025,2025-10
C04133,2024-09-28,low,Bangalore,organic,47,female,2024,2024-09
C04134,2025-07-24,high,Hyderabad,ads,27,female,2025,2025-07
C04135,2024-07-20,low,Mumbai,referral,22,male,2024,2024-07
C04136,2024-02-01,low,Bangalore,ads,32,female,2024,2024-02
C04137,2025-03-18,low,Delhi,ads,37,female,2025,2025-03
C04138,2024-06-10,medium,Ahmedabad,ads,29,male,2024,2024-06
C04139,2024-09-10,medium,Kolkata,ads,42,female,2024,2024-09
C04140,2025-06-04,low,Hyderabad,organic,32,female,2025,2025-06
C04141,2025-10-12,low,Pune,referral,18,female,2025,2025-10
C04142,2025-04-24,high,Mumbai,ads,40,male,2025,2025-04
C04143,2024-01-10,low,Bhubaneswar,ads,26,female,2024,2024-01
C04144,2025-12-26,medium,Ahmedabad,ads,31,female,2025,2025-12
C04145,2025-05-19,high,Jaipur,organic,50,male,2025,2025-05
C04146,2025-07-13,medium,Mumbai,referral,52,male,2025,2025-07
C04147,2025-03-11,low,Chennai,ads,29,female,2025,2025-03
C04148,2024-04-20,medium,Mumbai,organic,40,female,2024,2024-04
C04149,2024-06-01,medium,Chennai,referral,29,female,2024,2024-06
C04150,2025-09-26,low,Pune,ads,32,female,2025,2025-09
C04151,2024-04-11,medium,Hyderabad,ads,28,female,2024,2024-04
C04152,2024-07-09,medium,Kolkata,ads,18,female,2024,2024-07
C04153,2025-12-29,medium,Mumbai,organic,35,male,2025,2025-12
C04154,2025-07-16,medium,Pune,ads,37,male,2025,2025-07
C04155,2024-03-21,medium,Jaipur,organic,28,female,2024,2024-03
C04156,2025-05-03,low,Ahmedabad,ads,45,female,2025,2025-05
C04157,2024-03-28,medium,Delhi,ads,30,female,2024,2024-03
C04158,2024-07-12,low,Bangalore,referral,28,female,2024,2024-07
C04159,2024-04-13,high,Pune,ads,40,female,2024,2024-04
C04160,2024-04-05,medium,Ahmedabad,organic,19,male,2024,2024-04
C04161,2025-02-26,medium,Chennai,referral,44,female,2025,2025-02
C04162,2024-07-16,high,Pune,ads,30,male,2024,2024-07
C04163,2024-01-01,medium,Jaipur,ads,44,female,2024,2024-01
C04164,2025-02-10,medium,Pune,organic,47,female,2025,2025-02
C04165,2025-01-12,high,Kolkata,referral,41,female,2025,2025-01
C04166,2024-06-15,medium,Chennai,referral,26,male,2024,2024-06
C04167,2025-05-23,medium,Mumbai,ads,22,male,2025,2025-05
C04168,2025-09-29,medium,Bhubaneswar,referral,20,male,2025,2025-09
C04169,2024-11-08,low,Delhi,organic,46,female,2024,2024-11
C04170,2025-08-15,medium,Mumbai,referral,33,male,2025,2025-08
C04171,2025-02-21,medium,Bangalore,ads,29,male,2025,2025-02
C04172,2025-11-11,low,Pune,organic,33,other,2025,2025-11
C04173,2025-04-21,low,Hyderabad,ads,45,female,2025,2025-04
C04174,2024-03-13,medium,Pune,ads,42,male,2024,2024-03
C04175,2024-05-20,high,Chennai,organic,39,female,2024,2024-05
C04176,2025-08-04,medium,Kolkata,organic,41,female,2025,2025-08
C04177,2024-09-18,medium,Pune,organic,36,female,2024,2024-09
C04178,2024-12-05,low,Bangalore,organic,38,female,2024,2024-12
C04179,2024-11-03,low,Jaipur,organic,37,male,2024,2024-11
C04180,2024-09-01,medium,Pune,organic,34,male,2024,2024-09
C04181,2025-05-29,low,Mumbai,organic,42,male,2025,2025-05
C04182,2024-12-02,medium,Bhubaneswar,referral,38,male,2024,2024-12
C04183,2025-07-28,high,Hyderabad,ads,26,female,2025,2025-07
C04184,2025-07-14,low,Bangalore,organic,40,male,2025,2025-07
C04185,2024-03-16,medium,Bangalore,referral,37,female,2024,2024-03
C04186,2024-06-23,low,Chennai,ads,41,female,2024,2024-06
C04187,2024-04-18,low,Bangalore,ads,33,male,2024,2024-04
C04188,2024-07-01,medium,Hyderabad,ads,43,male,2024,2024-07
C04189,2024-07-10,medium,Mumbai,ads,34,male,2024,2024-07
C04190,2024-03-05,medium,Bhubaneswar,organic,42,male,2024,2024-03
C04191,2025-04-18,medium,Ahmedabad,organic,30,female,2025,2025-04
C04192,2024-04-09,medium,Pune,ads,31,female,2024,2024-04
C04193,2025-06-27,medium,Bangalore,ads,41,female,2025,2025-06
C04194,2024-05-07,low,Jaipur,ads,31,female,2024,2024-05
C04195,2025-03-27,medium,Kolkata,organic,57,male,2025,2025-03
C04196,2025-01-03,high,Jaipur,ads,40,female,2025,2025-01
C04197,2024-02-12,medium,Mumbai,ads,35,female,2024,2024-02
C04198,2025-02-22,low,Ahmedabad,referral,43,male,2025,2025-02
C04199,2025-05-02,medium,Chennai,organic,30,female,2025,2025-05
C04200,2024-03-18,medium,Mumbai,referral,44,male,2024,2024-03
C04201,2024-09-26,low,Jaipur,referral,43,female,2024,2024-09
C04202,2025-11-04,medium,Hyderabad,ads,47,female,2025,2025-11
C04203,2025-12-01,medium,Pune,ads,30,female,2025,2025-12
C04204,2025-12-28,low,Mumbai,organic,22,female,2025,2025-12
C04205,2024-11-10,high,Delhi,referral,28,female,2024,2024-11
C04206,2024-06-16,low,Pune,organic,32,female,2024,2024-06
C04207,2024-12-04,high,Delhi,ads,51,female,2024,2024-12
C04208,2024-07-11,high,Bangalore,organic,56,male,2024,2024-07
C04209,2025-03-28,low,Kolkata,ads,38,female,2025,2025-03
C04210,2024-10-09,medium,Mumbai,ads,35,female,2024,2024-10
C04211,2024-12-01,low,Pune,referral,31,male,2024,2024-12
C04212,2025-01-24,low,Chennai,ads,43,male,2025,2025-01
C04213,2025-06-08,low,Delhi,referral,56,male,2025,2025-06
C04214,2024-08-27,low,Bhubaneswar,ads,52,male,2024,2024-08
C04215,2025-04-27,medium,Jaipur,organic,46,male,2025,2025-04
C04216,2025-10-20,low,Pune,organic,46,male,2025,2025-10
C04217,2025-12-16,high,Kolkata,ads,43,male,2025,2025-12
C04218,2025-08-14,medium,Mumbai,organic,34,male,2025,2025-08
C04219,2025-07-08,low,Pune,ads,27,male,2025,2025-07
C04220,2025-04-02,medium,Mumbai,organic,34,female,2025,2025-04
C04221,2024-03-29,medium,Hyderabad,ads,39,female,2024,2024-03
C04222,2025-10-21,medium,Delhi,ads,20,female,2025,2025-10
C04223,2024-04-04,medium,Pune,ads,33,female,2024,2024-04
C04224,2025-03-27,low,Pune,organic,26,male,2025,2025-03
C04225,2025-03-03,high,Kolkata,organic,45,female,2025,2025-03
C04226,2024-05-30,medium,Kolkata,organic,29,female,2024,2024-05
C04227,2025-05-28,low,Jaipur,organic,38,male,2025,2025-05
C04228,2025-01-10,medium,Chennai,ads,27,male,2025,2025-01
C04229,2024-01-22,high,Mumbai,ads,50,female,2024,2024-01
C04230,2024-11-08,medium,Ahmedabad,organic,18,male,2024,2024-11
C04231,2025-06-02,medium,Jaipur,ads,39,female,2025,2025-06
C04232,2024-07-24,high,Kolkata,ads,22,female,2024,2024-07
C04233,2025-01-09,low,Ahmedabad,organic,29,male,2025,2025-01
C04234,2025-03-26,medium,Bangalore,ads,37,male,2025,2025-03
C04235,2025-09-17,low,Ahmedabad,organic,37,female,2025,2025-09
C04236,2025-08-17,low,Delhi,ads,37,male,2025,2025-08
C04237,2024-06-27,medium,Pune,ads,36,female,2024,2024-06
C04238,2024-07-28,high,Kolkata,organic,28,male,2024,2024-07
C04239,2025-05-14,medium,Pune,ads,33,other,2025,2025-05
C04240,2025-04-08,high,Jaipur,ads,35,male,2025,2025-04
C04241,2024-05-03,low,Hyderabad,organic,36,female,2024,2024-05
C04242,2024-04-22,high,Kolkata,ads,34,male,2024,2024-04
C04243,2024-01-12,medium,Kolkata,ads,42,male,2024,2024-01
C04244,2024-05-05,medium,Bhubaneswar,ads,35,female,2024,2024-05
C04245,2025-07-18,medium,Pune,ads,37,male,2025,2025-07
C04246,2024-11-26,medium,Kolkata,referral,31,male,2024,2024-11
C04247,2024-10-09,medium,Hyderabad,referral,24,male,2024,2024-10
C04248,2024-05-19,high,Hyderabad,ads,36,female,2024,2024-05
C04249,2025-02-04,high,Delhi,referral,47,female,2025,2025-02
C04250,2024-04-06,medium,Mumbai,organic,39,female,2024,2024-04
C04251,2025-05-31,low,Kolkata,ads,26,male,2025,2025-05
C04252,2025-07-22,medium,Hyderabad,organic,43,male,2025,2025-07
C04253,2024-03-09,medium,Hyderabad,organic,31,male,2024,2024-03
C04254,2024-04-27,medium,Delhi,ads,42,female,2024,2024-04
C04255,2024-02-28,medium,Bhubaneswar,ads,31,female,2024,2024-02
C04256,2024-02-02,low,Mumbai,ads,38,female,2024,2024-02
C04257,2024-11-13,high,Chennai,ads,29,female,2024,2024-11
C04258,2024-02-19,medium,Kolkata,ads,30,female,2024,2024-02
C04259,2025-05-03,low,Chennai,ads,19,male,2025,2025-05
C04260,2024-01-19,low,Chennai,organic,40,male,2024,2024-01
C04261,2025-12-26,high,Jaipur,organic,38,male,2025,2025-12
C04262,2024-07-15,medium,Bhubaneswar,organic,39,male,2024,2024-07
C04263,2025-03-25,low,Jaipur,ads,37,female,2025,2025-03
C04264,2025-07-12,high,Pune,organic,27,female,2025,2025-07
C04265,2025-11-09,low,Ahmedabad,organic,44,female,2025,2025-11
C04266,2025-03-27,low,Delhi,ads,44,male,2025,2025-03
C04267,2024-10-15,low,Hyderabad,ads,27,female,2024,2024-10
C04268,2024-05-20,high,Hyderabad,ads,40,male,2024,2024-05
C04269,2024-03-24,low,Mumbai,organic,43,male,2024,2024-03
C04270,2025-11-24,medium,Bhubaneswar,ads,30,other,2025,2025-11
C04271,2025-01-25,low,Hyderabad,ads,32,male,2025,2025-01
C04272,2025-08-13,high,Jaipur,referral,40,male,2025,2025-08
C04273,2024-08-02,high,Ahmedabad,ads,19,female,2024,2024-08
C04274,2025-06-09,medium,Jaipur,organic,24,female,2025,2025-06
C04275,2024-08-02,high,Chennai,ads,25,male,2024,2024-08
C04276,2025-02-06,medium,Pune,organic,18,female,2025,2025-02
C04277,2024-05-07,low,Hyderabad,organic,45,female,2024,2024-05
C04278,2025-04-21,medium,Chennai,organic,18,male,2025,2025-04
C04279,2025-02-07,low,Hyderabad,ads,38,male,2025,2025-02
C04280,2024-01-29,high,Kolkata,ads,43,female,2024,2024-01
C04281,2024-12-03,high,Bangalore,ads,32,male,2024,2024-12
C04282,2025-12-14,high,Delhi,ads,28,male,2025,2025-12
C04283,2024-12-26,medium,Delhi,organic,37,female,2024,2024-12
C04284,2025-07-22,low,Hyderabad,ads,35,female,2025,2025-07
C04285,2025-01-26,high,Ahmedabad,ads,45,male,2025,2025-01
C04286,2024-08-05,medium,Bhubaneswar,ads,18,male,2024,2024-08
C04287,2025-07-27,medium,Mumbai,ads,25,female,2025,2025-07
C04288,2025-10-30,low,Ahmedabad,organic,40,female,2025,2025-10
C04289,2024-07-20,high,Bhubaneswar,ads,35,female,2024,2024-07
C04290,2024-01-17,medium,Ahmedabad,ads,42,female,2024,2024-01
C04291,2024-11-17,high,Kolkata,ads,37,female,2024,2024-11
C04292,2025-06-01,medium,Ahmedabad,ads,33,other,2025,2025-06
C04293,2025-07-23,medium,Mumbai,referral,31,female,2025,2025-07
C04294,2024-11-20,low,Delhi,organic,58,male,2024,2024-11
C04295,2025-02-15,medium,Ahmedabad,ads,50,male,2025,2025-02
C04296,2024-11-13,medium,Jaipur,ads,39,male,2024,2024-11
C04297,2025-11-11,medium,Bhubaneswar,organic,35,male,2025,2025-11
C04298,2024-03-22,high,Pune,organic,40,male,2024,2024-03
C04299,2025-04-18,medium,Bhubaneswar,ads,43,male,2025,2025-04
C04300,2025-04-12,low,Delhi,organic,39,male,2025,2025-04
C04301,2025-02-28,low,Ahmedabad,organic,27,male,2025,2025-02
C04302,2025-12-31,low,Jaipur,referral,52,male,2025,2025-12
C04303,2025-11-19,low,Ahmedabad,ads,37,male,2025,2025-11
C04304,2024-07-22,high,Ahmedabad,organic,55,female,2024,2024-07
C04305,2025-08-05,medium,Hyderabad,ads,36,male,2025,2025-08
C04306,2025-01-21,high,Kolkata,ads,32,female,2025,2025-01
C04307,2024-04-07,medium,Mumbai,referral,48,male,2024,2024-04
C04308,2024-12-10,high,Kolkata,ads,38,female,2024,2024-12
C04309,2024-07-26,medium,Pune,referral,36,male,2024,2024-07
C04310,2025-05-28,medium,Delhi,organic,22,female,2025,2025-05
C04311,2025-09-27,low,Ahmedabad,ads,41,male,2025,2025-09
C04312,2025-08-08,low,Bangalore,organic,30,female,2025,2025-08
C04313,2024-06-14,low,Kolkata,organic,30,male,2024,2024-06
C04314,2024-01-22,high,Chennai,ads,30,female,2024,2024-01
C04315,2024-06-02,high,Bangalore,organic,39,male,2024,2024-06
C04316,2025-03-14,medium,Kolkata,ads,19,male,2025,2025-03
C04317,2024-10-21,medium,Chennai,referral,32,male,2024,2024-10
C04318,2024-08-06,medium,Delhi,organic,44,female,2024,2024-08
C04319,2025-10-30,medium,Ahmedabad,organic,22,female,2025,2025-10
C04320,2025-05-09,medium,Jaipur,ads,36,male,2025,2025-05
C04321,2024-08-17,medium,Jaipur,referral,28,female,2024,2024-08
C04322,2024-01-20,medium,Kolkata,ads,30,female,2024,2024-01
C04323,2025-07-06,medium,Ahmedabad,ads,51,female,2025,2025-07
C04324,2024-05-27,medium,Kolkata,organic,18,female,2024,2024-05
C04325,2024-04-17,medium,Delhi,organic,42,male,2024,2024-04
C04326,2025-02-06,medium,Chennai,ads,30,male,2025,2025-02
C04327,2025-08-18,high,Ahmedabad,organic,29,female,2025,2025-08
C04328,2025-04-27,medium,Bangalore,referral,23,male,2025,2025-04
C04329,2025-01-01,low,Chennai,ads,42,female,2025,2025-01
C04330,2025-02-17,low,Bangalore,ads,33,female,2025,2025-02
C04331,2024-11-04,medium,Bangalore,ads,31,female,2024,2024-11
C04332,2024-05-13,medium,Delhi,ads,36,male,2024,2024-05
C04333,2025-12-19,medium,Mumbai,ads,33,male,2025,2025-12
C04334,2024-10-09,medium,Mumbai,referral,18,male,2024,2024-10
C04335,2024-03-13,medium,Ahmedabad,referral,30,other,2024,2024-03
C04336,2025-04-25,medium,Pune,referral,43,male,2025,2025-04
C04337,2024-12-17,medium,Bhubaneswar,referral,19,male,2024,2024-12
C04338,2025-07-13,medium,Mumbai,ads,24,male,2025,2025-07
C04339,2024-11-21,low,Ahmedabad,ads,30,male,2024,2024-11
C04340,2025-03-18,high,Bangalore,organic,27,male,2025,2025-03
C04341,2024-04-09,low,Jaipur,organic,34,male,2024,2024-04
C04342,2024-02-28,high,Mumbai,organic,24,male,2024,2024-02
C04343,2025-05-22,high,Delhi,organic,31,other,2025,2025-05
C04344,2024-09-14,low,Ahmedabad,ads,34,female,2024,2024-09
C04345,2025-02-16,low,Bhubaneswar,organic,41,female,2025,2025-02
C04346,2025-03-27,high,Kolkata,referral,47,male,2025,2025-03
C04347,2024-03-05,medium,Pune,referral,32,female,2024,2024-03
C04348,2025-08-17,high,Bangalore,organic,53,female,2025,2025-08
C04349,2024-06-02,medium,Bangalore,organic,33,other,2024,2024-06
C04350,2024-09-22,low,Kolkata,referral,43,male,2024,2024-09
C04351,2024-03-19,low,Mumbai,referral,54,female,2024,2024-03
C04352,2024-11-10,medium,Jaipur,referral,36,male,2024,2024-11
C04353,2025-10-23,medium,Kolkata,referral,21,male,2025,2025-10
C04354,2025-07-13,medium,Jaipur,referral,35,male,2025,2025-07
C04355,2024-09-04,medium,Bangalore,ads,28,female,2024,2024-09
C04356,2025-09-01,low,Bhubaneswar,organic,32,female,2025,2025-09
C04357,2025-02-17,low,Mumbai,ads,54,male,2025,2025-02
C04358,2024-01-25,medium,Ahmedabad,organic,22,female,2024,2024-01
C04359,2024-10-10,medium,Bangalore,referral,38,male,2024,2024-10
C04360,2025-03-24,medium,Kolkata,ads,26,male,2025,2025-03
C04361,2024-10-27,high,Jaipur,ads,31,male,2024,2024-10
C04362,2024-03-08,low,Jaipur,organic,42,female,2024,2024-03
C04363,2024-01-07,medium,Bangalore,ads,38,male,2024,2024-01
C04364,2024-05-16,medium,Bangalore,ads,32,male,2024,2024-05
C04365,2024-06-12,medium,Bhubaneswar,referral,28,other,2024,2024-06
C04366,2024-03-23,low,Bhubaneswar,organic,38,female,2024,2024-03
C04367,2025-10-11,high,Hyderabad,referral,52,male,2025,2025-10
C04368,2025-02-23,low,Kolkata,referral,25,female,2025,2025-02
C04369,2024-03-13,low,Delhi,ads,54,male,2024,2024-03
C04370,2024-08-24,low,Kolkata,ads,46,female,2024,2024-08
C04371,2024-02-15,medium,Bhubaneswar,ads,48,male,2024,2024-02
C04372,2025-09-09,medium,Hyderabad,organic,38,male,2025,2025-09
C04373,2024-09-18,medium,Mumbai,organic,46,male,2024,2024-09
C04374,2024-06-24,medium,Bangalore,referral,24,male,2024,2024-06
C04375,2024-06-14,high,Pune,ads,28,female,2024,2024-06
C04376,2025-10-18,medium,Kolkata,organic,42,female,2025,2025-10
C04377,2025-01-04,medium,Kolkata,ads,37,other,2025,2025-01
C04378,2024-02-23,low,Chennai,ads,33,female,2024,2024-02
C04379,2025-11-20,high,Bhubaneswar,organic,18,other,2025,2025-11
C04380,2025-02-22,medium,Pune,ads,30,male,2025,2025-02
C04381,2025-05-21,low,Ahmedabad,organic,23,female,2025,2025-05
C04382,2024-12-06,low,Chennai,organic,39,male,2024,2024-12
C04383,2024-05-06,low,Delhi,ads,33,female,2024,2024-05
C04384,2025-02-12,low,Kolkata,ads,28,female,2025,2025-02
C04385,2025-01-01,low,Hyderabad,organic,61,male,2025,2025-01
C04386,2024-09-27,medium,Hyderabad,ads,45,male,2024,2024-09
C04387,2025-10-05,medium,Ahmedabad,organic,45,male,2025,2025-10
C04388,2025-08-27,high,Jaipur,organic,57,male,2025,2025-08
C04389,2025-01-13,high,Chennai,organic,43,other,2025,2025-01
C04390,2024-03-13,medium,Chennai,organic,27,female,2024,2024-03
C04391,2024-09-04,high,Hyderabad,organic,26,male,2024,2024-09
C04392,2024-02-12,medium,Hyderabad,referral,44,male,2024,2024-02
C04393,2025-01-11,high,Bangalore,ads,18,male,2025,2025-01
C04394,2024-02-10,high,Hyderabad,organic,34,other,2024,2024-02
C04395,2024-06-18,low,Bhubaneswar,organic,18,female,2024,2024-06
C04396,2024-07-30,high,Hyderabad,organic,35,female,2024,2024-07
C04397,2025-05-07,low,Chennai,ads,43,female,2025,2025-05
C04398,2025-11-10,high,Bangalore,organic,37,female,2025,2025-11
C04399,2024-02-08,low,Delhi,organic,44,male,2024,2024-02
C04400,2025-01-03,low,Chennai,ads,54,female,2025,2025-01
C04401,2024-05-30,medium,Hyderabad,ads,33,female,2024,2024-05
C04402,2024-04-20,medium,Hyderabad,organic,63,male,2024,2024-04
C04403,2025-04-24,high,Hyderabad,ads,37,male,2025,2025-04
C04404,2025-03-11,low,Bangalore,organic,44,female,2025,2025-03
C04405,2024-02-16,low,Kolkata,organic,28,male,2024,2024-02
C04406,2025-07-28,low,Bangalore,ads,51,female,2025,2025-07
C04407,2024-12-31,medium,Mumbai,ads,45,female,2024,2024-12
C04408,2024-03-09,medium,Bhubaneswar,ads,49,female,2024,2024-03
C04409,2024-10-25,low,Pune,organic,35,female,2024,2024-10
C04410,2024-10-22,medium,Bhubaneswar,ads,22,female,2024,2024-10
C04411,2024-07-21,medium,Hyderabad,organic,39,male,2024,2024-07
C04412,2024-03-01,high,Pune,ads,18,male,2024,2024-03
C04413,2024-11-09,low,Delhi,ads,31,male,2024,2024-11
C04414,2024-06-09,high,Jaipur,organic,36,female,2024,2024-06
C04415,2024-11-26,medium,Chennai,ads,58,female,2024,2024-11
C04416,2025-06-11,medium,Kolkata,ads,38,male,2025,2025-06
C04417,2024-12-03,low,Jaipur,organic,36,female,2024,2024-12
C04418,2025-08-28,medium,Bangalore,referral,34,female,2025,2025-08
C04419,2024-10-30,medium,Mumbai,referral,21,other,2024,2024-10
C04420,2025-05-17,high,Ahmedabad,organic,35,male,2025,2025-05
C04421,2025-10-11,low,Bhubaneswar,referral,36,female,2025,2025-10
C04422,2024-12-03,low,Jaipur,ads,25,female,2024,2024-12
C04423,2025-07-03,low,Mumbai,ads,23,male,2025,2025-07
C04424,2025-09-30,medium,Hyderabad,referral,30,male,2025,2025-09
C04425,2024-10-01,low,Bangalore,ads,35,male,2024,2024-10
C04426,2024-06-12,medium,Bangalore,organic,30,male,2024,2024-06
C04427,2025-03-18,medium,Chennai,referral,24,male,2025,2025-03
C04428,2024-11-14,medium,Pune,organic,37,female,2024,2024-11
C04429,2025-08-11,medium,Pune,organic,40,female,2025,2025-08
C04430,2025-05-18,low,Jaipur,organic,36,other,2025,2025-05
C04431,2025-11-16,medium,Delhi,referral,29,male,2025,2025-11
C04432,2025-01-21,medium,Pune,referral,40,female,2025,2025-01
C04433,2025-08-25,medium,Pune,organic,33,female,2025,2025-08
C04434,2025-11-21,high,Hyderabad,referral,23,female,2025,2025-11
C04435,2025-05-08,medium,Hyderabad,organic,45,female,2025,2025-05
C04436,2025-05-04,medium,Mumbai,referral,38,female,2025,2025-05
C04437,2025-12-21,high,Bangalore,ads,33,male,2025,2025-12
C04438,2024-03-13,medium,Bangalore,organic,19,female,2024,2024-03
C04439,2025-05-23,medium,Bangalore,organic,27,female,2025,2025-05
C04440,2025-01-24,low,Mumbai,organic,55,other,2025,2025-01
C04441,2025-09-10,medium,Ahmedabad,organic,19,female,2025,2025-09
C04442,2024-10-21,low,Hyderabad,ads,32,female,2024,2024-10
C04443,2025-01-03,low,Mumbai,organic,34,female,2025,2025-01
C04444,2025-11-24,low,Bangalore,referral,38,female,2025,2025-11
C04445,2025-07-02,medium,Jaipur,ads,20,other,2025,2025-07
C04446,2025-10-10,medium,Hyderabad,ads,36,female,2025,2025-10
C04447,2025-07-21,low,Kolkata,organic,18,female,2025,2025-07
C04448,2024-07-05,medium,Pune,referral,35,male,2024,2024-07
C04449,2025-03-20,medium,Hyderabad,ads,28,female,2025,2025-03
C04450,2025-07-23,medium,Hyderabad,referral,26,male,2025,2025-07
C04451,2024-12-28,high,Bangalore,referral,43,female,2024,2024-12
C04452,2024-05-02,low,Bhubaneswar,organic,32,male,2024,2024-05
C04453,2024-07-06,medium,Ahmedabad,organic,39,male,2024,2024-07
C04454,2025-11-10,medium,Hyderabad,referral,40,male,2025,2025-11
C04455,2025-02-23,medium,Mumbai,referral,47,female,2025,2025-02
C04456,2025-09-17,medium,Delhi,ads,22,female,2025,2025-09
C04457,2024-09-08,high,Bangalore,organic,44,female,2024,2024-09
C04458,2025-09-10,medium,Bangalore,ads,35,female,2025,2025-09
C04459,2025-07-02,low,Bhubaneswar,organic,31,other,2025,2025-07
C04460,2024-11-30,medium,Chennai,organic,23,male,2024,2024-11
C04461,2024-04-01,low,Delhi,ads,41,female,2024,2024-04
C04462,2025-06-13,medium,Kolkata,organic,25,female,2025,2025-06
C04463,2024-03-03,medium,Pune,ads,40,female,2024,2024-03
C04464,2025-10-23,high,Chennai,referral,54,male,2025,2025-10
C04465,2025-05-26,medium,Jaipur,referral,44,other,2025,2025-05
C04466,2024-05-18,low,Hyderabad,referral,48,male,2024,2024-05
C04467,2025-11-28,low,Jaipur,referral,27,male,2025,2025-11
C04468,2024-07-03,medium,Kolkata,organic,42,male,2024,2024-07
C04469,2024-07-23,medium,Mumbai,referral,23,male,2024,2024-07
C04470,2024-08-01,low,Ahmedabad,referral,32,female,2024,2024-08
C04471,2024-09-12,medium,Mumbai,referral,52,female,2024,2024-09
C04472,2024-05-14,high,Mumbai,ads,28,male,2024,2024-05
C04473,2025-07-26,low,Mumbai,organic,46,female,2025,2025-07
C04474,2024-03-28,medium,Delhi,organic,45,female,2024,2024-03
C04475,2024-07-25,low,Bangalore,organic,45,female,2024,2024-07
C04476,2024-05-08,medium,Hyderabad,referral,22,female,2024,2024-05
C04477,2024-01-03,low,Pune,ads,40,female,2024,2024-01
C04478,2024-04-30,medium,Delhi,referral,33,female,2024,2024-04
C04479,2025-01-19,medium,Chennai,ads,45,male,2025,2025-01
C04480,2025-09-05,medium,Chennai,ads,18,male,2025,2025-09
C04481,2024-02-07,medium,Delhi,organic,38,male,2024,2024-02
C04482,2024-12-06,high,Kolkata,organic,37,female,2024,2024-12
C04483,2025-10-06,medium,Jaipur,ads,18,female,2025,2025-10
C04484,2025-12-14,high,Delhi,ads,26,female,2025,2025-12
C04485,2024-01-21,low,Delhi,organic,18,male,2024,2024-01
C04486,2024-08-29,medium,Pune,ads,27,female,2024,2024-08
C04487,2025-03-30,high,Pune,organic,40,female,2025,2025-03
C04488,2025-09-12,high,Bangalore,referral,36,other,2025,2025-09
C04489,2024-10-29,high,Pune,organic,36,male,2024,2024-10
C04490,2025-08-18,medium,Bangalore,ads,24,male,2025,2025-08
C04491,2025-08-17,high,Mumbai,organic,46,other,2025,2025-08
C04492,2024-03-09,low,Jaipur,ads,34,other,2024,2024-03
C04493,2024-05-08,high,Kolkata,ads,35,male,2024,2024-05
C04494,2024-07-14,medium,Jaipur,ads,44,male,2024,2024-07
C04495,2024-05-19,low,Bangalore,referral,25,female,2024,2024-05
C04496,2025-03-19,low,Pune,organic,37,female,2025,2025-03
C04497,2024-10-09,high,Delhi,organic,39,male,2024,2024-10
C04498,2024-11-07,low,Hyderabad,ads,29,female,2024,2024-11
C04499,2025-06-18,medium,Mumbai,ads,41,male,2025,2025-06
C04500,2025-10-26,low,Bhubaneswar,organic,39,female,2025,2025-10
C04501,2024-10-03,medium,Chennai,ads,33,female,2024,2024-10
C04502,2024-03-01,medium,Bangalore,organic,33,male,2024,2024-03
C04503,2024-11-14,low,Jaipur,organic,40,male,2024,2024-11
C04504,2024-02-21,medium,Pune,ads,42,male,2024,2024-02
C04505,2024-06-01,medium,Mumbai,referral,35,female,2024,2024-06
C04506,2024-11-06,medium,Chennai,ads,46,male,2024,2024-11
C04507,2025-06-27,high,Bhubaneswar,ads,41,female,2025,2025-06
C04508,2025-07-20,high,Delhi,referral,18,female,2025,2025-07
C04509,2025-01-23,high,Delhi,organic,20,female,2025,2025-01
C04510,2025-07-01,medium,Bangalore,ads,46,female,2025,2025-07
C04511,2025-09-13,medium,Bangalore,referral,32,female,2025,2025-09
C04512,2024-06-25,medium,Pune,organic,36,female,2024,2024-06
C04513,2024-12-27,high,Hyderabad,organic,46,female,2024,2024-12
C04514,2024-11-09,medium,Pune,referral,34,female,2024,2024-11
C04515,2024-04-06,low,Kolkata,referral,35,male,2024,2024-04
C04516,2024-07-31,medium,Mumbai,organic,26,female,2024,2024-07
C04517,2024-05-16,medium,Mumbai,organic,38,male,2024,2024-05
C04518,2024-01-06,low,Jaipur,organic,40,female,2024,2024-01
C04519,2024-04-18,low,Delhi,organic,29,female,2024,2024-04
C04520,2025-06-30,medium,Ahmedabad,ads,25,male,2025,2025-06
C04521,2024-02-08,low,Pune,ads,61,male,2024,2024-02
C04522,2025-10-23,medium,Jaipur,referral,34,male,2025,2025-10
C04523,2025-02-28,low,Bangalore,organic,28,male,2025,2025-02
C04524,2025-09-21,medium,Mumbai,referral,42,female,2025,2025-09
C04525,2024-09-17,medium,Bangalore,organic,34,female,2024,2024-09
C04526,2025-03-01,high,Pune,organic,24,male,2025,2025-03
C04527,2024-03-27,low,Chennai,ads,39,male,2024,2024-03
C04528,2025-04-09,medium,Bangalore,organic,26,female,2025,2025-04
C04529,2024-03-16,medium,Ahmedabad,organic,50,male,2024,2024-03
C04530,2025-04-15,medium,Mumbai,referral,39,other,2025,2025-04
C04531,2025-02-17,low,Pune,organic,32,male,2025,2025-02
C04532,2025-12-26,low,Jaipur,ads,36,female,2025,2025-12
C04533,2025-04-01,medium,Hyderabad,organic,44,male,2025,2025-04
C04534,2024-10-11,medium,Hyderabad,organic,36,male,2024,2024-10
C04535,2024-08-26,medium,Pune,ads,56,male,2024,2024-08
C04536,2025-11-07,medium,Hyderabad,referral,46,female,2025,2025-11
C04537,2025-08-21,low,Mumbai,ads,39,male,2025,2025-08
C04538,2025-10-14,high,Chennai,ads,25,female,2025,2025-10
C04539,2025-11-02,medium,Bangalore,referral,33,male,2025,2025-11
C04540,2025-07-11,medium,Ahmedabad,ads,39,male,2025,2025-07
C04541,2025-01-06,medium,Bhubaneswar,organic,26,female,2025,2025-01
C04542,2025-05-09,medium,Jaipur,ads,47,male,2025,2025-05
C04543,2025-09-15,medium,Mumbai,ads,25,male,2025,2025-09
C04544,2024-02-14,high,Delhi,ads,28,male,2024,2024-02
C04545,2025-02-04,medium,Kolkata,ads,29,female,2025,2025-02
C04546,2024-09-03,medium,Kolkata,organic,42,other,2024,2024-09
C04547,2025-09-07,high,Jaipur,ads,26,female,2025,2025-09
C04548,2025-08-19,high,Mumbai,ads,18,male,2025,2025-08
C04549,2025-03-25,low,Pune,ads,45,male,2025,2025-03
C04550,2025-04-29,medium,Bangalore,referral,30,male,2025,2025-04
C04551,2025-10-07,medium,Pune,referral,24,male,2025,2025-10
C04552,2025-09-11,low,Pune,ads,27,male,2025,2025-09
C04553,2024-01-18,medium,Delhi,ads,52,male,2024,2024-01
C04554,2025-08-28,medium,Hyderabad,ads,28,male,2025,2025-08
C04555,2025-10-23,medium,Kolkata,ads,33,male,2025,2025-10
C04556,2024-10-15,medium,Bhubaneswar,referral,30,male,2024,2024-10
C04557,2025-02-17,medium,Bhubaneswar,ads,22,male,2025,2025-02
C04558,2025-12-21,medium,Bangalore,organic,27,male,2025,2025-12
C04559,2025-09-29,low,Kolkata,ads,21,female,2025,2025-09
C04560,2024-08-22,low,Delhi,ads,44,male,2024,2024-08
C04561,2025-02-19,high,Jaipur,ads,36,male,2025,2025-02
C04562,2025-05-13,high,Mumbai,ads,59,male,2025,2025-05
C04563,2025-09-25,medium,Pune,organic,27,female,2025,2025-09
C04564,2025-10-11,medium,Pune,organic,26,female,2025,2025-10
C04565,2024-04-24,high,Ahmedabad,organic,50,male,2024,2024-04
C04566,2025-11-04,low,Jaipur,ads,45,female,2025,2025-11
C04567,2025-12-13,medium,Ahmedabad,organic,38,female,2025,2025-12
C04568,2024-08-21,low,Ahmedabad,referral,23,female,2024,2024-08
C04569,2025-06-23,low,Hyderabad,organic,52,female,2025,2025-06
C04570,2024-01-11,low,Bhubaneswar,referral,34,female,2024,2024-01
C04571,2024-07-24,medium,Ahmedabad,organic,30,male,2024,2024-07
C04572,2025-11-09,medium,Pune,organic,46,male,2025,2025-11
C04573,2024-09-03,medium,Kolkata,ads,34,female,2024,2024-09
C04574,2025-07-12,high,Kolkata,organic,23,female,2025,2025-07
C04575,2024-05-06,medium,Hyderabad,referral,35,female,2024,2024-05
C04576,2024-05-26,medium,Kolkata,organic,27,male,2024,2024-05
C04577,2024-04-27,high,Pune,ads,18,male,2024,2024-04
C04578,2025-01-16,medium,Bhubaneswar,referral,26,female,2025,2025-01
C04579,2025-02-15,low,Bhubaneswar,organic,29,male,2025,2025-02
C04580,2025-10-25,high,Bhubaneswar,organic,23,female,2025,2025-10
C04581,2025-08-06,high,Mumbai,organic,40,female,2025,2025-08
C04582,2024-12-28,medium,Jaipur,ads,27,male,2024,2024-12
C04583,2025-05-23,low,Mumbai,organic,39,female,2025,2025-05
C04584,2024-05-16,medium,Mumbai,ads,22,female,2024,2024-05
C04585,2024-06-23,high,Mumbai,referral,44,male,2024,2024-06
C04586,2024-10-15,medium,Kolkata,referral,22,female,2024,2024-10
C04587,2025-04-25,low,Chennai,organic,18,female,2025,2025-04
C04588,2024-01-19,low,Kolkata,organic,47,male,2024,2024-01
C04589,2024-07-13,medium,Chennai,organic,26,male,2024,2024-07
C04590,2024-11-25,medium,Kolkata,ads,52,male,2024,2024-11
C04591,2024-06-23,medium,Pune,organic,40,female,2024,2024-06
C04592,2025-03-24,high,Jaipur,referral,42,male,2025,2025-03
C04593,2024-12-19,medium,Delhi,ads,45,male,2024,2024-12
C04594,2025-05-13,low,Delhi,organic,36,male,2025,2025-05
C04595,2024-05-20,low,Mumbai,ads,36,male,2024,2024-05
C04596,2024-04-02,medium,Delhi,organic,47,male,2024,2024-04
C04597,2024-08-26,high,Jaipur,organic,36,female,2024,2024-08
C04598,2024-07-23,medium,Jaipur,organic,27,female,2024,2024-07
C04599,2025-07-13,low,Bangalore,organic,40,female,2025,2025-07
C04600,2025-03-08,low,Hyderabad,ads,18,female,2025,2025-03
C04601,2024-09-01,high,Jaipur,ads,48,female,2024,2024-09
C04602,2024-11-12,medium,Hyderabad,organic,48,male,2024,2024-11
C04603,2024-10-21,medium,Delhi,referral,46,female,2024,2024-10
C04604,2025-10-01,medium,Hyderabad,ads,46,male,2025,2025-10
C04605,2024-10-08,low,Chennai,organic,34,male,2024,2024-10
C04606,2024-01-17,medium,Pune,organic,33,male,2024,2024-01
C04607,2024-03-11,low,Hyderabad,ads,22,male,2024,2024-03
C04608,2024-09-25,medium,Pune,referral,52,male,2024,2024-09
C04609,2024-11-20,low,Mumbai,ads,30,male,2024,2024-11
C04610,2024-10-31,medium,Delhi,referral,38,female,2024,2024-10
C04611,2025-03-26,low,Pune,ads,37,female,2025,2025-03
C04612,2024-01-07,medium,Ahmedabad,ads,21,male,2024,2024-01
C04613,2024-11-09,medium,Mumbai,ads,18,other,2024,2024-11
C04614,2024-04-12,medium,Pune,ads,35,female,2024,2024-04
C04615,2024-07-11,medium,Bangalore,organic,30,female,2024,2024-07
C04616,2025-07-27,medium,Hyderabad,referral,34,female,2025,2025-07
C04617,2025-06-12,medium,Bangalore,organic,45,male,2025,2025-06
C04618,2024-06-19,low,Jaipur,ads,37,other,2024,2024-06
C04619,2025-06-20,high,Chennai,ads,42,female,2025,2025-06
C04620,2024-09-07,low,Mumbai,ads,39,male,2024,2024-09
C04621,2025-01-21,low,Bhubaneswar,organic,31,male,2025,2025-01
C04622,2024-07-25,high,Bhubaneswar,ads,24,male,2024,2024-07
C04623,2025-06-24,medium,Pune,ads,37,female,2025,2025-06
C04624,2025-09-20,medium,Hyderabad,ads,35,male,2025,2025-09
C04625,2025-02-19,high,Delhi,ads,44,female,2025,2025-02
C04626,2025-01-14,medium,Bhubaneswar,ads,33,female,2025,2025-01
C04627,2024-05-23,low,Delhi,organic,32,male,2024,2024-05
C04628,2024-01-25,high,Bhubaneswar,referral,32,female,2024,2024-01
C04629,2025-10-29,medium,Mumbai,referral,25,female,2025,2025-10
C04630,2024-03-13,medium,Bhubaneswar,organic,49,male,2024,2024-03
C04631,2025-09-23,low,Jaipur,organic,46,female,2025,2025-09
C04632,2024-04-02,high,Kolkata,organic,22,female,2024,2024-04
C04633,2025-05-19,medium,Pune,ads,43,female,2025,2025-05
C04634,2025-08-20,medium,Chennai,referral,18,female,2025,2025-08
C04635,2024-12-01,medium,Bhubaneswar,ads,44,male,2024,2024-12
C04636,2025-02-28,low,Hyderabad,referral,28,male,2025,2025-02
C04637,2025-05-13,low,Chennai,organic,38,other,2025,2025-05
C04638,2024-12-29,high,Delhi,ads,18,female,2024,2024-12
C04639,2025-09-21,medium,Bangalore,organic,23,male,2025,2025-09
C04640,2024-07-17,medium,Jaipur,organic,39,female,2024,2024-07
C04641,2025-12-18,medium,Ahmedabad,ads,27,female,2025,2025-12
C04642,2025-02-16,medium,Ahmedabad,organic,26,male,2025,2025-02
C04643,2024-12-04,medium,Chennai,ads,48,female,2024,2024-12
C04644,2025-10-20,medium,Bangalore,ads,57,male,2025,2025-10
C04645,2025-03-04,low,Hyderabad,referral,44,female,2025,2025-03
C04646,2024-05-18,high,Chennai,organic,24,male,2024,2024-05
C04647,2025-11-23,low,Delhi,ads,52,male,2025,2025-11
C04648,2025-06-25,medium,Mumbai,referral,19,female,2025,2025-06
C04649,2024-02-26,medium,Chennai,referral,31,female,2024,2024-02
C04650,2024-08-19,low,Ahmedabad,ads,35,female,2024,2024-08
C04651,2025-10-19,medium,Kolkata,ads,54,male,2025,2025-10
C04652,2025-03-10,medium,Ahmedabad,ads,44,female,2025,2025-03
C04653,2025-01-18,medium,Bangalore,ads,30,male,2025,2025-01
C04654,2025-07-13,medium,Delhi,ads,25,female,2025,2025-07
C04655,2024-07-12,low,Hyderabad,ads,45,female,2024,2024-07
C04656,2025-10-09,low,Jaipur,ads,29,male,2025,2025-10
C04657,2025-06-17,high,Pune,ads,37,male,2025,2025-06
C04658,2025-06-01,high,Kolkata,organic,21,other,2025,2025-06
C04659,2025-12-16,medium,Jaipur,ads,40,other,2025,2025-12
C04660,2024-07-03,high,Chennai,organic,39,female,2024,2024-07
C04661,2024-10-18,medium,Kolkata,organic,22,female,2024,2024-10
C04662,2024-11-30,high,Bangalore,organic,45,female,2024,2024-11
C04663,2024-04-25,medium,Delhi,organic,40,male,2024,2024-04
C04664,2024-02-18,high,Hyderabad,referral,42,male,2024,2024-02
C04665,2025-11-15,medium,Jaipur,ads,31,male,2025,2025-11
C04666,2024-03-22,medium,Chennai,organic,36,male,2024,2024-03
C04667,2024-11-28,medium,Delhi,ads,35,male,2024,2024-11
C04668,2025-07-10,low,Chennai,organic,33,male,2025,2025-07
C04669,2024-11-30,low,Hyderabad,ads,36,female,2024,2024-11
C04670,2025-06-15,medium,Jaipur,ads,47,female,2025,2025-06
C04671,2024-08-08,high,Chennai,referral,45,female,2024,2024-08
C04672,2025-09-26,low,Delhi,organic,23,male,2025,2025-09
C04673,2024-11-18,low,Chennai,ads,44,male,2024,2024-11
C04674,2024-01-03,low,Jaipur,referral,46,female,2024,2024-01
C04675,2025-11-24,high,Delhi,referral,33,male,2025,2025-11
C04676,2024-07-24,low,Bangalore,organic,40,male,2024,2024-07
C04677,2024-02-09,medium,Mumbai,ads,39,female,2024,2024-02
C04678,2024-02-28,low,Delhi,organic,26,male,2024,2024-02
C04679,2025-07-27,low,Kolkata,ads,31,female,2025,2025-07
C04680,2025-10-05,medium,Mumbai,organic,42,female,2025,2025-10
C04681,2025-05-21,low,Chennai,referral,30,male,2025,2025-05
C04682,2025-07-25,medium,Jaipur,organic,44,female,2025,2025-07
C04683,2024-05-01,low,Delhi,ads,48,female,2024,2024-05
C04684,2025-04-23,medium,Jaipur,ads,46,female,2025,2025-04
C04685,2025-09-10,low,Delhi,referral,54,female,2025,2025-09
C04686,2024-04-05,high,Jaipur,ads,34,female,2024,2024-04
C04687,2025-02-17,low,Kolkata,organic,36,male,2025,2025-02
C04688,2024-08-22,medium,Pune,organic,38,male,2024,2024-08
C04689,2024-03-02,medium,Mumbai,organic,34,female,2024,2024-03
C04690,2024-09-12,medium,Mumbai,ads,40,male,2024,2024-09
C04691,2025-07-14,low,Delhi,ads,18,female,2025,2025-07
C04692,2024-12-13,high,Chennai,ads,37,female,2024,2024-12
C04693,2025-11-01,medium,Hyderabad,organic,21,female,2025,2025-11
C04694,2024-05-03,medium,Hyderabad,ads,25,male,2024,2024-05
C04695,2025-04-26,low,Mumbai,ads,42,female,2025,2025-04
C04696,2024-11-12,high,Pune,referral,33,male,2024,2024-11
C04697,2025-05-18,high,Hyderabad,ads,41,female,2025,2025-05
C04698,2025-12-19,medium,Bhubaneswar,organic,32,female,2025,2025-12
C04699,2024-02-17,medium,Hyderabad,organic,46,female,2024,2024-02
C04700,2025-02-12,medium,Ahmedabad,organic,32,male,2025,2025-02
C04701,2024-05-15,medium,Jaipur,ads,18,female,2024,2024-05
C04702,2024-07-19,low,Mumbai,ads,37,female,2024,2024-07
C04703,2024-09-06,low,Pune,organic,18,male,2024,2024-09
C04704,2024-11-09,medium,Chennai,organic,20,female,2024,2024-11
C04705,2025-01-02,high,Delhi,organic,26,female,2025,2025-01
C04706,2025-03-04,medium,Bangalore,referral,24,female,2025,2025-03
C04707,2025-04-24,high,Kolkata,organic,29,male,2025,2025-04
C04708,2024-11-09,low,Mumbai,organic,24,female,2024,2024-11
C04709,2025-05-14,medium,Pune,organic,20,female,2025,2025-05
C04710,2025-12-21,medium,Delhi,ads,50,female,2025,2025-12
C04711,2024-12-20,medium,Bangalore,ads,28,female,2024,2024-12
C04712,2025-04-29,low,Ahmedabad,referral,18,male,2025,2025-04
C04713,2024-07-29,high,Mumbai,organic,31,male,2024,2024-07
C04714,2025-12-04,medium,Chennai,ads,23,male,2025,2025-12
C04715,2024-02-13,high,Kolkata,organic,26,male,2024,2024-02
C04716,2025-06-24,low,Bangalore,referral,42,female,2025,2025-06
C04717,2025-07-24,low,Chennai,organic,30,male,2025,2025-07
C04718,2025-08-05,medium,Hyderabad,organic,23,female,2025,2025-08
C04719,2024-04-01,medium,Delhi,ads,39,female,2024,2024-04
C04720,2024-09-21,low,Mumbai,organic,46,male,2024,2024-09
C04721,2024-08-07,medium,Delhi,organic,40,male,2024,2024-08
C04722,2025-03-17,medium,Bangalore,ads,18,female,2025,2025-03
C04723,2025-02-04,medium,Bhubaneswar,ads,23,male,2025,2025-02
C04724,2025-02-03,medium,Bhubaneswar,ads,35,male,2025,2025-02
C04725,2025-12-27,high,Kolkata,ads,32,female,2025,2025-12
C04726,2025-07-29,low,Hyderabad,ads,31,female,2025,2025-07
C04727,2025-05-04,medium,Ahmedabad,ads,25,female,2025,2025-05
C04728,2025-04-29,high,Pune,ads,20,female,2025,2025-04
C04729,2025-04-14,low,Mumbai,ads,55,female,2025,2025-04
C04730,2025-07-27,medium,Mumbai,organic,35,male,2025,2025-07
C04731,2025-11-12,high,Bangalore,organic,41,other,2025,2025-11
C04732,2025-03-20,medium,Bhubaneswar,ads,35,male,2025,2025-03
C04733,2024-09-25,low,Jaipur,ads,35,female,2024,2024-09
C04734,2024-09-23,low,Ahmedabad,ads,34,female,2024,2024-09
C04735,2024-02-23,low,Bangalore,organic,23,female,2024,2024-02
C04736,2025-06-11,low,Ahmedabad,organic,19,other,2025,2025-06
C04737,2025-06-03,high,Jaipur,organic,38,male,2025,2025-06
C04738,2025-09-07,medium,Bhubaneswar,organic,36,male,2025,2025-09
C04739,2024-02-28,low,Chennai,ads,44,male,2024,2024-02
C04740,2024-02-09,medium,Jaipur,ads,42,male,2024,2024-02
C04741,2024-08-24,medium,Bangalore,ads,26,female,2024,2024-08
C04742,2025-01-20,medium,Pune,ads,46,male,2025,2025-01
C04743,2025-08-28,medium,Ahmedabad,referral,42,female,2025,2025-08
C04744,2025-12-16,low,Hyderabad,referral,41,female,2025,2025-12
C04745,2025-10-11,medium,Bangalore,ads,57,male,2025,2025-10
C04746,2024-10-26,medium,Chennai,referral,55,male,2024,2024-10
C04747,2025-01-29,low,Pune,ads,41,male,2025,2025-01
C04748,2024-07-25,medium,Bhubaneswar,referral,40,female,2024,2024-07
C04749,2024-12-01,high,Kolkata,referral,45,female,2024,2024-12
C04750,2025-08-15,medium,Mumbai,referral,29,male,2025,2025-08
C04751,2025-12-30,low,Jaipur,ads,29,male,2025,2025-12
C04752,2025-05-28,low,Mumbai,ads,41,male,2025,2025-05
C04753,2024-06-26,low,Bangalore,ads,26,male,2024,2024-06
C04754,2025-01-30,low,Bhubaneswar,organic,40,female,2025,2025-01
C04755,2025-01-05,medium,Delhi,organic,36,female,2025,2025-01
C04756,2025-10-19,low,Pune,referral,26,female,2025,2025-10
C04757,2024-11-13,low,Hyderabad,organic,35,female,2024,2024-11
C04758,2025-01-03,high,Mumbai,ads,48,male,2025,2025-01
C04759,2025-01-18,high,Ahmedabad,organic,35,male,2025,2025-01
C04760,2024-03-02,low,Chennai,organic,35,female,2024,2024-03
C04761,2025-05-19,low,Mumbai,referral,38,male,2025,2025-05
C04762,2024-08-26,low,Bangalore,referral,39,male,2024,2024-08
C04763,2024-07-13,low,Pune,ads,31,female,2024,2024-07
C04764,2025-11-08,medium,Pune,organic,38,male,2025,2025-11
C04765,2024-08-09,medium,Jaipur,ads,24,female,2024,2024-08
C04766,2024-03-01,medium,Delhi,ads,27,female,2024,2024-03
C04767,2024-05-08,high,Jaipur,organic,28,male,2024,2024-05
C04768,2025-11-15,low,Kolkata,organic,39,male,2025,2025-11
C04769,2024-06-04,medium,Hyderabad,ads,36,male,2024,2024-06
C04770,2025-01-12,medium,Bhubaneswar,organic,33,female,2025,2025-01
C04771,2025-09-13,medium,Bangalore,ads,41,male,2025,2025-09
C04772,2025-08-08,medium,Bangalore,organic,38,female,2025,2025-08
C04773,2025-03-12,high,Bhubaneswar,ads,32,female,2025,2025-03
C04774,2024-07-25,medium,Bhubaneswar,organic,24,male,2024,2024-07
C04775,2025-01-22,high,Bhubaneswar,referral,26,female,2025,2025-01
C04776,2025-04-24,high,Delhi,ads,20,female,2025,2025-04
C04777,2024-12-05,low,Bhubaneswar,organic,36,male,2024,2024-12
C04778,2024-12-05,high,Bhubaneswar,ads,26,female,2024,2024-12
C04779,2024-07-22,medium,Mumbai,referral,30,female,2024,2024-07
C04780,2024-06-09,medium,Ahmedabad,ads,33,male,2024,2024-06
C04781,2025-06-23,medium,Pune,ads,45,male,2025,2025-06
C04782,2025-01-26,high,Bhubaneswar,organic,44,male,2025,2025-01
C04783,2025-11-07,low,Mumbai,ads,34,male,2025,2025-11
C04784,2025-07-28,low,Kolkata,ads,47,male,2025,2025-07
C04785,2025-06-17,medium,Pune,ads,18,female,2025,2025-06
C04786,2024-03-10,medium,Hyderabad,referral,53,male,2024,2024-03
C04787,2025-02-08,low,Pune,organic,41,male,2025,2025-02
C04788,2025-08-30,low,Delhi,organic,36,male,2025,2025-08
C04789,2025-11-05,medium,Bhubaneswar,referral,26,female,2025,2025-11
C04790,2025-08-13,high,Pune,ads,30,male,2025,2025-08
C04791,2025-05-31,medium,Kolkata,organic,41,male,2025,2025-05
C04792,2024-04-29,medium,Delhi,organic,41,male,2024,2024-04
C04793,2025-11-20,high,Bhubaneswar,referral,41,female,2025,2025-11
C04794,2025-11-18,medium,Jaipur,organic,27,female,2025,2025-11
C04795,2024-08-04,medium,Pune,organic,25,male,2024,2024-08
C04796,2024-02-25,medium,Bhubaneswar,organic,36,male,2024,2024-02
C04797,2024-12-31,low,Jaipur,referral,42,male,2024,2024-12
C04798,2025-11-29,low,Delhi,referral,35,female,2025,2025-11
C04799,2025-05-18,medium,Chennai,ads,49,male,2025,2025-05
C04800,2025-03-30,low,Ahmedabad,ads,35,male,2025,2025-03
C04801,2024-04-13,high,Chennai,organic,34,female,2024,2024-04
C04802,2024-03-17,low,Jaipur,organic,41,male,2024,2024-03
C04803,2024-08-17,high,Bangalore,referral,47,female,2024,2024-08
C04804,2024-09-14,high,Ahmedabad,organic,21,male,2024,2024-09
C04805,2024-09-20,medium,Ahmedabad,ads,23,other,2024,2024-09
C04806,2024-11-26,medium,Kolkata,ads,31,other,2024,2024-11
C04807,2024-06-30,low,Kolkata,organic,65,female,2024,2024-06
C04808,2025-07-03,medium,Bhubaneswar,ads,32,female,2025,2025-07
C04809,2025-11-18,medium,Pune,ads,33,male,2025,2025-11
C04810,2024-01-27,medium,Chennai,ads,41,female,2024,2024-01
C04811,2024-10-02,medium,Hyderabad,organic,44,male,2024,2024-10
C04812,2025-10-13,medium,Bangalore,organic,36,female,2025,2025-10
C04813,2024-10-25,medium,Hyderabad,ads,46,male,2024,2024-10
C04814,2024-03-31,low,Bhubaneswar,referral,23,male,2024,2024-03
C04815,2025-04-24,low,Jaipur,organic,27,female,2025,2025-04
C04816,2025-07-26,low,Ahmedabad,referral,46,male,2025,2025-07
C04817,2025-04-02,medium,Bangalore,ads,35,female,2025,2025-04
C04818,2025-03-26,low,Bhubaneswar,referral,22,female,2025,2025-03
C04819,2024-12-30,medium,Bangalore,organic,21,male,2024,2024-12
C04820,2025-11-05,medium,Mumbai,organic,26,male,2025,2025-11
C04821,2024-12-16,medium,Chennai,organic,35,male,2024,2024-12
C04822,2025-10-16,low,Kolkata,organic,39,female,2025,2025-10
C04823,2025-02-03,low,Chennai,referral,31,other,2025,2025-02
C04824,2024-09-09,low,Hyderabad,organic,38,female,2024,2024-09
C04825,2025-04-03,low,Bangalore,ads,30,female,2025,2025-04
C04826,2025-11-29,low,Delhi,organic,47,male,2025,2025-11
C04827,2025-05-13,low,Kolkata,ads,60,male,2025,2025-05
C04828,2025-05-22,medium,Hyderabad,organic,31,male,2025,2025-05
C04829,2024-10-30,medium,Mumbai,organic,39,female,2024,2024-10
C04830,2025-05-15,medium,Mumbai,organic,38,male,2025,2025-05
C04831,2025-08-20,high,Delhi,ads,36,female,2025,2025-08
C04832,2024-06-14,medium,Ahmedabad,organic,41,female,2024,2024-06
C04833,2025-02-18,medium,Bangalore,organic,39,male,2025,2025-02
C04834,2025-04-06,medium,Mumbai,organic,30,male,2025,2025-04
C04835,2024-04-23,low,Kolkata,referral,48,male,2024,2024-04
C04836,2025-03-08,low,Hyderabad,ads,37,female,2025,2025-03
C04837,2024-12-21,high,Delhi,ads,31,male,2024,2024-12
C04838,2025-11-25,medium,Ahmedabad,ads,59,male,2025,2025-11
C04839,2024-07-25,medium,Ahmedabad,organic,33,female,2024,2024-07
C04840,2024-08-22,medium,Bhubaneswar,ads,37,male,2024,2024-08
C04841,2025-03-17,low,Hyderabad,organic,36,male,2025,2025-03
C04842,2024-12-20,medium,Kolkata,ads,33,female,2024,2024-12
C04843,2025-05-29,medium,Mumbai,ads,39,female,2025,2025-05
C04844,2024-07-26,low,Bhubaneswar,ads,26,female,2024,2024-07
C04845,2025-12-09,low,Pune,organic,40,male,2025,2025-12
C04846,2024-05-04,high,Kolkata,organic,18,male,2024,2024-05
C04847,2024-05-17,low,Bangalore,ads,22,female,2024,2024-05
C04848,2024-12-04,medium,Hyderabad,ads,53,male,2024,2024-12
C04849,2025-06-20,medium,Delhi,organic,22,female,2025,2025-06
C04850,2024-03-08,high,Mumbai,organic,18,male,2024,2024-03
C04851,2025-07-26,medium,Pune,referral,22,male,2025,2025-07
C04852,2025-06-24,medium,Bangalore,ads,52,male,2025,2025-06
C04853,2025-01-17,medium,Delhi,referral,18,female,2025,2025-01
C04854,2024-01-19,medium,Mumbai,organic,25,female,2024,2024-01
C04855,2025-11-13,low,Jaipur,ads,20,male,2025,2025-11
C04856,2025-03-25,medium,Jaipur,organic,32,female,2025,2025-03
C04857,2024-03-14,high,Ahmedabad,ads,30,male,2024,2024-03
C04858,2025-07-26,low,Pune,organic,30,male,2025,2025-07
C04859,2025-10-26,high,Pune,organic,53,male,2025,2025-10
C04860,2024-10-02,low,Jaipur,organic,23,male,2024,2024-10
C04861,2024-02-17,medium,Bhubaneswar,ads,33,male,2024,2024-02
C04862,2024-07-29,medium,Bhubaneswar,ads,38,male,2024,2024-07
C04863,2025-10-12,medium,Ahmedabad,ads,25,male,2025,2025-10
C04864,2025-09-13,high,Mumbai,referral,39,male,2025,2025-09
C04865,2025-11-25,medium,Bhubaneswar,ads,31,male,2025,2025-11
C04866,2025-06-23,high,Bhubaneswar,ads,38,female,2025,2025-06
C04867,2025-12-09,medium,Chennai,referral,33,female,2025,2025-12
C04868,2024-07-09,high,Chennai,ads,18,female,2024,2024-07
C04869,2024-11-10,medium,Kolkata,organic,48,male,2024,2024-11
C04870,2025-07-16,medium,Chennai,referral,55,male,2025,2025-07
C04871,2025-10-22,medium,Mumbai,organic,33,female,2025,2025-10
C04872,2025-07-15,high,Mumbai,ads,26,female,2025,2025-07
C04873,2024-04-22,high,Chennai,organic,50,female,2024,2024-04
C04874,2024-06-18,high,Bangalore,ads,53,female,2024,2024-06
C04875,2025-04-12,low,Delhi,ads,33,female,2025,2025-04
C04876,2025-11-08,medium,Ahmedabad,organic,32,female,2025,2025-11
C04877,2024-01-14,low,Mumbai,ads,34,female,2024,2024-01
C04878,2025-12-15,medium,Jaipur,ads,18,female,2025,2025-12
C04879,2024-10-14,medium,Mumbai,organic,32,female,2024,2024-10
C04880,2024-07-07,medium,Kolkata,organic,52,male,2024,2024-07
C04881,2024-06-03,low,Mumbai,organic,33,male,2024,2024-06
C04882,2025-07-20,medium,Pune,referral,24,male,2025,2025-07
C04883,2025-11-24,high,Jaipur,ads,39,male,2025,2025-11
C04884,2025-12-22,medium,Delhi,referral,28,male,2025,2025-12
C04885,2025-04-15,medium,Mumbai,organic,34,male,2025,2025-04
C04886,2024-03-15,medium,Chennai,organic,22,male,2024,2024-03
C04887,2024-10-03,medium,Mumbai,organic,24,female,2024,2024-10
C04888,2025-10-06,medium,Ahmedabad,organic,42,male,2025,2025-10
C04889,2024-12-08,medium,Kolkata,ads,36,female,2024,2024-12
C04890,2025-02-28,medium,Ahmedabad,referral,27,male,2025,2025-02
C04891,2025-07-24,low,Delhi,organic,36,female,2025,2025-07
C04892,2025-05-25,low,Delhi,referral,28,female,2025,2025-05
C04893,2024-06-30,medium,Delhi,organic,27,male,2024,2024-06
C04894,2025-04-02,medium,Kolkata,referral,46,female,2025,2025-04
C04895,2024-03-04,low,Ahmedabad,organic,42,male,2024,2024-03
C04896,2024-09-16,medium,Bhubaneswar,referral,34,female,2024,2024-09
C04897,2024-07-11,medium,Pune,organic,36,female,2024,2024-07
C04898,2025-10-16,low,Delhi,referral,34,male,2025,2025-10
C04899,2025-09-07,medium,Bangalore,organic,39,male,2025,2025-09
C04900,2025-02-09,high,Ahmedabad,organic,27,male,2025,2025-02
C04901,2025-12-26,low,Ahmedabad,ads,43,female,2025,2025-12
C04902,2025-12-21,high,Chennai,organic,38,female,2025,2025-12
C04903,2024-04-02,low,Hyderabad,ads,32,male,2024,2024-04
C04904,2025-03-05,low,Hyderabad,referral,30,female,2025,2025-03
C04905,2025-10-15,low,Jaipur,ads,43,male,2025,2025-10
C04906,2025-03-09,high,Kolkata,ads,33,male,2025,2025-03
C04907,2025-02-07,medium,Delhi,organic,28,female,2025,2025-02
C04908,2025-03-09,medium,Chennai,ads,31,male,2025,2025-03
C04909,2024-04-21,medium,Delhi,ads,42,male,2024,2024-04
C04910,2025-01-09,high,Delhi,referral,18,female,2025,2025-01
C04911,2024-02-28,medium,Chennai,organic,31,male,2024,2024-02
C04912,2024-02-12,medium,Chennai,ads,45,male,2024,2024-02
C04913,2024-07-25,high,Pune,organic,33,male,2024,2024-07
C04914,2024-10-22,medium,Mumbai,organic,37,female,2024,2024-10
C04915,2024-04-27,low,Hyderabad,organic,45,female,2024,2024-04
C04916,2025-06-15,low,Mumbai,organic,43,male,2025,2025-06
C04917,2024-08-09,low,Jaipur,organic,30,female,2024,2024-08
C04918,2024-06-14,medium,Chennai,organic,33,female,2024,2024-06
C04919,2025-10-04,low,Kolkata,referral,44,female,2025,2025-10
C04920,2024-06-04,low,Jaipur,organic,44,female,2024,2024-06
C04921,2024-07-02,medium,Chennai,referral,34,male,2024,2024-07
C04922,2024-03-30,high,Mumbai,organic,34,male,2024,2024-03
C04923,2024-04-03,medium,Bhubaneswar,organic,37,female,2024,2024-04
C04924,2024-01-13,medium,Bhubaneswar,ads,48,male,2024,2024-01
C04925,2025-03-13,medium,Hyderabad,ads,45,male,2025,2025-03
C04926,2025-06-21,medium,Bangalore,ads,41,male,2025,2025-06
C04927,2025-08-09,low,Kolkata,ads,24,female,2025,2025-08
C04928,2024-05-29,medium,Delhi,organic,32,male,2024,2024-05
C04929,2025-10-21,high,Ahmedabad,ads,32,male,2025,2025-10
C04930,2024-01-08,low,Jaipur,ads,49,male,2024,2024-01
C04931,2024-01-29,medium,Chennai,organic,32,female,2024,2024-01
C04932,2024-10-22,low,Bhubaneswar,referral,47,female,2024,2024-10
C04933,2025-12-21,high,Bangalore,ads,29,male,2025,2025-12
C04934,2025-10-01,low,Kolkata,organic,30,female,2025,2025-10
C04935,2024-12-05,high,Kolkata,referral,39,female,2024,2024-12
C04936,2025-09-19,medium,Bhubaneswar,referral,50,female,2025,2025-09
C04937,2025-03-14,high,Ahmedabad,ads,32,male,2025,2025-03
C04938,2024-05-23,low,Bangalore,organic,18,female,2024,2024-05
C04939,2025-06-02,low,Pune,referral,19,female,2025,2025-06
C04940,2024-02-14,medium,Ahmedabad,organic,37,male,2024,2024-02
C04941,2024-08-26,low,Mumbai,organic,20,male,2024,2024-08
C04942,2024-06-03,medium,Kolkata,organic,26,male,2024,2024-06
C04943,2024-06-29,medium,Bangalore,ads,35,female,2024,2024-06
C04944,2024-08-02,low,Bhubaneswar,referral,18,female,2024,2024-08
C04945,2024-03-28,medium,Kolkata,ads,31,male,2024,2024-03
C04946,2024-09-12,medium,Ahmedabad,referral,23,male,2024,2024-09
C04947,2025-05-25,low,Delhi,organic,20,female,2025,2025-05
C04948,2024-03-13,low,Delhi,organic,26,female,2024,2024-03
C04949,2024-06-27,low,Kolkata,ads,24,female,2024,2024-06
C04950,2024-07-30,low,Bangalore,referral,39,female,2024,2024-07
C04951,2024-08-21,high,Bangalore,ads,46,male,2024,2024-08
C04952,2025-04-09,low,Jaipur,organic,31,male,2025,2025-04
C04953,2024-08-10,medium,Mumbai,organic,29,female,2024,2024-08
C04954,2025-09-22,low,Jaipur,organic,30,male,2025,2025-09
C04955,2024-09-20,medium,Jaipur,organic,23,male,2024,2024-09
C04956,2024-07-25,medium,Mumbai,organic,22,male,2024,2024-07
C04957,2025-08-29,medium,Bhubaneswar,referral,18,female,2025,2025-08
C04958,2024-12-31,medium,Delhi,ads,21,male,2024,2024-12
C04959,2024-10-02,high,Bhubaneswar,ads,51,male,2024,2024-10
C04960,2025-01-14,low,Jaipur,organic,28,female,2025,2025-01
C04961,2024-11-04,low,Bangalore,organic,18,female,2024,2024-11
C04962,2025-09-22,high,Mumbai,ads,29,female,2025,2025-09
C04963,2024-09-24,low,Ahmedabad,referral,19,female,2024,2024-09
C04964,2024-03-04,medium,Chennai,ads,35,male,2024,2024-03
C04965,2024-12-15,medium,Chennai,referral,34,male,2024,2024-12
C04966,2025-05-08,medium,Hyderabad,referral,35,female,2025,2025-05
C04967,2025-06-06,low,Kolkata,organic,34,female,2025,2025-06
C04968,2024-04-07,low,Pune,organic,31,female,2024,2024-04
C04969,2024-03-11,medium,Pune,ads,20,male,2024,2024-03
C04970,2024-12-29,medium,Ahmedabad,ads,34,male,2024,2024-12
C04971,2025-07-23,high,Hyderabad,organic,45,female,2025,2025-07
C04972,2024-10-02,medium,Delhi,ads,53,female,2024,2024-10
C04973,2024-02-19,high,Ahmedabad,ads,32,other,2024,2024-02
C04974,2024-12-23,medium,Jaipur,referral,33,female,2024,2024-12
C04975,2025-12-28,medium,Ahmedabad,organic,40,female,2025,2025-12
C04976,2025-07-17,low,Chennai,organic,49,female,2025,2025-07
C04977,2025-04-29,medium,Pune,ads,30,female,2025,2025-04
C04978,2024-03-24,medium,Delhi,ads,41,male,2024,2024-03
C04979,2025-09-29,medium,Kolkata,ads,26,female,2025,2025-09
C04980,2025-08-06,low,Jaipur,referral,38,female,2025,2025-08
C04981,2024-10-22,low,Kolkata,ads,44,female,2024,2024-10
C04982,2024-08-23,low,Chennai,ads,22,female,2024,2024-08
C04983,2024-02-25,medium,Hyderabad,organic,29,male,2024,2024-02
C04984,2024-12-25,low,Kolkata,ads,44,male,2024,2024-12
C04985,2024-04-19,high,Hyderabad,ads,41,male,2024,2024-04
C04986,2024-07-10,medium,Jaipur,referral,45,male,2024,2024-07
C04987,2024-04-02,medium,Pune,referral,43,male,2024,2024-04
C04988,2025-07-21,medium,Bangalore,ads,31,female,2025,2025-07
C04989,2024-02-29,low,Ahmedabad,ads,56,male,2024,2024-02
C04990,2025-10-11,low,Bhubaneswar,organic,36,male,2025,2025-10
C04991,2024-02-08,high,Delhi,organic,18,other,2024,2024-02
C04992,2025-06-23,high,Mumbai,organic,32,male,2025,2025-06
C04993,2024-02-18,medium,Mumbai,organic,30,female,2024,2024-02
C04994,2025-02-23,medium,Jaipur,ads,42,male,2025,2025-02
C04995,2025-09-28,medium,Ahmedabad,organic,30,female,2025,2025-09
C04996,2024-01-13,low,Ahmedabad,ads,45,male,2024,2024-01
C04997,2024-02-05,low,Ahmedabad,ads,40,female,2024,2024-02
C04998,2024-04-10,medium,Delhi,ads,24,female,2024,2024-04
C04999,2024-03-26,low,Pune,ads,33,female,2024,2024-03
C05000,2025-05-30,medium,Bangalore,organic,27,male,2025,2025-05
C05001,2024-08-10,medium,Ahmedabad,referral,36,male,2024,2024-08
C05002,2024-12-03,medium,Bhubaneswar,organic,27,female,2024,2024-12
C05003,2024-06-14,medium,Bangalore,referral,35,male,2024,2024-06
C05004,2025-01-17,low,Delhi,organic,32,male,2025,2025-01
C05005,2025-01-10,medium,Ahmedabad,ads,33,female,2025,2025-01
C05006,2025-04-15,medium,Jaipur,organic,55,male,2025,2025-04
C05007,2025-10-03,medium,Delhi,organic,31,male,2025,2025-10
C05008,2024-01-31,low,Bangalore,ads,18,male,2024,2024-01
C05009,2025-01-09,medium,Hyderabad,ads,45,male,2025,2025-01
C05010,2024-01-11,low,Hyderabad,organic,45,male,2024,2024-01
C05011,2024-10-28,low,Jaipur,ads,18,male,2024,2024-10
C05012,2024-04-05,medium,Kolkata,organic,27,female,2024,2024-04
C05013,2024-07-08,medium,Mumbai,organic,39,female,2024,2024-07
C05014,2025-03-28,low,Jaipur,referral,40,male,2025,2025-03
C05015,2024-07-10,medium,Hyderabad,referral,34,female,2024,2024-07
C05016,2025-04-30,low,Jaipur,ads,35,female,2025,2025-04
C05017,2024-09-22,medium,Chennai,organic,25,female,2024,2024-09
C05018,2025-02-27,high,Hyderabad,organic,18,other,2025,2025-02
C05019,2024-05-07,low,Pune,referral,55,male,2024,2024-05
C05020,2024-08-25,low,Ahmedabad,organic,25,female,2024,2024-08
C05021,2024-12-20,low,Pune,referral,36,female,2024,2024-12
C05022,2024-04-21,medium,Kolkata,organic,33,male,2024,2024-04
C05023,2025-03-21,low,Jaipur,referral,43,female,2025,2025-03
C05024,2024-12-08,low,Chennai,organic,36,female,2024,2024-12
C05025,2024-05-24,low,Hyderabad,organic,36,male,2024,2024-05
C05026,2024-03-05,medium,Ahmedabad,ads,18,male,2024,2024-03
C05027,2024-09-03,medium,Chennai,referral,26,female,2024,2024-09
C05028,2025-05-04,low,Chennai,referral,42,female,2025,2025-05
C05029,2025-03-14,medium,Pune,ads,41,female,2025,2025-03
C05030,2024-04-15,medium,Mumbai,ads,25,female,2024,2024-04
C05031,2024-06-29,medium,Bangalore,ads,19,male,2024,2024-06
C05032,2024-07-02,medium,Mumbai,ads,36,male,2024,2024-07
C05033,2024-08-13,medium,Jaipur,referral,18,female,2024,2024-08
C05034,2024-03-29,high,Jaipur,ads,23,female,2024,2024-03
C05035,2025-11-18,low,Mumbai,ads,52,female,2025,2025-11
C05036,2025-06-13,medium,Bangalore,ads,49,other,2025,2025-06
C05037,2025-01-05,medium,Hyderabad,ads,39,female,2025,2025-01
C05038,2025-02-02,high,Chennai,referral,38,male,2025,2025-02
C05039,2024-04-15,high,Chennai,organic,18,male,2024,2024-04
C05040,2024-09-27,medium,Mumbai,organic,27,male,2024,2024-09
C05041,2025-05-17,low,Mumbai,ads,32,male,2025,2025-05
C05042,2025-11-09,high,Delhi,organic,27,female,2025,2025-11
C05043,2025-06-08,low,Bangalore,ads,31,male,2025,2025-06
C05044,2024-02-01,medium,Pune,referral,47,female,2024,2024-02
C05045,2025-01-27,medium,Chennai,ads,29,female,2025,2025-01
C05046,2024-02-09,high,Pune,referral,31,female,2024,2024-02
C05047,2025-10-21,high,Ahmedabad,organic,42,male,2025,2025-10
C05048,2024-08-05,low,Hyderabad,referral,20,male,2024,2024-08
C05049,2025-12-31,low,Mumbai,ads,26,female,2025,2025-12
C05050,2024-03-22,medium,Delhi,organic,27,female,2024,2024-03
C05051,2025-12-20,high,Delhi,ads,35,female,2025,2025-12
C05052,2024-07-19,medium,Jaipur,referral,31,female,2024,2024-07
C05053,2025-03-22,medium,Ahmedabad,organic,31,male,2025,2025-03
C05054,2025-03-03,low,Hyderabad,ads,28,male,2025,2025-03
C05055,2024-02-07,medium,Hyderabad,referral,24,female,2024,2024-02
C05056,2024-07-29,low,Kolkata,organic,41,male,2024,2024-07
C05057,2025-03-19,medium,Mumbai,ads,31,female,2025,2025-03
C05058,2024-11-22,medium,Jaipur,ads,41,female,2024,2024-11
C05059,2024-08-14,medium,Bangalore,organic,23,male,2024,2024-08
C05060,2024-02-17,high,Bangalore,ads,28,male,2024,2024-02
C05061,2024-01-18,low,Bhubaneswar,organic,32,female,2024,2024-01
C05062,2025-03-14,medium,Hyderabad,ads,33,female,2025,2025-03
C05063,2025-12-08,low,Pune,organic,42,female,2025,2025-12
C05064,2024-07-05,high,Ahmedabad,organic,30,male,2024,2024-07
C05065,2024-12-10,low,Delhi,ads,42,male,2024,2024-12
C05066,2024-08-11,high,Mumbai,organic,38,other,2024,2024-08
C05067,2025-05-02,low,Ahmedabad,organic,33,male,2025,2025-05
C05068,2024-08-16,low,Chennai,referral,25,female,2024,2024-08
C05069,2025-01-24,low,Kolkata,referral,42,male,2025,2025-01
C05070,2025-08-11,medium,Delhi,referral,25,female,2025,2025-08
C05071,2024-07-06,low,Ahmedabad,ads,34,male,2024,2024-07
C05072,2024-09-26,medium,Ahmedabad,referral,34,female,2024,2024-09
C05073,2025-08-29,high,Kolkata,referral,32,other,2025,2025-08
C05074,2024-11-05,medium,Ahmedabad,ads,31,male,2024,2024-11
C05075,2024-05-11,high,Jaipur,organic,26,male,2024,2024-05
C05076,2025-07-04,low,Delhi,organic,18,female,2025,2025-07
C05077,2024-03-12,high,Chennai,ads,49,male,2024,2024-03
C05078,2025-11-02,medium,Delhi,referral,30,other,2025,2025-11
C05079,2024-07-05,medium,Kolkata,ads,33,male,2024,2024-07
C05080,2025-04-30,medium,Chennai,ads,33,male,2025,2025-04
C05081,2024-07-09,medium,Bangalore,organic,45,female,2024,2024-07
C05082,2025-02-25,high,Mumbai,organic,54,female,2025,2025-02
C05083,2024-04-29,medium,Hyderabad,ads,36,male,2024,2024-04
C05084,2024-08-07,medium,Bangalore,referral,33,male,2024,2024-08
C05085,2024-02-22,low,Jaipur,organic,23,male,2024,2024-02
C05086,2025-03-26,low,Delhi,referral,20,male,2025,2025-03
C05087,2025-02-15,low,Chennai,organic,18,male,2025,2025-02
C05088,2025-10-04,high,Mumbai,ads,27,female,2025,2025-10
C05089,2024-08-24,medium,Mumbai,ads,18,male,2024,2024-08
C05090,2025-12-20,high,Kolkata,referral,45,male,2025,2025-12
C05091,2025-02-09,high,Kolkata,organic,39,female,2025,2025-02
C05092,2025-08-30,medium,Kolkata,organic,32,male,2025,2025-08
C05093,2025-02-25,medium,Pune,organic,46,female,2025,2025-02
C05094,2025-12-12,medium,Delhi,referral,24,female,2025,2025-12
C05095,2024-09-03,medium,Bhubaneswar,organic,26,male,2024,2024-09
C05096,2024-03-12,low,Jaipur,organic,18,female,2024,2024-03
C05097,2024-07-03,medium,Ahmedabad,ads,42,female,2024,2024-07
C05098,2024-01-06,medium,Jaipur,ads,26,female,2024,2024-01
C05099,2024-07-24,medium,Hyderabad,referral,35,female,2024,2024-07
C05100,2025-06-27,medium,Kolkata,referral,45,female,2025,2025-06
C05101,2025-09-02,high,Hyderabad,ads,48,male,2025,2025-09
C05102,2025-01-21,medium,Jaipur,referral,34,male,2025,2025-01
C05103,2025-11-29,medium,Pune,ads,38,male,2025,2025-11
C05104,2024-03-16,low,Hyderabad,organic,25,female,2024,2024-03
C05105,2024-06-25,low,Delhi,referral,51,female,2024,2024-06
C05106,2024-12-14,medium,Chennai,ads,33,male,2024,2024-12
C05107,2024-09-11,medium,Bhubaneswar,ads,35,male,2024,2024-09
C05108,2025-12-02,medium,Bhubaneswar,ads,30,female,2025,2025-12
C05109,2024-11-03,low,Jaipur,ads,46,male,2024,2024-11
C05110,2024-12-10,medium,Ahmedabad,organic,36,male,2024,2024-12
C05111,2024-05-06,medium,Kolkata,ads,42,male,2024,2024-05
C05112,2024-10-13,high,Jaipur,referral,38,male,2024,2024-10
C05113,2025-12-25,high,Hyderabad,ads,32,other,2025,2025-12
C05114,2025-08-18,low,Pune,organic,44,other,2025,2025-08
C05115,2025-05-01,medium,Chennai,referral,38,male,2025,2025-05
C05116,2025-01-17,medium,Bhubaneswar,organic,25,other,2025,2025-01
C05117,2025-02-09,medium,Bangalore,organic,25,male,2025,2025-02
C05118,2025-01-22,medium,Bhubaneswar,organic,36,female,2025,2025-01
C05119,2025-06-08,low,Chennai,organic,44,male,2025,2025-06
C05120,2025-07-10,low,Delhi,ads,51,female,2025,2025-07
C05121,2025-09-30,medium,Hyderabad,ads,18,male,2025,2025-09
C05122,2025-09-17,high,Mumbai,referral,35,male,2025,2025-09
C05123,2024-10-02,medium,Pune,referral,39,female,2024,2024-10
C05124,2025-05-14,medium,Ahmedabad,referral,37,male,2025,2025-05
C05125,2025-12-17,medium,Bangalore,ads,45,other,2025,2025-12
C05126,2024-12-02,medium,Jaipur,ads,41,male,2024,2024-12
C05127,2025-04-25,high,Kolkata,referral,25,male,2025,2025-04
C05128,2024-09-29,medium,Kolkata,ads,24,female,2024,2024-09
C05129,2024-02-27,high,Kolkata,ads,38,female,2024,2024-02
C05130,2024-11-23,low,Bangalore,ads,44,male,2024,2024-11
C05131,2025-12-31,medium,Chennai,organic,36,male,2025,2025-12
C05132,2024-04-18,low,Ahmedabad,ads,19,female,2024,2024-04
C05133,2024-10-05,high,Bhubaneswar,ads,24,male,2024,2024-10
C05134,2025-11-16,medium,Jaipur,ads,41,female,2025,2025-11
C05135,2024-11-23,low,Mumbai,organic,31,female,2024,2024-11
C05136,2024-11-10,medium,Ahmedabad,ads,36,female,2024,2024-11
C05137,2025-04-18,low,Jaipur,referral,45,other,2025,2025-04
C05138,2024-04-20,medium,Mumbai,referral,22,female,2024,2024-04
C05139,2025-11-29,medium,Pune,organic,30,male,2025,2025-11
C05140,2024-08-16,medium,Chennai,organic,29,male,2024,2024-08
C05141,2025-05-11,medium,Pune,ads,38,male,2025,2025-05
C05142,2024-06-04,medium,Chennai,ads,42,male,2024,2024-06
C05143,2025-04-17,medium,Hyderabad,organic,20,male,2025,2025-04
C05144,2025-12-01,medium,Bhubaneswar,organic,34,female,2025,2025-12
C05145,2024-09-28,medium,Delhi,referral,43,female,2024,2024-09
C05146,2024-01-02,medium,Delhi,ads,18,female,2024,2024-01
C05147,2025-12-22,medium,Chennai,ads,34,female,2025,2025-12
C05148,2025-05-25,high,Delhi,ads,22,male,2025,2025-05
C05149,2024-10-12,medium,Bangalore,ads,28,female,2024,2024-10
C05150,2024-01-13,low,Jaipur,organic,18,female,2024,2024-01
C05151,2025-08-30,low,Ahmedabad,ads,48,female,2025,2025-08
C05152,2025-05-12,medium,Pune,organic,31,male,2025,2025-05
C05153,2024-08-25,low,Hyderabad,ads,26,female,2024,2024-08
C05154,2024-04-03,medium,Bhubaneswar,organic,38,female,2024,2024-04
C05155,2024-12-03,low,Bhubaneswar,ads,24,male,2024,2024-12
C05156,2024-06-19,low,Hyderabad,ads,23,male,2024,2024-06
C05157,2025-08-28,low,Kolkata,organic,50,female,2025,2025-08
C05158,2025-10-22,high,Kolkata,organic,53,female,2025,2025-10
C05159,2025-09-15,medium,Kolkata,organic,29,female,2025,2025-09
C05160,2025-07-20,high,Hyderabad,ads,45,male,2025,2025-07
C05161,2025-04-11,low,Delhi,organic,38,male,2025,2025-04
C05162,2025-09-19,medium,Mumbai,organic,20,male,2025,2025-09
C05163,2024-05-22,low,Hyderabad,ads,25,male,2024,2024-05
C05164,2024-07-19,medium,Delhi,ads,50,female,2024,2024-07
C05165,2024-06-28,low,Ahmedabad,organic,20,female,2024,2024-06
C05166,2025-12-14,high,Hyderabad,ads,57,female,2025,2025-12
C05167,2024-12-29,high,Pune,referral,29,other,2024,2024-12
C05168,2025-04-23,medium,Delhi,referral,50,male,2025,2025-04
C05169,2025-07-18,medium,Bhubaneswar,organic,31,male,2025,2025-07
C05170,2025-04-15,medium,Chennai,referral,42,male,2025,2025-04
C05171,2025-01-18,low,Chennai,ads,48,female,2025,2025-01
C05172,2025-11-22,high,Hyderabad,referral,48,male,2025,2025-11
C05173,2025-02-20,medium,Pune,ads,29,female,2025,2025-02
C05174,2024-11-03,low,Pune,ads,26,male,2024,2024-11
C05175,2025-10-10,high,Chennai,ads,34,male,2025,2025-10
C05176,2025-11-24,low,Delhi,ads,21,male,2025,2025-11
C05177,2025-01-01,low,Ahmedabad,ads,37,male,2025,2025-01
C05178,2024-01-01,high,Hyderabad,organic,26,female,2024,2024-01
C05179,2024-02-13,medium,Ahmedabad,organic,45,female,2024,2024-02
C05180,2024-04-07,medium,Kolkata,ads,29,male,2024,2024-04
C05181,2025-12-20,low,Mumbai,referral,18,female,2025,2025-12
C05182,2024-09-21,medium,Bangalore,ads,49,female,2024,2024-09
C05183,2024-05-19,medium,Kolkata,ads,36,female,2024,2024-05
C05184,2025-04-25,low,Jaipur,ads,35,male,2025,2025-04
C05185,2024-08-24,high,Bhubaneswar,organic,45,female,2024,2024-08
C05186,2024-03-12,low,Bangalore,organic,43,male,2024,2024-03
C05187,2025-10-28,low,Bhubaneswar,ads,27,male,2025,2025-10
C05188,2024-07-08,medium,Hyderabad,referral,30,male,2024,2024-07
C05189,2024-09-24,low,Kolkata,organic,23,female,2024,2024-09
C05190,2024-11-16,low,Pune,ads,20,female,2024,2024-11
C05191,2024-04-16,medium,Chennai,organic,40,female,2024,2024-04
C05192,2024-08-19,medium,Chennai,organic,38,female,2024,2024-08
C05193,2024-02-11,medium,Ahmedabad,organic,42,other,2024,2024-02
C05194,2025-12-02,high,Bangalore,ads,47,female,2025,2025-12
C05195,2024-05-18,low,Jaipur,organic,42,male,2024,2024-05
C05196,2025-09-06,high,Kolkata,organic,43,female,2025,2025-09
C05197,2025-11-13,medium,Chennai,ads,18,male,2025,2025-11
C05198,2024-09-29,medium,Delhi,referral,31,female,2024,2024-09
C05199,2025-04-25,high,Pune,organic,44,female,2025,2025-04
C05200,2025-02-19,low,Bhubaneswar,ads,23,female,2025,2025-02
C05201,2025-05-20,low,Hyderabad,organic,35,male,2025,2025-05
C05202,2025-12-25,medium,Ahmedabad,referral,40,female,2025,2025-12
C05203,2025-02-27,medium,Bangalore,ads,39,male,2025,2025-02
C05204,2025-02-10,high,Mumbai,referral,38,male,2025,2025-02
C05205,2025-07-21,medium,Chennai,organic,40,female,2025,2025-07
C05206,2025-01-24,medium,Ahmedabad,ads,36,female,2025,2025-01
C05207,2024-12-07,medium,Delhi,ads,20,male,2024,2024-12
C05208,2025-09-05,low,Delhi,organic,40,female,2025,2025-09
C05209,2025-05-07,medium,Jaipur,organic,37,female,2025,2025-05
C05210,2024-07-10,low,Bangalore,ads,20,male,2024,2024-07
C05211,2025-05-13,medium,Jaipur,ads,48,female,2025,2025-05
C05212,2025-12-12,medium,Bangalore,organic,40,male,2025,2025-12
C05213,2024-08-20,low,Chennai,ads,21,female,2024,2024-08
C05214,2024-08-14,medium,Kolkata,organic,26,male,2024,2024-08
C05215,2025-01-05,low,Hyderabad,organic,29,male,2025,2025-01
C05216,2024-05-18,medium,Bhubaneswar,ads,29,female,2024,2024-05
C05217,2024-05-28,high,Bhubaneswar,organic,37,female,2024,2024-05
C05218,2024-04-24,low,Kolkata,ads,25,female,2024,2024-04
C05219,2025-03-25,medium,Delhi,organic,46,male,2025,2025-03
C05220,2024-03-03,low,Pune,ads,45,male,2024,2024-03
C05221,2024-04-13,low,Hyderabad,ads,41,female,2024,2024-04
C05222,2025-10-29,high,Chennai,referral,35,male,2025,2025-10
C05223,2024-09-29,medium,Kolkata,organic,44,female,2024,2024-09
C05224,2024-01-06,medium,Hyderabad,ads,32,male,2024,2024-01
C05225,2024-05-26,medium,Bhubaneswar,organic,27,male,2024,2024-05
C05226,2024-07-02,low,Hyderabad,ads,46,female,2024,2024-07
C05227,2024-01-28,medium,Bangalore,ads,38,female,2024,2024-01
C05228,2025-07-03,medium,Ahmedabad,organic,28,male,2025,2025-07
C05229,2024-04-28,low,Bangalore,ads,30,female,2024,2024-04
C05230,2024-10-19,high,Kolkata,organic,27,female,2024,2024-10
C05231,2025-01-05,low,Chennai,organic,55,female,2025,2025-01
C05232,2024-08-31,medium,Mumbai,organic,35,female,2024,2024-08
C05233,2025-08-02,low,Jaipur,ads,36,female,2025,2025-08
C05234,2025-12-26,medium,Jaipur,ads,42,male,2025,2025-12
C05235,2024-08-05,high,Mumbai,organic,22,female,2024,2024-08
C05236,2024-06-25,medium,Hyderabad,ads,45,female,2024,2024-06
C05237,2024-10-25,high,Mumbai,organic,28,male,2024,2024-10
C05238,2025-11-06,low,Jaipur,organic,53,male,2025,2025-11
C05239,2024-02-27,high,Delhi,ads,31,female,2024,2024-02
C05240,2024-09-25,low,Bhubaneswar,ads,45,male,2024,2024-09
C05241,2024-11-03,medium,Jaipur,organic,18,male,2024,2024-11
C05242,2025-07-23,medium,Jaipur,organic,23,male,2025,2025-07
C05243,2024-10-14,high,Delhi,referral,32,male,2024,2024-10
C05244,2024-04-14,medium,Jaipur,organic,18,female,2024,2024-04
C05245,2024-08-15,medium,Hyderabad,organic,41,male,2024,2024-08
C05246,2024-09-03,medium,Delhi,ads,38,male,2024,2024-09
C05247,2025-11-30,low,Bhubaneswar,ads,25,male,2025,2025-11
C05248,2025-05-08,medium,Chennai,ads,34,female,2025,2025-05
C05249,2024-03-23,medium,Bangalore,referral,43,female,2024,2024-03
C05250,2024-07-04,medium,Chennai,organic,18,male,2024,2024-07
C05251,2024-09-08,high,Delhi,ads,22,female,2024,2024-09
C05252,2024-12-20,low,Delhi,organic,31,male,2024,2024-12
C05253,2025-11-26,medium,Kolkata,ads,35,female,2025,2025-11
C05254,2024-07-28,high,Ahmedabad,referral,34,male,2024,2024-07
C05255,2025-08-31,medium,Ahmedabad,ads,43,female,2025,2025-08
C05256,2025-03-22,medium,Delhi,ads,39,male,2025,2025-03
C05257,2025-04-04,medium,Bangalore,referral,41,female,2025,2025-04
C05258,2025-04-16,medium,Kolkata,organic,21,male,2025,2025-04
C05259,2025-12-20,high,Mumbai,ads,36,male,2025,2025-12
C05260,2025-01-04,medium,Pune,referral,31,female,2025,2025-01
C05261,2025-05-06,low,Bangalore,ads,49,female,2025,2025-05
C05262,2024-05-16,high,Delhi,organic,36,male,2024,2024-05
C05263,2025-01-01,low,Delhi,organic,28,male,2025,2025-01
C05264,2024-07-02,high,Bangalore,organic,43,male,2024,2024-07
C05265,2025-08-10,low,Hyderabad,organic,40,female,2025,2025-08
C05266,2024-10-13,medium,Kolkata,ads,26,female,2024,2024-10
C05267,2025-04-16,medium,Delhi,organic,31,male,2025,2025-04
C05268,2025-01-09,high,Pune,organic,31,female,2025,2025-01
C05269,2025-10-15,high,Mumbai,ads,47,male,2025,2025-10
C05270,2025-06-20,medium,Chennai,ads,37,female,2025,2025-06
C05271,2025-05-25,high,Bhubaneswar,ads,42,female,2025,2025-05
C05272,2025-08-01,medium,Pune,ads,30,male,2025,2025-08
C05273,2024-09-06,medium,Bhubaneswar,organic,38,male,2024,2024-09
C05274,2025-05-24,medium,Jaipur,organic,48,other,2025,2025-05
C05275,2025-09-21,low,Hyderabad,organic,31,female,2025,2025-09
C05276,2024-03-13,medium,Pune,ads,36,female,2024,2024-03
C05277,2024-10-08,medium,Ahmedabad,organic,21,male,2024,2024-10
C05278,2024-12-25,medium,Hyderabad,ads,27,male,2024,2024-12
C05279,2024-01-10,medium,Ahmedabad,organic,31,female,2024,2024-01
C05280,2024-07-29,medium,Mumbai,referral,24,female,2024,2024-07
C05281,2024-05-31,low,Mumbai,ads,48,female,2024,2024-05
C05282,2024-01-05,medium,Mumbai,ads,26,male,2024,2024-01
C05283,2024-07-13,high,Hyderabad,ads,42,female,2024,2024-07
C05284,2024-10-09,medium,Mumbai,ads,36,female,2024,2024-10
C05285,2025-04-08,medium,Bangalore,ads,35,male,2025,2025-04
C05286,2024-04-22,low,Bhubaneswar,referral,49,male,2024,2024-04
C05287,2024-09-27,low,Bhubaneswar,ads,18,male,2024,2024-09
C05288,2024-06-11,high,Kolkata,referral,33,female,2024,2024-06
C05289,2025-04-04,high,Ahmedabad,organic,24,female,2025,2025-04
C05290,2024-04-14,medium,Bhubaneswar,referral,18,female,2024,2024-04
C05291,2025-11-23,medium,Delhi,organic,23,female,2025,2025-11
C05292,2025-07-09,medium,Bhubaneswar,organic,35,male,2025,2025-07
C05293,2024-10-08,low,Delhi,ads,27,female,2024,2024-10
C05294,2025-11-17,medium,Kolkata,organic,43,female,2025,2025-11
C05295,2024-06-10,medium,Jaipur,organic,32,female,2024,2024-06
C05296,2024-12-16,high,Hyderabad,organic,31,male,2024,2024-12
C05297,2025-03-09,low,Pune,ads,31,female,2025,2025-03
C05298,2024-05-19,medium,Jaipur,referral,34,female,2024,2024-05
C05299,2025-04-15,low,Kolkata,ads,30,female,2025,2025-04
C05300,2024-05-11,medium,Bhubaneswar,referral,26,female,2024,2024-05
C05301,2024-03-27,medium,Bhubaneswar,ads,44,male,2024,2024-03
C05302,2025-11-18,low,Ahmedabad,organic,28,female,2025,2025-11
C05303,2024-07-01,low,Hyderabad,organic,31,female,2024,2024-07
C05304,2025-01-02,medium,Kolkata,ads,39,male,2025,2025-01
C05305,2024-05-08,medium,Mumbai,organic,38,female,2024,2024-05
C05306,2024-09-02,low,Pune,organic,26,male,2024,2024-09
C05307,2025-08-23,medium,Jaipur,ads,42,male,2025,2025-08
C05308,2025-07-31,high,Bangalore,ads,40,other,2025,2025-07
C05309,2025-10-31,low,Bangalore,organic,36,male,2025,2025-10
C05310,2025-01-12,high,Bangalore,referral,30,female,2025,2025-01
C05311,2024-05-28,high,Kolkata,ads,30,male,2024,2024-05
C05312,2025-03-08,high,Mumbai,ads,32,male,2025,2025-03
C05313,2025-09-19,medium,Chennai,referral,22,male,2025,2025-09
C05314,2025-12-26,medium,Bangalore,organic,34,female,2025,2025-12
C05315,2025-04-13,medium,Jaipur,ads,43,male,2025,2025-04
C05316,2025-03-21,medium,Chennai,referral,43,other,2025,2025-03
C05317,2025-04-25,medium,Pune,ads,31,female,2025,2025-04
C05318,2024-10-20,medium,Ahmedabad,ads,45,female,2024,2024-10
C05319,2024-05-22,high,Mumbai,ads,54,male,2024,2024-05
C05320,2024-09-06,low,Ahmedabad,ads,31,male,2024,2024-09
C05321,2024-10-28,medium,Jaipur,organic,41,female,2024,2024-10
C05322,2024-01-25,low,Hyderabad,referral,18,male,2024,2024-01
C05323,2024-03-10,high,Hyderabad,referral,22,male,2024,2024-03
C05324,2025-09-16,low,Bangalore,referral,35,female,2025,2025-09
C05325,2024-04-21,medium,Jaipur,ads,24,female,2024,2024-04
C05326,2024-12-29,high,Ahmedabad,organic,55,female,2024,2024-12
C05327,2024-10-29,low,Kolkata,organic,40,male,2024,2024-10
C05328,2025-04-15,low,Chennai,referral,44,female,2025,2025-04
C05329,2024-03-31,medium,Bangalore,organic,34,female,2024,2024-03
C05330,2025-06-13,low,Chennai,organic,24,male,2025,2025-06
C05331,2025-10-22,medium,Bhubaneswar,ads,29,male,2025,2025-10
C05332,2025-12-26,low,Bhubaneswar,ads,37,male,2025,2025-12
C05333,2025-10-24,medium,Bhubaneswar,ads,28,male,2025,2025-10
C05334,2024-07-10,medium,Hyderabad,ads,41,male,2024,2024-07
C05335,2025-07-05,medium,Delhi,ads,42,male,2025,2025-07
C05336,2024-08-29,medium,Jaipur,referral,35,female,2024,2024-08
C05337,2024-05-17,low,Hyderabad,organic,18,male,2024,2024-05
C05338,2024-12-10,high,Jaipur,organic,52,male,2024,2024-12
C05339,2024-06-28,high,Pune,ads,32,female,2024,2024-06
C05340,2025-12-12,medium,Ahmedabad,referral,62,male,2025,2025-12
C05341,2025-05-17,medium,Bhubaneswar,organic,41,male,2025,2025-05
C05342,2024-07-21,high,Bhubaneswar,organic,32,male,2024,2024-07
C05343,2025-07-26,medium,Pune,ads,39,female,2025,2025-07
C05344,2024-07-10,low,Mumbai,ads,18,female,2024,2024-07
C05345,2024-01-05,medium,Delhi,referral,45,female,2024,2024-01
C05346,2024-08-24,medium,Mumbai,referral,60,female,2024,2024-08
C05347,2025-11-23,low,Hyderabad,ads,18,female,2025,2025-11
C05348,2024-11-06,medium,Mumbai,ads,32,female,2024,2024-11
C05349,2025-07-02,low,Jaipur,organic,33,male,2025,2025-07
C05350,2024-02-25,low,Kolkata,ads,43,male,2024,2024-02
C05351,2025-03-18,medium,Jaipur,ads,56,female,2025,2025-03
C05352,2024-08-24,medium,Bangalore,organic,38,other,2024,2024-08
C05353,2024-07-15,medium,Hyderabad,organic,56,male,2024,2024-07
C05354,2025-08-07,medium,Bhubaneswar,referral,36,male,2025,2025-08
C05355,2025-07-24,low,Hyderabad,ads,39,female,2025,2025-07
C05356,2025-05-28,medium,Mumbai,ads,38,male,2025,2025-05
C05357,2025-03-24,medium,Chennai,organic,47,female,2025,2025-03
C05358,2024-12-25,medium,Hyderabad,ads,30,male,2024,2024-12
C05359,2025-11-30,high,Ahmedabad,referral,43,male,2025,2025-11
C05360,2024-01-30,high,Hyderabad,organic,22,male,2024,2024-01
C05361,2024-04-17,low,Jaipur,ads,32,female,2024,2024-04
C05362,2025-08-24,medium,Chennai,organic,28,male,2025,2025-08
C05363,2025-12-17,medium,Delhi,ads,35,female,2025,2025-12
C05364,2025-03-20,medium,Jaipur,referral,31,male,2025,2025-03
C05365,2025-03-13,low,Chennai,ads,46,female,2025,2025-03
C05366,2025-08-28,medium,Chennai,referral,26,male,2025,2025-08
C05367,2025-04-01,low,Hyderabad,referral,18,female,2025,2025-04
C05368,2025-09-06,medium,Pune,referral,21,female,2025,2025-09
C05369,2025-11-28,low,Kolkata,referral,44,male,2025,2025-11
C05370,2025-11-26,medium,Pune,organic,25,male,2025,2025-11
C05371,2025-05-09,medium,Chennai,referral,38,female,2025,2025-05
C05372,2025-11-04,medium,Hyderabad,organic,32,male,2025,2025-11
C05373,2024-09-03,medium,Kolkata,organic,43,male,2024,2024-09
C05374,2025-06-26,high,Bhubaneswar,organic,32,male,2025,2025-06
C05375,2025-07-17,medium,Ahmedabad,organic,62,other,2025,2025-07
C05376,2025-08-10,medium,Mumbai,ads,53,female,2025,2025-08
C05377,2025-03-14,high,Kolkata,ads,31,male,2025,2025-03
C05378,2024-10-04,low,Bhubaneswar,organic,30,female,2024,2024-10
C05379,2025-07-05,medium,Bhubaneswar,ads,65,female,2025,2025-07
C05380,2025-09-04,low,Ahmedabad,ads,24,male,2025,2025-09
C05381,2024-04-20,medium,Bangalore,ads,34,male,2024,2024-04
C05382,2025-01-19,medium,Delhi,organic,35,male,2025,2025-01
C05383,2024-07-09,medium,Ahmedabad,organic,34,male,2024,2024-07
C05384,2025-05-04,medium,Delhi,organic,18,female,2025,2025-05
C05385,2025-11-24,low,Bangalore,organic,39,male,2025,2025-11
C05386,2025-03-01,medium,Bangalore,ads,25,female,2025,2025-03
C05387,2025-02-08,low,Ahmedabad,ads,49,male,2025,2025-02
C05388,2024-11-30,low,Delhi,organic,20,female,2024,2024-11
C05389,2024-07-27,medium,Pune,organic,35,female,2024,2024-07
C05390,2024-01-22,low,Mumbai,organic,18,female,2024,2024-01
C05391,2025-11-08,medium,Pune,referral,18,female,2025,2025-11
C05392,2025-09-02,low,Delhi,organic,26,male,2025,2025-09
C05393,2024-07-26,low,Jaipur,referral,28,female,2024,2024-07
C05394,2024-01-08,high,Jaipur,ads,49,female,2024,2024-01
C05395,2025-12-02,low,Bhubaneswar,organic,34,male,2025,2025-12
C05396,2025-11-17,medium,Jaipur,referral,47,male,2025,2025-11
C05397,2025-06-12,medium,Jaipur,ads,31,male,2025,2025-06
C05398,2025-08-24,medium,Mumbai,ads,41,female,2025,2025-08
C05399,2025-10-14,high,Bangalore,ads,27,female,2025,2025-10
C05400,2025-10-18,medium,Bhubaneswar,ads,27,female,2025,2025-10
C05401,2024-06-14,low,Bangalore,organic,18,male,2024,2024-06
C05402,2025-05-10,high,Delhi,organic,38,female,2025,2025-05
C05403,2025-08-12,medium,Ahmedabad,referral,37,male,2025,2025-08
C05404,2025-03-04,high,Bhubaneswar,referral,42,female,2025,2025-03
C05405,2024-06-11,medium,Kolkata,organic,37,female,2024,2024-06
C05406,2024-12-31,low,Bhubaneswar,ads,55,male,2024,2024-12
C05407,2025-06-09,low,Chennai,ads,36,female,2025,2025-06
C05408,2024-08-26,low,Bangalore,organic,44,male,2024,2024-08
C05409,2024-03-12,medium,Delhi,ads,31,male,2024,2024-03
C05410,2025-03-20,medium,Jaipur,ads,25,female,2025,2025-03
C05411,2025-10-16,low,Chennai,ads,42,male,2025,2025-10
C05412,2025-05-23,low,Hyderabad,referral,34,male,2025,2025-05
C05413,2024-09-25,medium,Kolkata,organic,43,male,2024,2024-09
C05414,2025-02-18,medium,Pune,ads,38,male,2025,2025-02
C05415,2024-09-01,low,Bangalore,ads,27,male,2024,2024-09
C05416,2025-11-05,low,Pune,ads,45,female,2025,2025-11
C05417,2024-02-29,medium,Delhi,organic,26,male,2024,2024-02
C05418,2024-01-06,low,Pune,ads,41,female,2024,2024-01
C05419,2025-12-09,high,Delhi,referral,47,female,2025,2025-12
C05420,2025-07-23,medium,Delhi,organic,31,male,2025,2025-07
C05421,2025-02-10,medium,Mumbai,ads,46,female,2025,2025-02
C05422,2024-08-04,high,Mumbai,referral,38,male,2024,2024-08
C05423,2024-01-26,high,Kolkata,organic,43,male,2024,2024-01
C05424,2024-01-05,high,Delhi,referral,26,male,2024,2024-01
C05425,2025-06-15,medium,Kolkata,organic,37,male,2025,2025-06
C05426,2025-01-24,low,Mumbai,organic,20,other,2025,2025-01
C05427,2025-12-10,low,Kolkata,organic,52,male,2025,2025-12
C05428,2025-07-24,medium,Kolkata,organic,18,female,2025,2025-07
C05429,2025-03-23,medium,Ahmedabad,organic,31,female,2025,2025-03
C05430,2024-05-25,low,Ahmedabad,ads,25,male,2024,2024-05
C05431,2025-01-22,high,Delhi,organic,41,female,2025,2025-01
C05432,2024-09-05,low,Chennai,referral,54,other,2024,2024-09
C05433,2025-06-09,low,Pune,ads,41,female,2025,2025-06
C05434,2025-04-06,high,Kolkata,ads,64,female,2025,2025-04
C05435,2024-01-13,low,Chennai,ads,21,male,2024,2024-01
C05436,2025-01-18,low,Mumbai,ads,21,male,2025,2025-01
C05437,2025-07-09,high,Bangalore,ads,26,female,2025,2025-07
C05438,2025-02-02,high,Pune,organic,36,male,2025,2025-02
C05439,2024-01-19,high,Jaipur,referral,24,female,2024,2024-01
C05440,2025-07-28,medium,Pune,ads,27,female,2025,2025-07
C05441,2025-05-05,medium,Kolkata,organic,41,male,2025,2025-05
C05442,2025-02-22,medium,Delhi,ads,22,male,2025,2025-02
C05443,2024-12-02,medium,Delhi,ads,23,female,2024,2024-12
C05444,2025-02-22,low,Kolkata,organic,31,male,2025,2025-02
C05445,2025-09-03,medium,Kolkata,referral,31,male,2025,2025-09
C05446,2025-11-05,high,Hyderabad,ads,45,male,2025,2025-11
C05447,2024-05-01,medium,Pune,ads,25,male,2024,2024-05
C05448,2025-03-07,medium,Ahmedabad,ads,27,male,2025,2025-03
C05449,2024-02-13,medium,Ahmedabad,referral,40,male,2024,2024-02
C05450,2024-11-12,medium,Jaipur,organic,43,male,2024,2024-11
C05451,2025-01-15,high,Chennai,ads,49,female,2025,2025-01
C05452,2024-05-24,low,Jaipur,organic,39,male,2024,2024-05
C05453,2024-11-22,low,Bangalore,ads,36,male,2024,2024-11
C05454,2024-12-28,medium,Bangalore,organic,40,female,2024,2024-12
C05455,2024-02-19,medium,Hyderabad,organic,32,female,2024,2024-02
C05456,2024-03-05,medium,Delhi,referral,32,male,2024,2024-03
C05457,2024-12-20,low,Pune,ads,18,female,2024,2024-12
C05458,2024-06-12,medium,Bangalore,organic,43,male,2024,2024-06
C05459,2024-05-20,low,Chennai,ads,37,male,2024,2024-05
C05460,2024-05-07,medium,Pune,ads,42,female,2024,2024-05
C05461,2025-02-01,medium,Pune,organic,18,male,2025,2025-02
C05462,2025-04-07,medium,Ahmedabad,organic,34,female,2025,2025-04
C05463,2024-07-05,low,Delhi,referral,26,female,2024,2024-07
C05464,2025-12-20,low,Bangalore,ads,50,male,2025,2025-12
C05465,2024-07-08,high,Ahmedabad,organic,41,male,2024,2024-07
C05466,2025-01-22,medium,Bhubaneswar,referral,37,male,2025,2025-01
C05467,2025-03-04,medium,Mumbai,ads,30,male,2025,2025-03
C05468,2024-10-10,medium,Bhubaneswar,organic,38,female,2024,2024-10
C05469,2024-08-24,low,Bhubaneswar,organic,25,male,2024,2024-08
C05470,2024-07-12,low,Mumbai,organic,34,male,2024,2024-07
C05471,2024-10-13,low,Bhubaneswar,referral,29,female,2024,2024-10
C05472,2024-05-15,low,Bangalore,organic,57,male,2024,2024-05
C05473,2024-06-19,medium,Pune,organic,49,male,2024,2024-06
C05474,2024-06-07,low,Ahmedabad,referral,45,male,2024,2024-06
C05475,2024-07-19,low,Kolkata,organic,20,female,2024,2024-07
C05476,2025-05-01,medium,Hyderabad,ads,43,male,2025,2025-05
C05477,2025-07-10,low,Ahmedabad,organic,36,male,2025,2025-07
C05478,2025-08-05,high,Chennai,ads,47,male,2025,2025-08
C05479,2025-05-18,low,Delhi,organic,38,female,2025,2025-05
C05480,2025-01-05,medium,Bangalore,organic,34,male,2025,2025-01
C05481,2024-04-12,medium,Ahmedabad,ads,37,male,2024,2024-04
C05482,2024-05-04,medium,Bangalore,ads,18,male,2024,2024-05
C05483,2024-11-08,medium,Jaipur,ads,27,female,2024,2024-11
C05484,2025-04-02,medium,Mumbai,ads,38,male,2025,2025-04
C05485,2024-08-17,high,Kolkata,ads,46,female,2024,2024-08
C05486,2025-10-19,medium,Chennai,ads,29,male,2025,2025-10
C05487,2024-07-15,medium,Pune,ads,34,female,2024,2024-07
C05488,2025-02-26,low,Pune,ads,18,female,2025,2025-02
C05489,2025-07-25,low,Ahmedabad,ads,49,female,2025,2025-07
C05490,2025-09-01,medium,Bhubaneswar,ads,46,female,2025,2025-09
C05491,2024-06-19,low,Mumbai,organic,41,male,2024,2024-06
C05492,2025-01-16,medium,Bhubaneswar,organic,39,female,2025,2025-01
C05493,2024-06-21,low,Bhubaneswar,organic,50,female,2024,2024-06
C05494,2025-10-24,medium,Chennai,referral,26,other,2025,2025-10
C05495,2025-03-28,medium,Bangalore,ads,25,male,2025,2025-03
C05496,2024-12-15,medium,Ahmedabad,ads,45,female,2024,2024-12
C05497,2025-09-25,high,Pune,organic,44,female,2025,2025-09
C05498,2025-05-08,low,Delhi,organic,23,female,2025,2025-05
C05499,2025-09-11,low,Bhubaneswar,referral,29,other,2025,2025-09
C05500,2024-01-04,medium,Jaipur,referral,51,female,2024,2024-01
C05501,2024-04-02,medium,Chennai,organic,39,female,2024,2024-04
C05502,2024-01-06,low,Hyderabad,ads,42,male,2024,2024-01
C05503,2024-10-14,low,Ahmedabad,ads,23,male,2024,2024-10
C05504,2025-09-09,medium,Jaipur,organic,41,male,2025,2025-09
C05505,2024-05-25,medium,Bhubaneswar,ads,20,male,2024,2024-05
C05506,2025-02-27,medium,Bangalore,ads,18,male,2025,2025-02
C05507,2025-08-30,medium,Chennai,ads,42,male,2025,2025-08
C05508,2025-04-01,high,Kolkata,organic,49,male,2025,2025-04
C05509,2024-07-20,medium,Delhi,organic,32,male,2024,2024-07
C05510,2024-07-30,low,Chennai,organic,29,female,2024,2024-07
C05511,2024-01-06,medium,Jaipur,organic,52,female,2024,2024-01
C05512,2025-09-15,low,Pune,ads,33,male,2025,2025-09
C05513,2025-01-10,low,Delhi,organic,34,male,2025,2025-01
C05514,2025-03-22,low,Kolkata,ads,51,female,2025,2025-03
C05515,2024-04-15,medium,Hyderabad,organic,31,male,2024,2024-04
C05516,2025-10-12,low,Ahmedabad,ads,28,other,2025,2025-10
C05517,2025-02-04,high,Bhubaneswar,ads,43,male,2025,2025-02
C05518,2024-04-05,medium,Mumbai,ads,27,male,2024,2024-04
C05519,2025-01-22,medium,Bangalore,organic,33,male,2025,2025-01
C05520,2025-03-27,medium,Jaipur,organic,21,male,2025,2025-03
C05521,2025-02-19,low,Chennai,organic,36,male,2025,2025-02
C05522,2025-12-26,low,Pune,organic,35,male,2025,2025-12
C05523,2025-05-18,high,Bangalore,organic,44,female,2025,2025-05
C05524,2025-03-29,medium,Pune,organic,43,male,2025,2025-03
C05525,2024-10-17,medium,Chennai,ads,40,female,2024,2024-10
C05526,2025-06-17,medium,Jaipur,referral,38,female,2025,2025-06
C05527,2024-07-11,low,Hyderabad,organic,34,female,2024,2024-07
C05528,2024-05-29,medium,Hyderabad,referral,41,male,2024,2024-05
C05529,2025-05-29,low,Kolkata,organic,23,male,2025,2025-05
C05530,2025-01-27,high,Bhubaneswar,ads,18,male,2025,2025-01
C05531,2024-11-11,medium,Ahmedabad,ads,46,female,2024,2024-11
C05532,2024-03-16,medium,Mumbai,referral,41,female,2024,2024-03
C05533,2025-08-21,medium,Ahmedabad,organic,33,male,2025,2025-08
C05534,2024-09-26,medium,Kolkata,organic,45,male,2024,2024-09
C05535,2024-08-12,low,Hyderabad,organic,27,male,2024,2024-08
C05536,2025-06-13,low,Pune,ads,27,female,2025,2025-06
C05537,2024-04-22,medium,Kolkata,referral,26,male,2024,2024-04
C05538,2024-09-07,medium,Bhubaneswar,ads,40,other,2024,2024-09
C05539,2024-08-20,high,Jaipur,ads,19,other,2024,2024-08
C05540,2025-12-14,medium,Bhubaneswar,ads,27,female,2025,2025-12
C05541,2024-03-23,medium,Delhi,referral,37,male,2024,2024-03
C05542,2024-05-04,high,Bhubaneswar,ads,22,male,2024,2024-05
C05543,2024-06-23,low,Jaipur,organic,28,male,2024,2024-06
C05544,2024-03-09,low,Bangalore,referral,18,other,2024,2024-03
C05545,2024-02-16,low,Chennai,organic,41,male,2024,2024-02
C05546,2024-09-12,medium,Jaipur,organic,28,female,2024,2024-09
C05547,2025-12-27,low,Bhubaneswar,organic,24,female,2025,2025-12
C05548,2024-01-30,medium,Hyderabad,ads,22,female,2024,2024-01
C05549,2024-10-07,medium,Kolkata,ads,30,female,2024,2024-10
C05550,2024-08-24,low,Kolkata,organic,19,male,2024,2024-08
C05551,2024-09-04,medium,Kolkata,ads,54,male,2024,2024-09
C05552,2025-01-02,high,Hyderabad,ads,18,female,2025,2025-01
C05553,2025-05-09,low,Pune,referral,30,female,2025,2025-05
C05554,2024-01-25,low,Chennai,ads,36,female,2024,2024-01
C05555,2025-08-08,low,Jaipur,ads,27,male,2025,2025-08
C05556,2025-12-18,medium,Bhubaneswar,ads,37,male,2025,2025-12
C05557,2025-05-04,medium,Pune,organic,27,female,2025,2025-05
C05558,2025-05-08,low,Bhubaneswar,organic,50,male,2025,2025-05
C05559,2024-11-09,high,Kolkata,ads,23,male,2024,2024-11
C05560,2025-08-28,medium,Bhubaneswar,organic,18,male,2025,2025-08
C05561,2025-01-09,medium,Hyderabad,organic,22,female,2025,2025-01
C05562,2025-09-30,medium,Bangalore,ads,38,female,2025,2025-09
C05563,2024-01-25,medium,Bhubaneswar,organic,33,female,2024,2024-01
C05564,2024-11-29,high,Pune,organic,42,female,2024,2024-11
C05565,2024-12-20,medium,Jaipur,ads,40,male,2024,2024-12
C05566,2024-04-25,medium,Chennai,ads,28,female,2024,2024-04
C05567,2024-02-17,high,Kolkata,referral,30,male,2024,2024-02
C05568,2024-04-08,medium,Delhi,ads,31,male,2024,2024-04
C05569,2025-04-03,low,Jaipur,ads,53,male,2025,2025-04
C05570,2025-06-06,medium,Bangalore,organic,41,male,2025,2025-06
C05571,2025-08-19,medium,Mumbai,organic,53,female,2025,2025-08
C05572,2025-02-08,low,Bhubaneswar,organic,43,other,2025,2025-02
C05573,2024-08-01,medium,Bhubaneswar,ads,34,female,2024,2024-08
C05574,2025-11-15,medium,Chennai,ads,24,female,2025,2025-11
C05575,2025-05-17,medium,Chennai,ads,37,male,2025,2025-05
C05576,2025-12-21,low,Kolkata,ads,34,female,2025,2025-12
C05577,2025-03-23,low,Delhi,organic,34,female,2025,2025-03
C05578,2025-07-29,low,Delhi,ads,32,female,2025,2025-07
C05579,2024-09-14,low,Hyderabad,ads,18,male,2024,2024-09
C05580,2024-04-30,medium,Kolkata,ads,47,female,2024,2024-04
C05581,2024-02-23,high,Kolkata,ads,34,male,2024,2024-02
C05582,2024-11-26,medium,Bangalore,referral,20,male,2024,2024-11
C05583,2024-08-28,high,Ahmedabad,referral,39,male,2024,2024-08
C05584,2025-06-13,low,Bangalore,referral,26,male,2025,2025-06
C05585,2025-04-27,medium,Bhubaneswar,organic,40,female,2025,2025-04
C05586,2024-07-05,high,Mumbai,organic,43,female,2024,2024-07
C05587,2025-10-17,low,Kolkata,organic,45,male,2025,2025-10
C05588,2024-09-18,medium,Delhi,organic,33,other,2024,2024-09
C05589,2024-12-29,medium,Chennai,ads,30,female,2024,2024-12
C05590,2025-05-05,medium,Mumbai,ads,28,male,2025,2025-05
C05591,2025-03-06,medium,Delhi,ads,27,female,2025,2025-03
C05592,2024-08-26,medium,Delhi,referral,34,male,2024,2024-08
C05593,2024-10-30,high,Mumbai,referral,32,female,2024,2024-10
C05594,2024-10-24,medium,Chennai,organic,26,female,2024,2024-10
C05595,2024-03-16,low,Ahmedabad,referral,23,male,2024,2024-03
C05596,2025-11-30,low,Hyderabad,ads,33,female,2025,2025-11
C05597,2024-11-28,medium,Kolkata,ads,30,female,2024,2024-11
C05598,2025-10-03,medium,Bangalore,ads,23,male,2025,2025-10
C05599,2025-04-18,low,Bhubaneswar,organic,43,male,2025,2025-04
C05600,2024-10-09,low,Bangalore,referral,52,male,2024,2024-10
C05601,2025-08-13,medium,Delhi,ads,44,male,2025,2025-08
C05602,2024-03-12,medium,Kolkata,referral,27,male,2024,2024-03
C05603,2024-09-19,low,Chennai,referral,34,male,2024,2024-09
C05604,2025-12-03,medium,Chennai,ads,50,male,2025,2025-12
C05605,2025-07-28,high,Chennai,organic,23,male,2025,2025-07
C05606,2024-01-12,medium,Bhubaneswar,organic,42,female,2024,2024-01
C05607,2024-05-20,high,Bhubaneswar,organic,20,other,2024,2024-05
C05608,2025-07-08,medium,Kolkata,organic,51,female,2025,2025-07
C05609,2024-01-17,medium,Ahmedabad,referral,30,male,2024,2024-01
C05610,2024-03-03,low,Delhi,organic,57,female,2024,2024-03
C05611,2024-09-09,medium,Chennai,referral,52,female,2024,2024-09
C05612,2025-04-09,medium,Chennai,ads,33,female,2025,2025-04
C05613,2025-01-10,medium,Chennai,organic,27,female,2025,2025-01
C05614,2025-06-03,low,Bhubaneswar,ads,36,female,2025,2025-06
C05615,2024-03-30,high,Ahmedabad,ads,33,male,2024,2024-03
C05616,2025-12-20,medium,Bangalore,ads,30,male,2025,2025-12
C05617,2025-09-21,high,Ahmedabad,ads,18,female,2025,2025-09
C05618,2024-06-23,low,Bhubaneswar,organic,29,male,2024,2024-06
C05619,2024-03-16,medium,Bangalore,ads,23,other,2024,2024-03
C05620,2025-09-04,medium,Mumbai,ads,40,male,2025,2025-09
C05621,2025-10-24,medium,Kolkata,ads,44,female,2025,2025-10
C05622,2025-02-03,low,Mumbai,referral,42,female,2025,2025-02
C05623,2024-03-11,medium,Kolkata,organic,38,male,2024,2024-03
C05624,2024-06-28,low,Chennai,organic,26,male,2024,2024-06
C05625,2024-05-03,low,Mumbai,ads,37,male,2024,2024-05
C05626,2025-01-15,low,Bhubaneswar,referral,42,female,2025,2025-01
C05627,2024-10-19,medium,Delhi,ads,29,female,2024,2024-10
C05628,2024-07-13,low,Bangalore,organic,36,other,2024,2024-07
C05629,2024-08-15,high,Pune,organic,33,male,2024,2024-08
C05630,2025-03-06,medium,Jaipur,organic,51,male,2025,2025-03
C05631,2025-03-11,low,Delhi,organic,43,male,2025,2025-03
C05632,2025-04-05,medium,Mumbai,ads,41,male,2025,2025-04
C05633,2025-09-09,medium,Bangalore,ads,18,female,2025,2025-09
C05634,2024-01-21,medium,Mumbai,organic,36,male,2024,2024-01
C05635,2024-03-04,medium,Mumbai,organic,33,female,2024,2024-03
C05636,2024-06-13,medium,Hyderabad,organic,33,male,2024,2024-06
C05637,2024-01-27,low,Pune,referral,19,male,2024,2024-01
C05638,2024-11-06,low,Hyderabad,ads,24,female,2024,2024-11
C05639,2024-10-11,medium,Hyderabad,referral,34,female,2024,2024-10
C05640,2025-10-21,medium,Ahmedabad,ads,46,male,2025,2025-10
C05641,2024-10-07,low,Bhubaneswar,organic,29,female,2024,2024-10
C05642,2024-06-12,medium,Bhubaneswar,organic,31,male,2024,2024-06
C05643,2024-08-11,high,Hyderabad,ads,52,female,2024,2024-08
C05644,2024-05-25,high,Chennai,ads,32,female,2024,2024-05
C05645,2024-01-30,medium,Ahmedabad,ads,33,female,2024,2024-01
C05646,2024-02-14,high,Mumbai,ads,33,male,2024,2024-02
C05647,2025-04-15,high,Pune,ads,21,female,2025,2025-04
C05648,2024-02-03,medium,Hyderabad,organic,40,female,2024,2024-02
C05649,2025-10-14,medium,Pune,referral,28,male,2025,2025-10
C05650,2025-03-02,medium,Kolkata,ads,34,female,2025,2025-03
C05651,2024-08-08,low,Ahmedabad,organic,39,male,2024,2024-08
C05652,2025-06-17,low,Pune,ads,54,female,2025,2025-06
C05653,2025-11-22,medium,Mumbai,ads,21,male,2025,2025-11
C05654,2025-01-01,medium,Kolkata,organic,43,female,2025,2025-01
C05655,2025-07-03,low,Chennai,ads,43,female,2025,2025-07
C05656,2025-08-04,high,Mumbai,organic,28,male,2025,2025-08
C05657,2024-04-25,low,Jaipur,organic,40,male,2024,2024-04
C05658,2024-08-26,high,Bhubaneswar,organic,51,male,2024,2024-08
C05659,2024-11-30,low,Delhi,organic,27,male,2024,2024-11
C05660,2025-03-16,medium,Bangalore,organic,37,male,2025,2025-03
C05661,2024-05-27,medium,Delhi,organic,39,male,2024,2024-05
C05662,2024-01-09,low,Chennai,referral,40,male,2024,2024-01
C05663,2024-10-14,medium,Bhubaneswar,organic,42,male,2024,2024-10
C05664,2025-01-22,medium,Pune,ads,36,male,2025,2025-01
C05665,2024-02-19,medium,Ahmedabad,organic,40,female,2024,2024-02
C05666,2025-05-31,low,Mumbai,ads,25,male,2025,2025-05
C05667,2025-09-29,high,Bhubaneswar,organic,36,male,2025,2025-09
C05668,2025-08-09,high,Bhubaneswar,organic,30,male,2025,2025-08
C05669,2025-11-07,medium,Hyderabad,organic,22,female,2025,2025-11
C05670,2024-10-04,high,Bangalore,referral,29,male,2024,2024-10
C05671,2024-10-26,medium,Mumbai,ads,37,male,2024,2024-10
C05672,2025-08-11,medium,Bhubaneswar,organic,39,male,2025,2025-08
C05673,2025-10-10,medium,Hyderabad,organic,22,male,2025,2025-10
C05674,2025-09-09,high,Kolkata,organic,25,male,2025,2025-09
C05675,2025-08-29,medium,Chennai,organic,42,male,2025,2025-08
C05676,2024-05-14,high,Chennai,ads,40,female,2024,2024-05
C05677,2025-08-02,high,Ahmedabad,ads,43,female,2025,2025-08
C05678,2024-05-26,high,Ahmedabad,ads,48,other,2024,2024-05
C05679,2025-05-04,low,Bhubaneswar,organic,40,female,2025,2025-05
C05680,2025-04-22,high,Bhubaneswar,ads,30,female,2025,2025-04
C05681,2024-06-07,low,Mumbai,organic,36,female,2024,2024-06
C05682,2025-01-18,high,Bangalore,organic,51,male,2025,2025-01
C05683,2024-06-11,high,Bhubaneswar,ads,62,female,2024,2024-06
C05684,2025-03-16,medium,Chennai,organic,39,male,2025,2025-03
C05685,2024-07-07,medium,Pune,ads,40,female,2024,2024-07
C05686,2025-02-18,low,Bhubaneswar,referral,42,male,2025,2025-02
C05687,2024-12-04,low,Hyderabad,organic,35,female,2024,2024-12
C05688,2025-08-29,low,Chennai,referral,46,other,2025,2025-08
C05689,2024-06-29,medium,Bhubaneswar,organic,45,male,2024,2024-06
C05690,2024-10-14,medium,Delhi,organic,38,female,2024,2024-10
C05691,2024-07-05,medium,Delhi,ads,31,male,2024,2024-07
C05692,2024-05-17,low,Delhi,ads,19,male,2024,2024-05
C05693,2024-05-09,medium,Bangalore,organic,42,female,2024,2024-05
C05694,2024-07-12,medium,Jaipur,ads,37,male,2024,2024-07
C05695,2024-11-11,medium,Hyderabad,referral,27,male,2024,2024-11
C05696,2024-05-23,high,Hyderabad,organic,23,male,2024,2024-05
C05697,2024-01-16,low,Chennai,referral,41,female,2024,2024-01
C05698,2024-10-28,medium,Pune,ads,18,male,2024,2024-10
C05699,2025-02-26,medium,Chennai,referral,37,female,2025,2025-02
C05700,2024-09-01,high,Mumbai,organic,43,female,2024,2024-09
C05701,2024-04-16,low,Kolkata,ads,40,male,2024,2024-04
C05702,2024-03-28,high,Delhi,organic,31,male,2024,2024-03
C05703,2024-05-08,low,Pune,referral,22,female,2024,2024-05
C05704,2024-12-06,high,Kolkata,ads,40,female,2024,2024-12
C05705,2024-01-04,low,Kolkata,organic,47,female,2024,2024-01
C05706,2024-11-22,low,Kolkata,organic,29,female,2024,2024-11
C05707,2025-02-13,high,Bangalore,referral,40,male,2025,2025-02
C05708,2024-11-01,medium,Bhubaneswar,ads,50,female,2024,2024-11
C05709,2025-08-29,medium,Kolkata,organic,38,female,2025,2025-08
C05710,2025-12-21,high,Bhubaneswar,ads,31,male,2025,2025-12
C05711,2024-08-12,low,Ahmedabad,referral,45,other,2024,2024-08
C05712,2024-12-13,medium,Delhi,organic,27,male,2024,2024-12
C05713,2024-11-16,medium,Kolkata,organic,22,male,2024,2024-11
C05714,2025-07-12,high,Hyderabad,referral,43,male,2025,2025-07
C05715,2024-06-29,medium,Bhubaneswar,organic,30,female,2024,2024-06
C05716,2025-09-09,low,Hyderabad,organic,31,male,2025,2025-09
C05717,2025-12-11,medium,Hyderabad,organic,28,male,2025,2025-12
C05718,2025-01-20,low,Jaipur,referral,30,other,2025,2025-01
C05719,2025-09-09,low,Kolkata,organic,49,male,2025,2025-09
C05720,2024-04-17,high,Ahmedabad,ads,51,male,2024,2024-04
C05721,2025-06-14,high,Pune,referral,52,male,2025,2025-06
C05722,2025-02-13,low,Hyderabad,organic,45,male,2025,2025-02
C05723,2024-10-22,medium,Delhi,referral,39,male,2024,2024-10
C05724,2024-06-19,high,Mumbai,ads,20,male,2024,2024-06
C05725,2024-11-26,medium,Hyderabad,ads,33,male,2024,2024-11
C05726,2025-05-07,medium,Delhi,organic,56,female,2025,2025-05
C05727,2024-07-13,low,Chennai,ads,30,male,2024,2024-07
C05728,2024-01-12,high,Delhi,organic,50,female,2024,2024-01
C05729,2024-07-13,high,Bangalore,organic,35,male,2024,2024-07
C05730,2025-05-04,low,Pune,referral,18,male,2025,2025-05
C05731,2024-06-30,low,Chennai,organic,41,male,2024,2024-06
C05732,2025-10-17,medium,Jaipur,referral,47,male,2025,2025-10
C05733,2024-11-11,low,Delhi,organic,34,female,2024,2024-11
C05734,2025-11-24,medium,Delhi,organic,47,male,2025,2025-11
C05735,2024-01-30,low,Bhubaneswar,referral,18,other,2024,2024-01
C05736,2025-08-18,medium,Ahmedabad,organic,21,female,2025,2025-08
C05737,2025-11-08,medium,Pune,referral,37,male,2025,2025-11
C05738,2024-04-05,low,Bangalore,ads,39,male,2024,2024-04
C05739,2025-01-15,medium,Hyderabad,organic,48,male,2025,2025-01
C05740,2025-03-19,low,Bangalore,ads,41,male,2025,2025-03
C05741,2024-10-24,medium,Jaipur,organic,23,female,2024,2024-10
C05742,2024-12-26,low,Kolkata,organic,37,female,2024,2024-12
C05743,2025-01-08,low,Kolkata,ads,41,male,2025,2025-01
C05744,2025-07-07,medium,Bangalore,organic,18,male,2025,2025-07
C05745,2024-10-29,low,Jaipur,organic,34,male,2024,2024-10
C05746,2025-02-24,medium,Hyderabad,referral,31,female,2025,2025-02
C05747,2024-09-02,low,Chennai,referral,28,male,2024,2024-09
C05748,2025-12-20,medium,Ahmedabad,ads,39,female,2025,2025-12
C05749,2024-08-24,low,Ahmedabad,ads,23,female,2024,2024-08
C05750,2025-06-17,medium,Bangalore,ads,39,female,2025,2025-06
C05751,2024-07-03,medium,Ahmedabad,ads,40,male,2024,2024-07
C05752,2025-04-12,high,Bangalore,ads,45,female,2025,2025-04
C05753,2024-12-28,medium,Kolkata,referral,23,female,2024,2024-12
C05754,2024-10-09,low,Delhi,organic,19,female,2024,2024-10
C05755,2025-07-06,medium,Chennai,ads,37,male,2025,2025-07
C05756,2024-12-01,medium,Ahmedabad,referral,32,other,2024,2024-12
C05757,2024-06-10,medium,Mumbai,ads,64,female,2024,2024-06
C05758,2024-06-08,medium,Kolkata,referral,39,male,2024,2024-06
C05759,2025-04-18,high,Jaipur,organic,35,female,2025,2025-04
C05760,2025-08-23,low,Mumbai,organic,33,male,2025,2025-08
C05761,2024-11-17,low,Bhubaneswar,referral,22,female,2024,2024-11
C05762,2024-01-12,medium,Ahmedabad,organic,40,female,2024,2024-01
C05763,2025-02-27,high,Bangalore,ads,34,male,2025,2025-02
C05764,2024-03-13,high,Ahmedabad,organic,34,male,2024,2024-03
C05765,2025-08-10,medium,Hyderabad,ads,35,male,2025,2025-08
C05766,2024-07-19,medium,Hyderabad,ads,37,male,2024,2024-07
C05767,2025-06-05,low,Pune,organic,18,male,2025,2025-06
C05768,2025-05-19,medium,Chennai,ads,43,female,2025,2025-05
C05769,2025-11-18,low,Hyderabad,ads,26,female,2025,2025-11
C05770,2024-02-08,medium,Delhi,organic,33,male,2024,2024-02
C05771,2024-02-29,medium,Bangalore,ads,47,female,2024,2024-02
C05772,2025-07-31,medium,Ahmedabad,ads,52,male,2025,2025-07
C05773,2024-11-16,high,Chennai,organic,18,male,2024,2024-11
C05774,2025-03-10,medium,Chennai,ads,35,female,2025,2025-03
C05775,2025-09-27,low,Bhubaneswar,organic,37,male,2025,2025-09
C05776,2025-11-06,medium,Mumbai,organic,19,male,2025,2025-11
C05777,2025-02-11,low,Pune,ads,43,male,2025,2025-02
C05778,2025-01-20,medium,Ahmedabad,ads,36,female,2025,2025-01
C05779,2025-11-01,high,Pune,referral,36,female,2025,2025-11
C05780,2025-07-22,medium,Chennai,organic,25,male,2025,2025-07
C05781,2024-03-18,medium,Hyderabad,organic,39,male,2024,2024-03
C05782,2024-07-12,medium,Kolkata,organic,43,female,2024,2024-07
C05783,2024-10-11,high,Pune,ads,36,male,2024,2024-10
C05784,2025-06-10,medium,Delhi,ads,29,male,2025,2025-06
C05785,2025-06-07,high,Kolkata,ads,30,male,2025,2025-06
C05786,2025-09-04,high,Bangalore,organic,37,female,2025,2025-09
C05787,2024-06-04,medium,Kolkata,referral,35,female,2024,2024-06
C05788,2024-12-05,medium,Delhi,ads,44,female,2024,2024-12
C05789,2024-05-04,low,Mumbai,referral,30,female,2024,2024-05
C05790,2024-10-06,medium,Ahmedabad,organic,22,female,2024,2024-10
C05791,2025-09-13,low,Pune,ads,38,male,2025,2025-09
C05792,2025-10-19,medium,Hyderabad,ads,30,female,2025,2025-10
C05793,2025-12-28,low,Mumbai,ads,42,female,2025,2025-12
C05794,2025-11-04,medium,Delhi,organic,35,female,2025,2025-11
C05795,2024-05-07,low,Mumbai,referral,41,male,2024,2024-05
C05796,2024-11-09,medium,Pune,organic,24,male,2024,2024-11
C05797,2024-11-27,low,Mumbai,organic,36,female,2024,2024-11
C05798,2024-05-29,medium,Bangalore,ads,28,male,2024,2024-05
C05799,2025-03-29,high,Bhubaneswar,ads,22,male,2025,2025-03
C05800,2024-02-05,medium,Pune,ads,26,male,2024,2024-02
C05801,2025-11-15,high,Ahmedabad,organic,29,female,2025,2025-11
C05802,2025-02-23,medium,Kolkata,ads,47,male,2025,2025-02
C05803,2024-01-22,high,Pune,ads,29,male,2024,2024-01
C05804,2024-07-24,medium,Delhi,organic,22,female,2024,2024-07
C05805,2025-09-30,low,Mumbai,referral,36,male,2025,2025-09
C05806,2024-12-21,medium,Pune,referral,35,female,2024,2024-12
C05807,2025-03-15,low,Mumbai,ads,30,male,2025,2025-03
C05808,2025-12-29,medium,Hyderabad,organic,33,female,2025,2025-12
C05809,2024-04-05,medium,Jaipur,referral,44,female,2024,2024-04
C05810,2024-06-12,low,Ahmedabad,organic,41,male,2024,2024-06
C05811,2024-05-27,low,Chennai,organic,40,female,2024,2024-05
C05812,2025-06-13,low,Jaipur,organic,23,female,2025,2025-06
C05813,2024-10-20,medium,Pune,organic,63,female,2024,2024-10
C05814,2024-07-13,medium,Delhi,referral,45,male,2024,2024-07
C05815,2025-10-24,medium,Bhubaneswar,ads,40,male,2025,2025-10
C05816,2025-04-24,medium,Ahmedabad,referral,23,female,2025,2025-04
C05817,2024-05-02,medium,Chennai,organic,44,male,2024,2024-05
C05818,2025-02-03,low,Hyderabad,ads,29,female,2025,2025-02
C05819,2025-11-29,low,Bhubaneswar,referral,33,female,2025,2025-11
C05820,2025-03-27,medium,Kolkata,referral,18,female,2025,2025-03
C05821,2025-10-22,high,Mumbai,ads,22,female,2025,2025-10
C05822,2024-04-13,low,Jaipur,organic,39,other,2024,2024-04
C05823,2025-04-06,high,Bhubaneswar,ads,45,male,2025,2025-04
C05824,2025-12-18,medium,Mumbai,organic,41,female,2025,2025-12
C05825,2025-12-10,high,Chennai,ads,41,female,2025,2025-12
C05826,2025-01-30,medium,Hyderabad,ads,34,male,2025,2025-01
C05827,2024-12-02,low,Chennai,ads,30,other,2024,2024-12
C05828,2025-08-21,high,Hyderabad,ads,37,female,2025,2025-08
C05829,2024-05-21,medium,Hyderabad,ads,43,female,2024,2024-05
C05830,2024-11-12,medium,Bangalore,organic,35,male,2024,2024-11
C05831,2025-12-11,low,Bangalore,ads,47,female,2025,2025-12
C05832,2025-07-11,low,Ahmedabad,ads,32,female,2025,2025-07
C05833,2025-06-10,medium,Bangalore,organic,25,male,2025,2025-06
C05834,2025-07-09,high,Bangalore,organic,34,male,2025,2025-07
C05835,2025-02-04,medium,Mumbai,organic,36,male,2025,2025-02
C05836,2025-11-11,medium,Pune,ads,34,female,2025,2025-11
C05837,2024-11-05,medium,Jaipur,referral,47,female,2024,2024-11
C05838,2025-05-09,high,Jaipur,organic,43,male,2025,2025-05
C05839,2025-07-09,high,Kolkata,ads,20,female,2025,2025-07
C05840,2025-09-01,medium,Delhi,ads,50,male,2025,2025-09
C05841,2024-04-18,medium,Hyderabad,organic,18,female,2024,2024-04
C05842,2025-01-06,low,Chennai,referral,56,female,2025,2025-01
C05843,2025-09-07,high,Mumbai,organic,32,female,2025,2025-09
C05844,2024-07-24,medium,Hyderabad,referral,33,female,2024,2024-07
C05845,2024-02-12,low,Delhi,organic,34,male,2024,2024-02
C05846,2024-09-01,medium,Bangalore,organic,38,male,2024,2024-09
C05847,2024-10-13,low,Kolkata,organic,34,female,2024,2024-10
C05848,2024-12-20,high,Bangalore,organic,33,female,2024,2024-12
C05849,2025-04-20,medium,Hyderabad,referral,48,male,2025,2025-04
C05850,2024-03-23,low,Kolkata,organic,40,male,2024,2024-03
C05851,2024-04-19,medium,Delhi,ads,25,male,2024,2024-04
C05852,2024-07-08,low,Chennai,organic,42,male,2024,2024-07
C05853,2024-09-07,medium,Chennai,referral,40,male,2024,2024-09
C05854,2025-12-24,medium,Ahmedabad,ads,29,male,2025,2025-12
C05855,2024-10-17,medium,Bhubaneswar,ads,42,female,2024,2024-10
C05856,2025-10-06,medium,Bhubaneswar,organic,33,male,2025,2025-10
C05857,2024-07-19,high,Chennai,ads,32,female,2024,2024-07
C05858,2024-11-21,medium,Bhubaneswar,organic,32,female,2024,2024-11
C05859,2025-05-25,medium,Jaipur,organic,18,male,2025,2025-05
C05860,2025-02-12,medium,Pune,ads,29,male,2025,2025-02
C05861,2025-08-29,low,Delhi,referral,42,female,2025,2025-08
C05862,2025-05-22,medium,Pune,referral,34,female,2025,2025-05
C05863,2025-12-31,low,Bhubaneswar,ads,22,female,2025,2025-12
C05864,2025-08-23,medium,Bangalore,ads,44,female,2025,2025-08
C05865,2024-03-12,medium,Ahmedabad,referral,32,female,2024,2024-03
C05866,2024-09-03,low,Bhubaneswar,ads,22,female,2024,2024-09
C05867,2025-10-02,medium,Mumbai,ads,57,male,2025,2025-10
C05868,2025-12-24,medium,Hyderabad,referral,24,male,2025,2025-12
C05869,2025-08-30,high,Kolkata,organic,43,male,2025,2025-08
C05870,2025-08-09,medium,Bangalore,organic,27,female,2025,2025-08
C05871,2025-07-19,medium,Hyderabad,ads,36,male,2025,2025-07
C05872,2024-12-09,low,Jaipur,organic,25,female,2024,2024-12
C05873,2024-02-23,medium,Ahmedabad,organic,22,male,2024,2024-02
C05874,2025-12-30,low,Mumbai,ads,40,male,2025,2025-12
C05875,2025-06-11,medium,Jaipur,ads,39,male,2025,2025-06
C05876,2025-09-02,medium,Jaipur,referral,46,male,2025,2025-09
C05877,2025-06-15,medium,Jaipur,organic,34,male,2025,2025-06
C05878,2025-07-11,low,Chennai,organic,57,male,2025,2025-07
C05879,2024-07-11,low,Hyderabad,organic,37,male,2024,2024-07
C05880,2024-02-27,high,Kolkata,ads,40,female,2024,2024-02
C05881,2025-03-12,medium,Pune,ads,21,male,2025,2025-03
C05882,2024-04-20,medium,Mumbai,ads,28,male,2024,2024-04
C05883,2024-05-08,high,Pune,organic,40,male,2024,2024-05
C05884,2025-12-06,medium,Mumbai,ads,34,female,2025,2025-12
C05885,2024-11-21,low,Delhi,ads,36,female,2024,2024-11
C05886,2024-01-08,medium,Chennai,organic,26,other,2024,2024-01
C05887,2024-01-29,low,Mumbai,ads,36,female,2024,2024-01
C05888,2024-04-21,medium,Bhubaneswar,ads,36,other,2024,2024-04
C05889,2025-11-03,medium,Bhubaneswar,referral,23,male,2025,2025-11
C05890,2024-05-10,high,Delhi,referral,41,male,2024,2024-05
C05891,2024-07-06,low,Kolkata,ads,18,female,2024,2024-07
C05892,2025-11-05,low,Ahmedabad,referral,36,other,2025,2025-11
C05893,2025-12-09,medium,Chennai,ads,52,female,2025,2025-12
C05894,2025-04-19,high,Jaipur,referral,41,female,2025,2025-04
C05895,2024-12-29,medium,Hyderabad,organic,41,male,2024,2024-12
C05896,2024-07-22,high,Bangalore,ads,26,male,2024,2024-07
C05897,2024-07-30,medium,Chennai,ads,52,male,2024,2024-07
C05898,2025-09-12,low,Delhi,ads,48,male,2025,2025-09
C05899,2024-10-02,high,Bhubaneswar,organic,26,male,2024,2024-10
C05900,2024-03-13,low,Hyderabad,organic,30,male,2024,2024-03
C05901,2025-11-09,medium,Mumbai,organic,47,female,2025,2025-11
C05902,2024-08-30,medium,Kolkata,organic,52,male,2024,2024-08
C05903,2024-04-11,low,Kolkata,organic,22,male,2024,2024-04
C05904,2025-11-15,high,Ahmedabad,ads,24,male,2025,2025-11
C05905,2024-06-19,low,Ahmedabad,referral,33,male,2024,2024-06
C05906,2025-10-14,high,Chennai,ads,18,male,2025,2025-10
C05907,2024-07-06,medium,Bangalore,referral,35,male,2024,2024-07
C05908,2025-03-16,low,Delhi,referral,46,female,2025,2025-03
C05909,2024-03-26,low,Hyderabad,ads,20,male,2024,2024-03
C05910,2025-04-20,medium,Bhubaneswar,organic,36,male,2025,2025-04
C05911,2024-02-21,medium,Delhi,organic,29,male,2024,2024-02
C05912,2024-04-20,low,Delhi,referral,51,male,2024,2024-04
C05913,2024-02-12,low,Pune,organic,29,male,2024,2024-02
C05914,2024-07-29,high,Pune,ads,50,male,2024,2024-07
C05915,2024-07-18,low,Mumbai,organic,29,male,2024,2024-07
C05916,2025-09-18,medium,Bangalore,referral,42,female,2025,2025-09
C05917,2024-01-26,medium,Mumbai,ads,37,female,2024,2024-01
C05918,2024-10-25,medium,Hyderabad,referral,33,male,2024,2024-10
C05919,2024-03-17,medium,Bhubaneswar,organic,27,female,2024,2024-03
C05920,2024-05-16,low,Bhubaneswar,organic,38,male,2024,2024-05
C05921,2024-01-20,medium,Delhi,ads,30,male,2024,2024-01
C05922,2025-03-15,low,Ahmedabad,referral,28,male,2025,2025-03
C05923,2024-07-29,high,Bhubaneswar,ads,49,female,2024,2024-07
C05924,2025-07-04,low,Ahmedabad,referral,40,male,2025,2025-07
C05925,2025-03-10,low,Ahmedabad,ads,41,female,2025,2025-03
C05926,2024-07-25,medium,Hyderabad,ads,31,female,2024,2024-07
C05927,2025-03-14,medium,Bangalore,ads,33,female,2025,2025-03
C05928,2025-10-27,medium,Delhi,organic,32,male,2025,2025-10
C05929,2024-02-11,low,Bhubaneswar,organic,38,male,2024,2024-02
C05930,2025-02-14,low,Jaipur,referral,41,male,2025,2025-02
C05931,2025-06-06,high,Bangalore,referral,34,female,2025,2025-06
C05932,2025-09-01,low,Pune,ads,27,female,2025,2025-09
C05933,2025-03-02,medium,Jaipur,organic,42,female,2025,2025-03
C05934,2024-10-01,medium,Hyderabad,organic,35,female,2024,2024-10
C05935,2025-03-23,low,Bangalore,referral,20,female,2025,2025-03
C05936,2025-01-03,medium,Hyderabad,organic,18,male,2025,2025-01
C05937,2024-08-07,low,Bangalore,referral,37,female,2024,2024-08
C05938,2025-07-30,medium,Ahmedabad,organic,26,female,2025,2025-07
C05939,2024-08-19,high,Delhi,ads,39,male,2024,2024-08
C05940,2024-11-23,medium,Bhubaneswar,referral,27,male,2024,2024-11
C05941,2025-03-18,high,Chennai,organic,36,female,2025,2025-03
C05942,2024-02-21,low,Kolkata,organic,31,male,2024,2024-02
C05943,2025-01-10,medium,Delhi,referral,52,female,2025,2025-01
C05944,2024-09-19,medium,Ahmedabad,ads,44,male,2024,2024-09
C05945,2024-09-23,high,Ahmedabad,ads,48,male,2024,2024-09
C05946,2024-12-24,medium,Chennai,ads,35,female,2024,2024-12
C05947,2024-11-12,low,Ahmedabad,organic,43,female,2024,2024-11
C05948,2024-11-19,high,Jaipur,organic,35,male,2024,2024-11
C05949,2025-10-27,medium,Ahmedabad,ads,49,female,2025,2025-10
C05950,2025-10-13,low,Pune,organic,34,other,2025,2025-10
C05951,2025-07-16,medium,Bhubaneswar,ads,21,female,2025,2025-07
C05952,2025-09-20,low,Delhi,ads,18,female,2025,2025-09
C05953,2025-02-24,high,Kolkata,organic,51,female,2025,2025-02
C05954,2024-02-15,medium,Jaipur,ads,39,female,2024,2024-02
C05955,2025-08-22,low,Jaipur,organic,40,female,2025,2025-08
C05956,2025-12-20,low,Kolkata,organic,49,male,2025,2025-12
C05957,2024-09-25,medium,Ahmedabad,ads,18,male,2024,2024-09
C05958,2025-08-23,medium,Bangalore,referral,31,female,2025,2025-08
C05959,2025-01-15,medium,Jaipur,organic,32,male,2025,2025-01
C05960,2024-04-27,high,Jaipur,ads,42,female,2024,2024-04
C05961,2025-07-19,low,Delhi,ads,28,male,2025,2025-07
C05962,2024-04-25,medium,Chennai,organic,22,other,2024,2024-04
C05963,2025-09-21,medium,Pune,ads,22,female,2025,2025-09
C05964,2024-09-16,low,Kolkata,referral,46,female,2024,2024-09
C05965,2024-03-15,medium,Ahmedabad,ads,27,female,2024,2024-03
C05966,2025-04-24,medium,Hyderabad,organic,29,male,2025,2025-04
C05967,2024-10-31,low,Hyderabad,ads,41,male,2024,2024-10
C05968,2024-01-07,low,Bangalore,ads,28,female,2024,2024-01
C05969,2024-12-31,medium,Jaipur,organic,18,female,2024,2024-12
C05970,2025-09-25,high,Jaipur,organic,19,male,2025,2025-09
C05971,2025-06-06,medium,Chennai,organic,34,female,2025,2025-06
C05972,2024-12-13,medium,Jaipur,organic,39,male,2024,2024-12
C05973,2025-03-13,medium,Hyderabad,organic,32,female,2025,2025-03
C05974,2024-08-02,low,Kolkata,ads,39,female,2024,2024-08
C05975,2025-03-04,low,Bangalore,organic,18,female,2025,2025-03
C05976,2025-05-12,low,Chennai,referral,19,male,2025,2025-05
C05977,2025-06-23,medium,Pune,ads,57,male,2025,2025-06
C05978,2025-01-01,low,Hyderabad,referral,47,male,2025,2025-01
C05979,2024-11-08,medium,Mumbai,ads,42,male,2024,2024-11
C05980,2025-06-21,high,Delhi,organic,28,male,2025,2025-06
C05981,2024-02-23,high,Chennai,ads,32,female,2024,2024-02
C05982,2025-06-24,medium,Chennai,referral,34,male,2025,2025-06
C05983,2025-04-11,low,Hyderabad,organic,48,male,2025,2025-04
C05984,2024-06-12,medium,Bangalore,organic,39,female,2024,2024-06
C05985,2024-11-29,medium,Delhi,organic,40,female,2024,2024-11
C05986,2025-06-30,low,Kolkata,organic,33,male,2025,2025-06
C05987,2024-12-13,high,Kolkata,organic,42,female,2024,2024-12
C05988,2024-09-29,low,Jaipur,organic,38,other,2024,2024-09
C05989,2025-12-20,medium,Mumbai,organic,35,female,2025,2025-12
C05990,2025-02-17,high,Bhubaneswar,ads,27,female,2025,2025-02
C05991,2025-05-14,low,Hyderabad,organic,33,female,2025,2025-05
C05992,2024-04-02,high,Bangalore,ads,24,male,2024,2024-04
C05993,2025-11-15,medium,Delhi,ads,34,female,2025,2025-11
C05994,2024-03-19,medium,Bangalore,ads,35,female,2024,2024-03
C05995,2025-09-13,high,Bhubaneswar,organic,18,male,2025,2025-09
C05996,2024-08-04,high,Kolkata,ads,32,male,2024,2024-08
C05997,2024-12-23,high,Bangalore,organic,23,male,2024,2024-12
C05998,2025-09-09,high,Kolkata,ads,39,female,2025,2025-09
C05999,2025-05-21,low,Kolkata,ads,41,male,2025,2025-05
C06000,2025-07-12,medium,Mumbai,organic,30,female,2025,2025-07
C06001,2024-06-29,medium,Kolkata,organic,40,female,2024,2024-06
C06002,2025-07-29,medium,Ahmedabad,organic,40,male,2025,2025-07
C06003,2024-09-02,low,Kolkata,organic,32,other,2024,2024-09
C06004,2024-08-31,low,Delhi,organic,50,male,2024,2024-08
C06005,2025-05-20,low,Delhi,referral,27,male,2025,2025-05
C06006,2025-02-25,low,Delhi,organic,49,male,2025,2025-02
C06007,2024-11-15,medium,Chennai,ads,32,male,2024,2024-11
C06008,2024-03-27,medium,Hyderabad,ads,26,male,2024,2024-03
C06009,2024-08-04,medium,Hyderabad,ads,31,female,2024,2024-08
C06010,2025-05-04,medium,Hyderabad,referral,24,female,2025,2025-05
C06011,2025-06-02,medium,Ahmedabad,referral,42,female,2025,2025-06
C06012,2024-10-04,medium,Delhi,ads,18,female,2024,2024-10
C06013,2025-12-22,low,Jaipur,referral,48,male,2025,2025-12
C06014,2024-06-17,low,Hyderabad,organic,25,male,2024,2024-06
C06015,2024-11-25,medium,Bhubaneswar,ads,43,female,2024,2024-11
C06016,2025-10-11,low,Bhubaneswar,referral,35,female,2025,2025-10
C06017,2025-03-16,medium,Bangalore,ads,37,male,2025,2025-03
C06018,2025-01-25,high,Chennai,referral,29,female,2025,2025-01
C06019,2025-05-10,medium,Jaipur,organic,38,female,2025,2025-05
C06020,2025-01-15,medium,Kolkata,ads,36,female,2025,2025-01
C06021,2024-11-01,high,Delhi,referral,20,female,2024,2024-11
C06022,2025-11-03,low,Ahmedabad,organic,25,male,2025,2025-11
C06023,2025-05-27,medium,Chennai,ads,29,female,2025,2025-05
C06024,2024-07-06,medium,Mumbai,organic,27,male,2024,2024-07
C06025,2025-05-30,high,Mumbai,ads,47,female,2025,2025-05
C06026,2025-10-05,high,Pune,referral,35,male,2025,2025-10
C06027,2025-03-02,low,Kolkata,organic,27,male,2025,2025-03
C06028,2025-05-16,medium,Delhi,organic,30,male,2025,2025-05
C06029,2025-12-30,low,Chennai,organic,29,male,2025,2025-12
C06030,2024-09-16,low,Mumbai,referral,32,male,2024,2024-09
C06031,2025-05-27,medium,Pune,ads,24,female,2025,2025-05
C06032,2024-03-11,medium,Ahmedabad,organic,26,female,2024,2024-03
C06033,2025-04-22,low,Delhi,organic,42,male,2025,2025-04
C06034,2024-06-26,low,Mumbai,referral,36,female,2024,2024-06
C06035,2025-04-01,medium,Hyderabad,referral,33,female,2025,2025-04
C06036,2024-07-07,low,Bhubaneswar,organic,35,male,2024,2024-07
C06037,2024-10-17,low,Pune,organic,34,female,2024,2024-10
C06038,2025-06-03,medium,Ahmedabad,ads,32,male,2025,2025-06
C06039,2024-10-18,medium,Mumbai,ads,40,female,2024,2024-10
C06040,2025-09-26,low,Ahmedabad,referral,39,female,2025,2025-09
C06041,2024-10-09,medium,Kolkata,ads,19,male,2024,2024-10
C06042,2025-06-27,high,Bangalore,ads,33,male,2025,2025-06
C06043,2025-01-11,medium,Pune,ads,19,female,2025,2025-01
C06044,2025-10-19,high,Chennai,referral,41,male,2025,2025-10
C06045,2024-06-04,medium,Chennai,organic,42,female,2024,2024-06
C06046,2025-05-22,low,Mumbai,organic,28,male,2025,2025-05
C06047,2025-02-16,high,Hyderabad,organic,33,male,2025,2025-02
C06048,2025-06-11,medium,Hyderabad,referral,18,male,2025,2025-06
C06049,2024-12-20,medium,Kolkata,ads,44,female,2024,2024-12
C06050,2025-07-12,medium,Chennai,organic,42,male,2025,2025-07
C06051,2024-07-05,medium,Pune,ads,46,male,2024,2024-07
C06052,2024-01-31,medium,Bhubaneswar,organic,49,female,2024,2024-01
C06053,2024-09-16,high,Hyderabad,organic,22,male,2024,2024-09
C06054,2025-02-24,medium,Chennai,organic,43,male,2025,2025-02
C06055,2025-06-12,medium,Bangalore,ads,49,male,2025,2025-06
C06056,2025-07-04,medium,Pune,ads,20,female,2025,2025-07
C06057,2024-10-30,low,Bhubaneswar,referral,33,female,2024,2024-10
C06058,2024-02-08,medium,Bangalore,referral,31,female,2024,2024-02
C06059,2025-05-03,high,Chennai,ads,43,male,2025,2025-05
C06060,2025-10-05,low,Mumbai,ads,18,female,2025,2025-10
C06061,2025-06-25,medium,Jaipur,organic,53,female,2025,2025-06
C06062,2025-10-31,medium,Jaipur,organic,33,male,2025,2025-10
C06063,2024-10-04,medium,Kolkata,organic,44,male,2024,2024-10
C06064,2024-07-21,medium,Kolkata,ads,34,female,2024,2024-07
C06065,2024-03-06,low,Bhubaneswar,organic,39,male,2024,2024-03
C06066,2024-04-17,low,Bangalore,organic,18,female,2024,2024-04
C06067,2024-09-24,medium,Chennai,ads,31,male,2024,2024-09
C06068,2024-08-09,medium,Chennai,organic,43,female,2024,2024-08
C06069,2025-06-13,medium,Mumbai,ads,37,male,2025,2025-06
C06070,2024-03-30,low,Ahmedabad,ads,18,male,2024,2024-03
C06071,2025-11-23,low,Kolkata,organic,35,female,2025,2025-11
C06072,2024-09-11,high,Ahmedabad,organic,26,other,2024,2024-09
C06073,2025-03-30,high,Ahmedabad,organic,25,other,2025,2025-03
C06074,2024-09-09,medium,Mumbai,organic,19,male,2024,2024-09
C06075,2024-09-13,high,Ahmedabad,ads,41,male,2024,2024-09
C06076,2025-01-17,medium,Ahmedabad,ads,46,female,2025,2025-01
C06077,2025-03-17,high,Mumbai,organic,56,male,2025,2025-03
C06078,2025-08-21,medium,Hyderabad,organic,20,female,2025,2025-08
C06079,2024-03-30,low,Ahmedabad,referral,42,female,2024,2024-03
C06080,2025-01-24,low,Kolkata,organic,43,female,2025,2025-01
C06081,2025-08-04,medium,Mumbai,organic,29,female,2025,2025-08
C06082,2024-02-13,medium,Pune,ads,25,male,2024,2024-02
C06083,2025-12-12,low,Ahmedabad,ads,24,female,2025,2025-12
C06084,2025-10-25,high,Hyderabad,ads,29,female,2025,2025-10
C06085,2025-08-20,medium,Kolkata,ads,37,female,2025,2025-08
C06086,2024-01-19,medium,Delhi,organic,48,male,2024,2024-01
C06087,2024-04-10,medium,Kolkata,ads,46,male,2024,2024-04
C06088,2025-08-29,medium,Bangalore,organic,18,female,2025,2025-08
C06089,2024-12-22,high,Pune,ads,27,female,2024,2024-12
C06090,2025-06-25,medium,Jaipur,referral,47,female,2025,2025-06
C06091,2024-02-02,medium,Chennai,organic,27,female,2024,2024-02
C06092,2024-08-16,medium,Bangalore,organic,34,female,2024,2024-08
C06093,2025-06-07,high,Mumbai,organic,18,male,2025,2025-06
C06094,2025-09-21,low,Mumbai,organic,46,male,2025,2025-09
C06095,2024-06-03,medium,Chennai,organic,18,female,2024,2024-06
C06096,2025-02-26,medium,Bhubaneswar,ads,18,female,2025,2025-02
C06097,2024-09-02,medium,Bhubaneswar,referral,45,female,2024,2024-09
C06098,2025-02-08,medium,Chennai,organic,54,female,2025,2025-02
C06099,2025-06-24,high,Mumbai,organic,32,female,2025,2025-06
C06100,2024-06-09,low,Kolkata,organic,34,male,2024,2024-06
C06101,2025-12-02,high,Pune,organic,44,female,2025,2025-12
C06102,2024-04-26,high,Hyderabad,organic,37,male,2024,2024-04
C06103,2024-09-27,low,Jaipur,ads,31,male,2024,2024-09
C06104,2025-11-22,medium,Pune,organic,30,male,2025,2025-11
C06105,2025-05-01,medium,Chennai,referral,19,female,2025,2025-05
C06106,2024-06-20,medium,Mumbai,ads,37,female,2024,2024-06
C06107,2024-09-30,medium,Bhubaneswar,ads,34,other,2024,2024-09
C06108,2024-09-15,low,Mumbai,organic,30,male,2024,2024-09
C06109,2024-05-14,medium,Bhubaneswar,ads,24,male,2024,2024-05
C06110,2025-11-13,medium,Pune,ads,25,male,2025,2025-11
C06111,2025-12-22,low,Bangalore,organic,41,male,2025,2025-12
C06112,2025-02-25,medium,Kolkata,organic,43,male,2025,2025-02
C06113,2025-02-24,medium,Pune,referral,31,male,2025,2025-02
C06114,2024-07-04,medium,Kolkata,organic,30,male,2024,2024-07
C06115,2024-12-29,medium,Ahmedabad,ads,26,male,2024,2024-12
C06116,2025-08-29,low,Pune,organic,44,female,2025,2025-08
C06117,2025-01-12,low,Delhi,organic,35,female,2025,2025-01
C06118,2025-06-06,high,Delhi,organic,38,female,2025,2025-06
C06119,2025-08-02,high,Kolkata,organic,38,female,2025,2025-08
C06120,2025-12-22,high,Ahmedabad,ads,31,female,2025,2025-12
C06121,2024-07-14,medium,Kolkata,ads,23,male,2024,2024-07
C06122,2024-04-07,high,Chennai,ads,25,female,2024,2024-04
C06123,2025-08-27,medium,Delhi,ads,46,female,2025,2025-08
C06124,2024-01-22,low,Mumbai,organic,27,male,2024,2024-01
C06125,2025-03-25,low,Kolkata,ads,30,female,2025,2025-03
C06126,2024-06-20,medium,Kolkata,ads,23,male,2024,2024-06
C06127,2025-01-17,medium,Jaipur,ads,22,male,2025,2025-01
C06128,2024-05-13,medium,Hyderabad,ads,27,female,2024,2024-05
C06129,2025-03-01,low,Hyderabad,ads,51,female,2025,2025-03
C06130,2024-01-25,low,Bhubaneswar,organic,41,female,2024,2024-01
C06131,2025-05-17,low,Ahmedabad,ads,29,male,2025,2025-05
C06132,2024-07-03,medium,Delhi,organic,45,female,2024,2024-07
C06133,2024-03-25,medium,Delhi,ads,33,male,2024,2024-03
C06134,2025-07-20,high,Hyderabad,organic,48,other,2025,2025-07
C06135,2024-05-23,medium,Kolkata,referral,57,female,2024,2024-05
C06136,2025-11-09,medium,Kolkata,ads,45,female,2025,2025-11
C06137,2025-02-15,medium,Delhi,ads,35,male,2025,2025-02
C06138,2024-08-11,medium,Ahmedabad,ads,41,male,2024,2024-08
C06139,2024-08-07,medium,Bangalore,referral,35,male,2024,2024-08
C06140,2024-06-27,high,Chennai,ads,18,female,2024,2024-06
C06141,2025-09-22,high,Jaipur,organic,28,male,2025,2025-09
C06142,2025-03-08,high,Delhi,referral,25,female,2025,2025-03
C06143,2024-09-21,high,Bhubaneswar,ads,28,male,2024,2024-09
C06144,2025-03-04,high,Bangalore,ads,52,female,2025,2025-03
C06145,2025-10-23,medium,Delhi,referral,46,male,2025,2025-10
C06146,2025-02-19,medium,Jaipur,organic,39,male,2025,2025-02
C06147,2025-03-28,low,Hyderabad,organic,43,female,2025,2025-03
C06148,2025-12-27,medium,Delhi,ads,18,female,2025,2025-12
C06149,2024-07-15,high,Bangalore,ads,42,female,2024,2024-07
C06150,2025-07-07,medium,Chennai,ads,44,female,2025,2025-07
C06151,2024-02-22,low,Kolkata,ads,18,female,2024,2024-02
C06152,2025-04-24,medium,Pune,ads,42,male,2025,2025-04
C06153,2025-03-18,medium,Hyderabad,ads,20,male,2025,2025-03
C06154,2024-11-25,medium,Bangalore,referral,18,female,2024,2024-11
C06155,2024-09-07,low,Bhubaneswar,organic,48,female,2024,2024-09
C06156,2024-05-02,low,Bhubaneswar,ads,24,female,2024,2024-05
C06157,2025-01-21,medium,Mumbai,ads,27,male,2025,2025-01
C06158,2024-12-04,low,Pune,ads,44,male,2024,2024-12
C06159,2024-12-13,low,Delhi,organic,31,female,2024,2024-12
C06160,2024-01-29,medium,Mumbai,organic,33,male,2024,2024-01
C06161,2024-02-04,medium,Bhubaneswar,ads,32,female,2024,2024-02
C06162,2025-06-01,medium,Delhi,organic,38,male,2025,2025-06
C06163,2025-01-30,low,Mumbai,organic,32,male,2025,2025-01
C06164,2025-09-14,high,Delhi,organic,36,male,2025,2025-09
C06165,2024-10-20,low,Chennai,ads,29,male,2024,2024-10
C06166,2025-08-11,high,Pune,ads,38,male,2025,2025-08
C06167,2024-12-14,medium,Hyderabad,ads,38,male,2024,2024-12
C06168,2024-05-26,low,Hyderabad,organic,53,female,2024,2024-05
C06169,2024-03-07,medium,Hyderabad,ads,31,female,2024,2024-03
C06170,2025-06-03,medium,Bhubaneswar,ads,33,male,2025,2025-06
C06171,2024-05-01,high,Chennai,organic,37,female,2024,2024-05
C06172,2024-12-05,medium,Jaipur,organic,44,female,2024,2024-12
C06173,2024-06-23,high,Pune,referral,24,male,2024,2024-06
C06174,2025-11-21,medium,Bangalore,ads,36,female,2025,2025-11
C06175,2025-08-19,medium,Ahmedabad,ads,18,female,2025,2025-08
C06176,2025-03-26,low,Jaipur,organic,32,male,2025,2025-03
C06177,2025-07-10,low,Bangalore,referral,45,male,2025,2025-07
C06178,2024-05-15,high,Hyderabad,ads,27,male,2024,2024-05
C06179,2024-01-16,low,Bangalore,referral,36,male,2024,2024-01
C06180,2024-11-28,high,Delhi,referral,29,female,2024,2024-11
C06181,2024-07-13,high,Delhi,referral,26,male,2024,2024-07
C06182,2025-05-10,high,Bangalore,referral,44,female,2025,2025-05
C06183,2024-01-09,low,Kolkata,organic,24,female,2024,2024-01
C06184,2024-11-29,low,Mumbai,referral,37,female,2024,2024-11
C06185,2024-11-28,high,Ahmedabad,organic,38,female,2024,2024-11
C06186,2024-11-22,high,Bhubaneswar,referral,26,male,2024,2024-11
C06187,2024-01-15,medium,Bangalore,organic,36,female,2024,2024-01
C06188,2025-09-05,medium,Pune,ads,25,female,2025,2025-09
C06189,2024-08-13,medium,Kolkata,organic,40,male,2024,2024-08
C06190,2025-02-28,medium,Chennai,ads,21,male,2025,2025-02
C06191,2025-02-11,low,Kolkata,organic,31,male,2025,2025-02
C06192,2024-04-22,medium,Ahmedabad,ads,32,female,2024,2024-04
C06193,2025-03-03,low,Pune,referral,46,male,2025,2025-03
C06194,2024-01-01,medium,Kolkata,ads,36,male,2024,2024-01
C06195,2024-09-22,medium,Bhubaneswar,organic,44,female,2024,2024-09
C06196,2025-05-05,low,Mumbai,ads,40,male,2025,2025-05
C06197,2024-07-26,low,Pune,organic,40,female,2024,2024-07
C06198,2025-09-13,medium,Delhi,ads,31,male,2025,2025-09
C06199,2025-12-12,medium,Bhubaneswar,referral,45,male,2025,2025-12
C06200,2025-01-03,low,Hyderabad,ads,31,male,2025,2025-01
C06201,2024-11-01,high,Chennai,organic,18,female,2024,2024-11
C06202,2024-01-12,high,Ahmedabad,organic,32,female,2024,2024-01
C06203,2024-12-10,medium,Ahmedabad,referral,39,male,2024,2024-12
C06204,2025-04-09,low,Bangalore,organic,18,male,2025,2025-04
C06205,2025-11-30,low,Ahmedabad,ads,26,female,2025,2025-11
C06206,2025-10-27,low,Ahmedabad,ads,22,female,2025,2025-10
C06207,2025-05-08,medium,Mumbai,ads,42,male,2025,2025-05
C06208,2025-01-02,high,Chennai,referral,51,female,2025,2025-01
C06209,2025-02-23,medium,Mumbai,organic,32,female,2025,2025-02
C06210,2024-06-19,low,Delhi,ads,40,male,2024,2024-06
C06211,2024-05-13,high,Pune,ads,40,male,2024,2024-05
C06212,2025-03-02,high,Kolkata,organic,50,male,2025,2025-03
C06213,2024-01-25,high,Chennai,organic,28,female,2024,2024-01
C06214,2025-06-13,medium,Kolkata,ads,32,male,2025,2025-06
C06215,2024-07-08,low,Hyderabad,organic,31,female,2024,2024-07
C06216,2024-05-20,medium,Mumbai,referral,35,female,2024,2024-05
C06217,2025-07-08,low,Bhubaneswar,organic,60,female,2025,2025-07
C06218,2025-10-19,high,Kolkata,organic,35,male,2025,2025-10
C06219,2024-11-10,low,Bhubaneswar,organic,26,other,2024,2024-11
C06220,2025-03-19,low,Bangalore,organic,23,female,2025,2025-03
C06221,2024-11-14,medium,Chennai,ads,47,male,2024,2024-11
C06222,2025-03-16,low,Bangalore,organic,26,other,2025,2025-03
C06223,2024-04-01,medium,Pune,ads,41,female,2024,2024-04
C06224,2024-06-27,low,Bangalore,referral,28,male,2024,2024-06
C06225,2024-02-25,low,Bhubaneswar,ads,22,male,2024,2024-02
C06226,2024-06-03,low,Ahmedabad,organic,41,male,2024,2024-06
C06227,2025-11-02,medium,Mumbai,referral,28,female,2025,2025-11
C06228,2024-04-20,high,Bangalore,organic,39,female,2024,2024-04
C06229,2024-05-16,medium,Pune,ads,39,male,2024,2024-05
C06230,2024-08-19,medium,Chennai,ads,40,female,2024,2024-08
C06231,2025-04-12,low,Jaipur,organic,32,female,2025,2025-04
C06232,2025-04-25,low,Pune,referral,41,male,2025,2025-04
C06233,2024-03-08,low,Mumbai,organic,25,female,2024,2024-03
C06234,2024-09-05,high,Kolkata,ads,18,male,2024,2024-09
C06235,2024-11-18,low,Delhi,organic,42,female,2024,2024-11
C06236,2025-06-01,low,Chennai,ads,36,male,2025,2025-06
C06237,2025-03-07,low,Bhubaneswar,ads,28,female,2025,2025-03
C06238,2025-05-01,high,Delhi,organic,20,male,2025,2025-05
C06239,2025-08-28,high,Pune,ads,18,male,2025,2025-08
C06240,2025-03-04,high,Pune,ads,35,male,2025,2025-03
C06241,2024-09-25,medium,Pune,ads,51,female,2024,2024-09
C06242,2025-12-09,medium,Delhi,ads,33,male,2025,2025-12
C06243,2025-06-20,low,Bangalore,ads,31,female,2025,2025-06
C06244,2024-05-27,medium,Mumbai,organic,34,male,2024,2024-05
C06245,2024-04-27,medium,Chennai,ads,56,female,2024,2024-04
C06246,2025-01-01,medium,Mumbai,ads,42,female,2025,2025-01
C06247,2024-03-06,low,Chennai,ads,25,male,2024,2024-03
C06248,2025-01-04,low,Chennai,referral,35,male,2025,2025-01
C06249,2024-06-23,low,Kolkata,organic,38,male,2024,2024-06
C06250,2025-08-10,medium,Pune,organic,24,female,2025,2025-08
C06251,2025-05-09,medium,Jaipur,organic,42,female,2025,2025-05
C06252,2024-04-23,low,Hyderabad,organic,26,male,2024,2024-04
C06253,2024-04-20,medium,Mumbai,organic,19,female,2024,2024-04
C06254,2025-03-14,medium,Kolkata,referral,35,male,2025,2025-03
C06255,2025-12-15,high,Pune,organic,34,male,2025,2025-12
C06256,2024-05-26,high,Ahmedabad,ads,34,female,2024,2024-05
C06257,2024-02-04,low,Ahmedabad,organic,27,male,2024,2024-02
C06258,2024-11-04,high,Bangalore,ads,28,female,2024,2024-11
C06259,2025-06-21,medium,Delhi,referral,46,female,2025,2025-06
C06260,2024-01-14,medium,Ahmedabad,organic,39,male,2024,2024-01
C06261,2025-01-08,medium,Bhubaneswar,referral,25,female,2025,2025-01
C06262,2025-07-10,medium,Pune,referral,18,female,2025,2025-07
C06263,2025-03-03,medium,Hyderabad,ads,25,male,2025,2025-03
C06264,2025-12-28,high,Jaipur,organic,36,male,2025,2025-12
C06265,2024-08-20,high,Pune,ads,28,male,2024,2024-08
C06266,2025-12-05,medium,Ahmedabad,referral,27,female,2025,2025-12
C06267,2025-07-16,medium,Hyderabad,organic,29,female,2025,2025-07
C06268,2025-12-26,medium,Jaipur,ads,34,female,2025,2025-12
C06269,2025-10-24,high,Bangalore,organic,42,female,2025,2025-10
C06270,2025-03-15,low,Bangalore,organic,34,female,2025,2025-03
C06271,2025-05-16,medium,Kolkata,referral,35,male,2025,2025-05
C06272,2024-10-01,high,Jaipur,ads,32,female,2024,2024-10
C06273,2024-03-16,high,Jaipur,organic,30,male,2024,2024-03
C06274,2025-03-14,low,Bhubaneswar,ads,43,male,2025,2025-03
C06275,2025-11-29,medium,Jaipur,organic,42,female,2025,2025-11
C06276,2024-10-15,medium,Ahmedabad,organic,55,female,2024,2024-10
C06277,2025-06-23,low,Bhubaneswar,ads,41,female,2025,2025-06
C06278,2025-11-22,low,Jaipur,ads,30,male,2025,2025-11
C06279,2024-09-09,low,Mumbai,organic,25,female,2024,2024-09
C06280,2024-05-05,medium,Kolkata,organic,44,female,2024,2024-05
C06281,2024-06-25,medium,Kolkata,ads,26,female,2024,2024-06
C06282,2024-02-06,high,Mumbai,referral,43,other,2024,2024-02
C06283,2025-02-13,low,Bhubaneswar,referral,27,male,2025,2025-02
C06284,2025-09-02,medium,Bangalore,organic,38,female,2025,2025-09
C06285,2025-09-01,medium,Mumbai,ads,24,female,2025,2025-09
C06286,2024-05-06,low,Pune,referral,42,male,2024,2024-05
C06287,2025-04-27,low,Delhi,ads,22,male,2025,2025-04
C06288,2024-06-16,low,Hyderabad,referral,37,male,2024,2024-06
C06289,2025-08-14,low,Bangalore,referral,33,female,2025,2025-08
C06290,2024-10-20,low,Bangalore,organic,36,male,2024,2024-10
C06291,2025-09-29,medium,Chennai,organic,31,male,2025,2025-09
C06292,2024-12-08,low,Bangalore,organic,30,male,2024,2024-12
C06293,2024-11-05,low,Kolkata,organic,36,male,2024,2024-11
C06294,2025-10-23,medium,Bangalore,referral,24,male,2025,2025-10
C06295,2025-06-11,high,Pune,referral,24,male,2025,2025-06
C06296,2025-06-23,low,Bangalore,organic,31,female,2025,2025-06
C06297,2025-02-22,medium,Jaipur,ads,31,male,2025,2025-02
C06298,2025-03-19,low,Kolkata,ads,24,female,2025,2025-03
C06299,2025-11-15,high,Mumbai,organic,44,female,2025,2025-11
C06300,2025-07-11,high,Mumbai,ads,31,female,2025,2025-07
C06301,2024-08-23,medium,Ahmedabad,referral,32,male,2024,2024-08
C06302,2025-03-14,medium,Delhi,organic,21,female,2025,2025-03
C06303,2024-08-01,medium,Delhi,organic,55,male,2024,2024-08
C06304,2024-03-25,medium,Jaipur,organic,59,male,2024,2024-03
C06305,2024-03-25,high,Delhi,organic,27,male,2024,2024-03
C06306,2025-05-03,high,Bangalore,organic,47,male,2025,2025-05
C06307,2024-03-05,medium,Mumbai,ads,34,male,2024,2024-03
C06308,2025-10-07,high,Bangalore,ads,51,female,2025,2025-10
C06309,2025-10-24,low,Chennai,ads,38,male,2025,2025-10
C06310,2025-09-18,medium,Ahmedabad,organic,35,female,2025,2025-09
C06311,2024-03-04,high,Mumbai,organic,18,female,2024,2024-03
C06312,2024-12-08,medium,Delhi,referral,26,male,2024,2024-12
C06313,2024-12-17,high,Hyderabad,referral,35,male,2024,2024-12
C06314,2024-06-06,high,Bangalore,organic,36,female,2024,2024-06
C06315,2025-08-11,medium,Pune,organic,22,female,2025,2025-08
C06316,2025-05-05,low,Hyderabad,referral,27,male,2025,2025-05
C06317,2025-10-19,low,Pune,organic,40,female,2025,2025-10
C06318,2025-04-07,low,Chennai,organic,21,female,2025,2025-04
C06319,2024-08-12,medium,Delhi,ads,36,female,2024,2024-08
C06320,2024-11-08,medium,Bangalore,organic,47,male,2024,2024-11
C06321,2025-09-06,medium,Bangalore,organic,38,male,2025,2025-09
C06322,2025-04-10,low,Pune,ads,38,female,2025,2025-04
C06323,2024-03-28,low,Bangalore,ads,18,male,2024,2024-03
C06324,2024-10-29,high,Chennai,referral,26,male,2024,2024-10
C06325,2025-11-10,high,Kolkata,referral,55,male,2025,2025-11
C06326,2025-03-10,medium,Kolkata,organic,29,male,2025,2025-03
C06327,2025-11-12,low,Pune,organic,47,male,2025,2025-11
C06328,2024-05-14,low,Delhi,ads,28,female,2024,2024-05
C06329,2024-02-19,medium,Pune,ads,32,female,2024,2024-02
C06330,2025-03-07,low,Bhubaneswar,organic,40,female,2025,2025-03
C06331,2024-12-05,medium,Bangalore,organic,36,male,2024,2024-12
C06332,2024-12-12,low,Bangalore,organic,38,male,2024,2024-12
C06333,2025-10-07,low,Kolkata,ads,26,female,2025,2025-10
C06334,2024-12-12,low,Hyderabad,organic,23,female,2024,2024-12
C06335,2025-10-10,medium,Pune,referral,26,female,2025,2025-10
C06336,2024-09-01,high,Delhi,organic,29,male,2024,2024-09
C06337,2024-04-18,medium,Kolkata,referral,32,female,2024,2024-04
C06338,2025-06-16,medium,Pune,referral,45,female,2025,2025-06
C06339,2024-03-30,low,Mumbai,ads,35,male,2024,2024-03
C06340,2024-10-22,high,Delhi,ads,39,male,2024,2024-10
C06341,2024-04-21,medium,Delhi,ads,36,female,2024,2024-04
C06342,2025-08-11,low,Jaipur,organic,23,female,2025,2025-08
C06343,2024-06-25,high,Hyderabad,organic,35,male,2024,2024-06
C06344,2024-12-08,medium,Chennai,ads,36,female,2024,2024-12
C06345,2025-10-21,medium,Delhi,ads,42,male,2025,2025-10
C06346,2024-04-10,medium,Jaipur,ads,24,female,2024,2024-04
C06347,2025-09-20,high,Bangalore,ads,18,male,2025,2025-09
C06348,2025-08-26,low,Pune,ads,36,male,2025,2025-08
C06349,2025-02-04,medium,Ahmedabad,ads,38,female,2025,2025-02
C06350,2024-01-28,low,Ahmedabad,ads,33,female,2024,2024-01
C06351,2025-06-20,medium,Hyderabad,ads,35,other,2025,2025-06
C06352,2024-02-27,medium,Bangalore,referral,43,male,2024,2024-02
C06353,2025-05-12,high,Delhi,ads,30,female,2025,2025-05
C06354,2024-10-23,high,Bangalore,ads,32,male,2024,2024-10
C06355,2024-05-13,medium,Jaipur,ads,35,male,2024,2024-05
C06356,2024-11-26,high,Mumbai,ads,22,male,2024,2024-11
C06357,2024-09-05,medium,Chennai,ads,33,male,2024,2024-09
C06358,2025-07-03,medium,Bhubaneswar,organic,34,female,2025,2025-07
C06359,2024-03-15,medium,Chennai,referral,51,male,2024,2024-03
C06360,2025-10-15,high,Delhi,organic,32,female,2025,2025-10
C06361,2024-06-16,low,Bangalore,organic,37,female,2024,2024-06
C06362,2025-05-17,low,Chennai,organic,44,male,2025,2025-05
C06363,2024-12-20,high,Pune,organic,26,other,2024,2024-12
C06364,2024-08-12,high,Chennai,ads,48,male,2024,2024-08
C06365,2025-10-25,low,Jaipur,ads,52,female,2025,2025-10
C06366,2025-06-14,high,Chennai,referral,34,female,2025,2025-06
C06367,2024-05-25,low,Pune,organic,29,female,2024,2024-05
C06368,2024-08-28,high,Bhubaneswar,organic,51,female,2024,2024-08
C06369,2024-12-09,low,Bhubaneswar,organic,42,male,2024,2024-12
C06370,2024-02-04,medium,Pune,ads,35,male,2024,2024-02
C06371,2025-12-02,low,Bangalore,referral,49,female,2025,2025-12
C06372,2024-01-01,medium,Mumbai,ads,48,male,2024,2024-01
C06373,2024-06-01,medium,Delhi,organic,31,female,2024,2024-06
C06374,2025-03-04,high,Hyderabad,referral,37,female,2025,2025-03
C06375,2025-05-22,medium,Ahmedabad,organic,40,male,2025,2025-05
C06376,2024-05-05,low,Bangalore,ads,35,male,2024,2024-05
C06377,2025-05-05,medium,Chennai,ads,21,male,2025,2025-05
C06378,2025-04-26,low,Ahmedabad,organic,25,female,2025,2025-04
C06379,2024-12-10,medium,Ahmedabad,organic,21,male,2024,2024-12
C06380,2024-08-08,low,Pune,organic,39,female,2024,2024-08
C06381,2025-12-23,medium,Kolkata,referral,23,female,2025,2025-12
C06382,2024-01-25,low,Mumbai,ads,36,male,2024,2024-01
C06383,2025-06-11,low,Mumbai,referral,53,female,2025,2025-06
C06384,2024-06-30,medium,Kolkata,ads,49,female,2024,2024-06
C06385,2025-05-13,low,Delhi,ads,18,male,2025,2025-05
C06386,2025-10-02,low,Kolkata,ads,22,female,2025,2025-10
C06387,2024-02-11,medium,Hyderabad,referral,27,male,2024,2024-02
C06388,2025-04-25,medium,Hyderabad,organic,23,male,2025,2025-04
C06389,2025-03-14,high,Pune,organic,18,female,2025,2025-03
C06390,2025-02-05,low,Chennai,ads,34,male,2025,2025-02
C06391,2025-06-29,high,Ahmedabad,referral,42,male,2025,2025-06
C06392,2024-12-10,high,Mumbai,referral,44,female,2024,2024-12
C06393,2024-02-14,medium,Mumbai,ads,30,female,2024,2024-02
C06394,2025-10-07,medium,Kolkata,organic,32,male,2025,2025-10
C06395,2024-01-21,low,Kolkata,organic,38,male,2024,2024-01
C06396,2025-09-25,low,Kolkata,referral,33,male,2025,2025-09
C06397,2024-03-10,medium,Delhi,ads,43,female,2024,2024-03
C06398,2024-02-17,high,Kolkata,organic,39,female,2024,2024-02
C06399,2025-05-05,low,Chennai,referral,31,female,2025,2025-05
C06400,2025-07-04,medium,Ahmedabad,organic,18,female,2025,2025-07
C06401,2024-10-13,medium,Bangalore,ads,49,male,2024,2024-10
C06402,2024-01-10,medium,Bangalore,ads,28,male,2024,2024-01
C06403,2025-06-25,medium,Chennai,organic,38,male,2025,2025-06
C06404,2024-09-30,medium,Jaipur,organic,18,male,2024,2024-09
C06405,2025-08-22,low,Hyderabad,organic,34,female,2025,2025-08
C06406,2025-01-15,medium,Bangalore,ads,36,female,2025,2025-01
C06407,2024-11-24,low,Delhi,ads,36,male,2024,2024-11
C06408,2025-04-23,medium,Jaipur,organic,65,female,2025,2025-04
C06409,2024-01-15,medium,Bhubaneswar,referral,28,male,2024,2024-01
C06410,2025-05-30,low,Delhi,organic,43,male,2025,2025-05
C06411,2024-07-09,medium,Mumbai,organic,40,male,2024,2024-07
C06412,2024-06-16,medium,Bangalore,organic,28,female,2024,2024-06
C06413,2025-06-04,medium,Hyderabad,organic,43,male,2025,2025-06
C06414,2025-09-12,medium,Kolkata,referral,33,female,2025,2025-09
C06415,2024-05-16,low,Kolkata,organic,43,female,2024,2024-05
C06416,2024-06-02,medium,Ahmedabad,ads,54,female,2024,2024-06
C06417,2025-01-22,low,Hyderabad,referral,36,male,2025,2025-01
C06418,2024-07-27,high,Mumbai,ads,32,female,2024,2024-07
C06419,2024-09-28,medium,Pune,organic,45,female,2024,2024-09
C06420,2024-05-22,low,Bangalore,referral,48,male,2024,2024-05
C06421,2025-09-02,low,Ahmedabad,ads,26,male,2025,2025-09
C06422,2024-03-09,high,Hyderabad,organic,30,male,2024,2024-03
C06423,2024-09-03,medium,Bhubaneswar,ads,41,other,2024,2024-09
C06424,2024-09-17,medium,Delhi,referral,33,female,2024,2024-09
C06425,2024-03-19,medium,Mumbai,ads,25,female,2024,2024-03
C06426,2025-10-19,low,Hyderabad,ads,40,female,2025,2025-10
C06427,2025-09-14,low,Bangalore,referral,41,male,2025,2025-09
C06428,2025-08-27,medium,Delhi,ads,31,male,2025,2025-08
C06429,2025-06-08,low,Hyderabad,organic,35,male,2025,2025-06
C06430,2025-09-12,medium,Chennai,organic,29,male,2025,2025-09
C06431,2024-11-25,high,Ahmedabad,ads,24,female,2024,2024-11
C06432,2024-07-07,medium,Hyderabad,organic,30,female,2024,2024-07
C06433,2024-04-04,low,Chennai,referral,35,other,2024,2024-04
C06434,2025-09-08,low,Delhi,ads,20,male,2025,2025-09
C06435,2024-01-08,medium,Delhi,ads,30,male,2024,2024-01
C06436,2024-03-07,medium,Delhi,ads,35,female,2024,2024-03
C06437,2025-05-10,low,Pune,ads,46,male,2025,2025-05
C06438,2024-07-09,medium,Hyderabad,organic,31,male,2024,2024-07
C06439,2024-12-31,medium,Chennai,organic,22,male,2024,2024-12
C06440,2025-06-04,low,Kolkata,ads,32,male,2025,2025-06
C06441,2024-04-26,low,Bhubaneswar,referral,29,other,2024,2024-04
C06442,2024-09-23,medium,Bhubaneswar,ads,40,male,2024,2024-09
C06443,2025-09-02,medium,Chennai,organic,31,female,2025,2025-09
C06444,2025-04-29,medium,Kolkata,organic,18,female,2025,2025-04
C06445,2025-05-23,high,Mumbai,referral,65,male,2025,2025-05
C06446,2024-10-24,low,Pune,referral,36,female,2024,2024-10
C06447,2024-06-12,medium,Chennai,organic,35,male,2024,2024-06
C06448,2025-01-10,low,Bangalore,ads,19,male,2025,2025-01
C06449,2025-10-14,high,Ahmedabad,ads,20,female,2025,2025-10
C06450,2024-09-24,medium,Ahmedabad,ads,34,male,2024,2024-09
C06451,2025-07-02,high,Jaipur,referral,38,male,2025,2025-07
C06452,2024-03-14,low,Bhubaneswar,organic,42,male,2024,2024-03
C06453,2025-05-22,medium,Delhi,ads,37,male,2025,2025-05
C06454,2024-03-13,medium,Bangalore,organic,23,male,2024,2024-03
C06455,2024-11-03,high,Mumbai,organic,18,male,2024,2024-11
C06456,2024-07-17,medium,Kolkata,ads,33,male,2024,2024-07
C06457,2024-05-09,high,Mumbai,organic,29,female,2024,2024-05
C06458,2025-07-25,medium,Bhubaneswar,ads,22,male,2025,2025-07
C06459,2025-09-06,medium,Delhi,organic,43,male,2025,2025-09
C06460,2025-05-01,medium,Kolkata,ads,19,male,2025,2025-05
C06461,2024-05-30,medium,Chennai,organic,41,female,2024,2024-05
C06462,2025-10-30,medium,Jaipur,ads,20,female,2025,2025-10
C06463,2024-07-24,medium,Kolkata,ads,36,female,2024,2024-07
C06464,2024-06-27,medium,Bhubaneswar,referral,44,female,2024,2024-06
C06465,2024-07-15,high,Mumbai,referral,31,male,2024,2024-07
C06466,2024-03-29,low,Ahmedabad,organic,51,male,2024,2024-03
C06467,2025-03-09,medium,Mumbai,organic,54,female,2025,2025-03
C06468,2024-07-01,high,Mumbai,ads,37,female,2024,2024-07
C06469,2024-07-27,high,Mumbai,ads,40,male,2024,2024-07
C06470,2025-05-07,low,Jaipur,organic,45,female,2025,2025-05
C06471,2024-05-09,low,Bhubaneswar,organic,40,female,2024,2024-05
C06472,2025-10-26,medium,Bangalore,ads,39,female,2025,2025-10
C06473,2024-01-13,medium,Jaipur,referral,29,female,2024,2024-01
C06474,2025-09-25,medium,Jaipur,referral,18,female,2025,2025-09
C06475,2024-04-15,low,Bhubaneswar,organic,21,male,2024,2024-04
C06476,2025-01-09,low,Pune,organic,58,male,2025,2025-01
C06477,2025-08-04,medium,Jaipur,organic,38,male,2025,2025-08
C06478,2025-12-07,low,Kolkata,ads,32,male,2025,2025-12
C06479,2025-11-28,low,Pune,ads,47,female,2025,2025-11
C06480,2024-04-08,medium,Bhubaneswar,ads,27,male,2024,2024-04
C06481,2025-08-16,medium,Hyderabad,ads,40,female,2025,2025-08
C06482,2025-08-09,high,Hyderabad,organic,35,female,2025,2025-08
C06483,2024-07-10,high,Bangalore,organic,39,female,2024,2024-07
C06484,2024-11-20,low,Chennai,referral,31,female,2024,2024-11
C06485,2025-12-26,medium,Jaipur,organic,25,female,2025,2025-12
C06486,2025-04-11,low,Mumbai,organic,26,male,2025,2025-04
C06487,2025-01-01,low,Chennai,ads,27,female,2025,2025-01
C06488,2024-11-13,high,Chennai,ads,34,male,2024,2024-11
C06489,2024-05-23,medium,Pune,referral,19,male,2024,2024-05
C06490,2025-01-18,low,Kolkata,organic,22,female,2025,2025-01
C06491,2024-08-03,low,Hyderabad,ads,36,male,2024,2024-08
C06492,2024-12-26,low,Ahmedabad,ads,33,male,2024,2024-12
C06493,2024-11-19,medium,Kolkata,referral,36,other,2024,2024-11
C06494,2024-01-15,medium,Hyderabad,ads,34,female,2024,2024-01
C06495,2024-08-04,medium,Ahmedabad,referral,60,female,2024,2024-08
C06496,2025-05-06,low,Jaipur,organic,36,male,2025,2025-05
C06497,2025-06-30,medium,Delhi,ads,31,male,2025,2025-06
C06498,2024-07-01,low,Bhubaneswar,ads,36,female,2024,2024-07
C06499,2024-09-26,medium,Delhi,organic,45,female,2024,2024-09
C06500,2025-04-11,low,Kolkata,organic,34,female,2025,2025-04
C06501,2025-09-03,medium,Bangalore,ads,41,female,2025,2025-09
C06502,2025-06-02,medium,Kolkata,organic,38,other,2025,2025-06
C06503,2025-06-25,medium,Pune,referral,32,male,2025,2025-06
C06504,2025-04-11,medium,Ahmedabad,ads,36,male,2025,2025-04
C06505,2024-10-31,medium,Ahmedabad,organic,50,female,2024,2024-10
C06506,2024-05-23,high,Jaipur,ads,37,other,2024,2024-05
C06507,2024-04-20,high,Delhi,organic,25,male,2024,2024-04
C06508,2024-08-19,medium,Jaipur,ads,31,female,2024,2024-08
C06509,2025-11-21,low,Delhi,ads,18,female,2025,2025-11
C06510,2025-08-06,medium,Ahmedabad,referral,36,male,2025,2025-08
C06511,2025-12-22,high,Kolkata,ads,48,female,2025,2025-12
C06512,2025-08-14,low,Bangalore,referral,21,male,2025,2025-08
C06513,2025-05-14,medium,Ahmedabad,ads,36,female,2025,2025-05
C06514,2025-08-17,low,Chennai,ads,44,female,2025,2025-08
C06515,2025-07-07,medium,Hyderabad,ads,45,female,2025,2025-07
C06516,2024-09-29,high,Delhi,ads,47,male,2024,2024-09
C06517,2025-12-03,medium,Delhi,organic,18,male,2025,2025-12
C06518,2024-06-21,medium,Pune,referral,40,female,2024,2024-06
C06519,2024-01-07,high,Jaipur,ads,19,male,2024,2024-01
C06520,2024-06-03,high,Bhubaneswar,organic,25,male,2024,2024-06
C06521,2025-06-05,high,Bhubaneswar,referral,43,male,2025,2025-06
C06522,2025-06-29,medium,Pune,organic,36,female,2025,2025-06
C06523,2025-07-01,medium,Ahmedabad,referral,42,male,2025,2025-07
C06524,2025-06-01,medium,Delhi,organic,25,female,2025,2025-06
C06525,2024-08-02,high,Mumbai,ads,49,female,2024,2024-08
C06526,2024-05-13,medium,Bangalore,ads,41,female,2024,2024-05
C06527,2024-10-11,medium,Chennai,ads,43,female,2024,2024-10
C06528,2024-05-05,medium,Kolkata,organic,24,male,2024,2024-05
C06529,2025-03-14,high,Kolkata,organic,46,female,2025,2025-03
C06530,2025-11-16,high,Bhubaneswar,organic,31,male,2025,2025-11
C06531,2024-05-31,medium,Bhubaneswar,referral,28,female,2024,2024-05
C06532,2024-11-26,high,Pune,organic,41,female,2024,2024-11
C06533,2025-06-21,medium,Delhi,ads,40,male,2025,2025-06
C06534,2025-01-17,medium,Jaipur,referral,26,male,2025,2025-01
C06535,2024-04-24,medium,Kolkata,referral,55,male,2024,2024-04
C06536,2025-04-26,medium,Delhi,organic,53,female,2025,2025-04
C06537,2024-10-10,medium,Chennai,referral,41,female,2024,2024-10
C06538,2024-03-15,medium,Bangalore,organic,39,female,2024,2024-03
C06539,2024-06-14,low,Bangalore,ads,38,male,2024,2024-06
C06540,2024-07-07,low,Kolkata,ads,19,male,2024,2024-07
C06541,2024-03-18,medium,Mumbai,organic,36,female,2024,2024-03
C06542,2025-08-24,medium,Pune,organic,35,female,2025,2025-08
C06543,2025-11-18,medium,Kolkata,ads,29,male,2025,2025-11
C06544,2024-01-21,low,Chennai,ads,31,male,2024,2024-01
C06545,2025-07-19,high,Mumbai,referral,18,female,2025,2025-07
C06546,2024-07-02,low,Hyderabad,organic,24,male,2024,2024-07
C06547,2024-08-09,medium,Ahmedabad,referral,44,male,2024,2024-08
C06548,2024-11-23,medium,Bhubaneswar,ads,52,male,2024,2024-11
C06549,2024-06-27,high,Bhubaneswar,referral,25,male,2024,2024-06
C06550,2024-04-21,medium,Mumbai,ads,36,male,2024,2024-04
C06551,2025-12-26,medium,Kolkata,referral,45,female,2025,2025-12
C06552,2024-02-28,high,Bhubaneswar,organic,29,male,2024,2024-02
C06553,2024-11-22,medium,Delhi,ads,41,male,2024,2024-11
C06554,2025-09-12,low,Bhubaneswar,organic,34,female,2025,2025-09
C06555,2025-10-30,medium,Bangalore,organic,46,other,2025,2025-10
C06556,2024-07-09,medium,Bhubaneswar,ads,22,female,2024,2024-07
C06557,2024-07-18,high,Hyderabad,ads,23,female,2024,2024-07
C06558,2024-11-07,low,Pune,organic,37,female,2024,2024-11
C06559,2025-12-08,low,Mumbai,ads,35,female,2025,2025-12
C06560,2024-02-04,medium,Delhi,ads,34,other,2024,2024-02
C06561,2025-01-13,medium,Hyderabad,organic,40,female,2025,2025-01
C06562,2025-01-21,medium,Bangalore,ads,25,female,2025,2025-01
C06563,2024-08-24,medium,Kolkata,ads,21,female,2024,2024-08
C06564,2025-09-07,medium,Ahmedabad,organic,29,female,2025,2025-09
C06565,2025-06-02,low,Bangalore,ads,31,female,2025,2025-06
C06566,2024-10-09,medium,Mumbai,ads,32,female,2024,2024-10
C06567,2024-01-01,medium,Mumbai,referral,47,male,2024,2024-01
C06568,2025-12-31,medium,Mumbai,organic,42,female,2025,2025-12
C06569,2025-04-08,low,Hyderabad,referral,40,male,2025,2025-04
C06570,2024-08-17,high,Mumbai,organic,37,male,2024,2024-08
C06571,2024-06-20,medium,Pune,ads,30,female,2024,2024-06
C06572,2024-03-27,medium,Pune,organic,26,male,2024,2024-03
C06573,2025-07-06,medium,Pune,referral,23,male,2025,2025-07
C06574,2024-05-02,low,Mumbai,ads,28,male,2024,2024-05
C06575,2024-10-24,high,Pune,organic,34,male,2024,2024-10
C06576,2025-11-20,low,Jaipur,organic,23,male,2025,2025-11
C06577,2025-07-28,high,Bhubaneswar,organic,36,female,2025,2025-07
C06578,2025-04-28,high,Bhubaneswar,organic,33,female,2025,2025-04
C06579,2024-06-13,low,Mumbai,ads,31,male,2024,2024-06
C06580,2025-11-29,medium,Chennai,ads,46,female,2025,2025-11
C06581,2025-01-17,medium,Hyderabad,referral,18,female,2025,2025-01
C06582,2024-07-27,medium,Ahmedabad,referral,31,male,2024,2024-07
C06583,2025-03-07,medium,Hyderabad,ads,18,female,2025,2025-03
C06584,2025-01-23,medium,Jaipur,organic,37,male,2025,2025-01
C06585,2025-07-13,low,Hyderabad,organic,42,female,2025,2025-07
C06586,2024-08-11,low,Jaipur,ads,21,male,2024,2024-08
C06587,2024-01-03,medium,Jaipur,ads,22,other,2024,2024-01
C06588,2025-01-06,medium,Hyderabad,ads,18,male,2025,2025-01
C06589,2025-11-17,medium,Ahmedabad,referral,35,female,2025,2025-11
C06590,2025-03-21,medium,Jaipur,referral,31,male,2025,2025-03
C06591,2025-09-02,high,Pune,organic,32,female,2025,2025-09
C06592,2024-04-25,medium,Delhi,organic,31,male,2024,2024-04
C06593,2024-09-26,high,Delhi,referral,25,male,2024,2024-09
C06594,2025-03-22,high,Kolkata,referral,46,male,2025,2025-03
C06595,2025-01-02,high,Mumbai,organic,37,male,2025,2025-01
C06596,2024-09-09,medium,Bangalore,ads,23,female,2024,2024-09
C06597,2024-11-12,low,Pune,ads,27,male,2024,2024-11
C06598,2025-02-18,medium,Pune,ads,26,female,2025,2025-02
C06599,2024-04-04,medium,Bangalore,organic,49,female,2024,2024-04
C06600,2024-01-24,high,Mumbai,referral,42,male,2024,2024-01
C06601,2025-09-19,medium,Delhi,ads,33,male,2025,2025-09
C06602,2025-10-24,medium,Ahmedabad,organic,52,female,2025,2025-10
C06603,2024-02-19,medium,Jaipur,ads,49,female,2024,2024-02
C06604,2025-05-16,low,Bangalore,ads,32,male,2025,2025-05
C06605,2025-12-18,high,Ahmedabad,referral,30,female,2025,2025-12
C06606,2025-05-12,medium,Kolkata,organic,31,female,2025,2025-05
C06607,2024-11-30,medium,Jaipur,referral,25,male,2024,2024-11
C06608,2024-03-19,low,Hyderabad,organic,52,female,2024,2024-03
C06609,2025-08-04,low,Pune,ads,24,male,2025,2025-08
C06610,2024-01-27,low,Jaipur,ads,43,male,2024,2024-01
C06611,2024-09-27,medium,Hyderabad,ads,41,male,2024,2024-09
C06612,2025-07-15,low,Delhi,ads,31,female,2025,2025-07
C06613,2024-09-03,high,Hyderabad,referral,53,male,2024,2024-09
C06614,2025-08-13,high,Hyderabad,ads,19,male,2025,2025-08
C06615,2025-01-21,low,Chennai,ads,34,male,2025,2025-01
C06616,2025-12-02,low,Bangalore,organic,30,male,2025,2025-12
C06617,2025-07-12,high,Jaipur,organic,44,male,2025,2025-07
C06618,2024-12-26,high,Bangalore,organic,38,female,2024,2024-12
C06619,2025-05-02,high,Jaipur,referral,18,male,2025,2025-05
C06620,2024-12-17,high,Pune,ads,47,female,2024,2024-12
C06621,2025-12-01,medium,Bhubaneswar,referral,39,male,2025,2025-12
C06622,2024-09-12,low,Bangalore,organic,24,female,2024,2024-09
C06623,2024-08-09,medium,Bangalore,ads,31,male,2024,2024-08
C06624,2024-01-01,low,Pune,organic,22,female,2024,2024-01
C06625,2025-06-29,low,Jaipur,ads,33,female,2025,2025-06
C06626,2025-03-21,medium,Pune,organic,36,male,2025,2025-03
C06627,2024-03-19,low,Ahmedabad,organic,31,female,2024,2024-03
C06628,2024-08-23,medium,Hyderabad,ads,30,male,2024,2024-08
C06629,2024-11-29,medium,Pune,organic,18,male,2024,2024-11
C06630,2024-12-14,medium,Jaipur,ads,38,female,2024,2024-12
C06631,2024-04-07,medium,Delhi,ads,18,male,2024,2024-04
C06632,2024-03-22,low,Pune,ads,35,male,2024,2024-03
C06633,2025-05-16,low,Mumbai,referral,18,male,2025,2025-05
C06634,2025-04-21,medium,Pune,organic,35,male,2025,2025-04
C06635,2025-12-04,low,Bangalore,ads,34,female,2025,2025-12
C06636,2025-07-03,high,Ahmedabad,referral,39,male,2025,2025-07
C06637,2024-01-14,low,Chennai,ads,43,female,2024,2024-01
C06638,2025-01-26,medium,Pune,organic,45,male,2025,2025-01
C06639,2024-12-12,high,Bhubaneswar,referral,18,male,2024,2024-12
C06640,2024-11-05,medium,Mumbai,organic,34,female,2024,2024-11
C06641,2025-01-20,medium,Delhi,organic,55,female,2025,2025-01
C06642,2024-07-27,high,Pune,organic,36,male,2024,2024-07
C06643,2024-12-22,low,Hyderabad,organic,26,female,2024,2024-12
C06644,2025-08-23,high,Hyderabad,organic,34,male,2025,2025-08
C06645,2025-07-21,low,Mumbai,organic,31,male,2025,2025-07
C06646,2024-04-03,low,Bangalore,ads,23,other,2024,2024-04
C06647,2024-04-02,medium,Kolkata,organic,43,female,2024,2024-04
C06648,2024-12-05,medium,Bangalore,organic,40,female,2024,2024-12
C06649,2025-08-19,low,Mumbai,ads,21,female,2025,2025-08
C06650,2025-03-20,medium,Bangalore,organic,34,male,2025,2025-03
C06651,2024-01-22,medium,Hyderabad,organic,29,female,2024,2024-01
C06652,2024-10-17,medium,Ahmedabad,ads,18,male,2024,2024-10
C06653,2025-04-29,medium,Kolkata,organic,20,female,2025,2025-04
C06654,2024-11-01,low,Hyderabad,organic,22,female,2024,2024-11
C06655,2025-09-25,medium,Delhi,ads,34,female,2025,2025-09
C06656,2024-05-07,medium,Hyderabad,ads,30,female,2024,2024-05
C06657,2025-09-16,medium,Bangalore,ads,25,male,2025,2025-09
C06658,2024-09-29,low,Ahmedabad,referral,31,male,2024,2024-09
C06659,2025-03-17,low,Kolkata,ads,42,male,2025,2025-03
C06660,2025-05-17,medium,Pune,ads,38,female,2025,2025-05
C06661,2024-05-09,high,Kolkata,organic,45,female,2024,2024-05
C06662,2024-05-11,high,Hyderabad,ads,32,male,2024,2024-05
C06663,2025-08-19,medium,Pune,organic,51,other,2025,2025-08
C06664,2025-04-26,medium,Mumbai,ads,38,female,2025,2025-04
C06665,2025-01-24,low,Jaipur,ads,30,female,2025,2025-01
C06666,2025-08-15,medium,Hyderabad,ads,35,male,2025,2025-08
C06667,2024-11-20,medium,Bhubaneswar,referral,22,female,2024,2024-11
C06668,2024-03-09,low,Hyderabad,referral,31,female,2024,2024-03
C06669,2025-10-21,medium,Mumbai,organic,39,female,2025,2025-10
C06670,2025-03-23,medium,Kolkata,organic,41,male,2025,2025-03
C06671,2025-06-11,high,Delhi,referral,30,female,2025,2025-06
C06672,2025-09-08,medium,Pune,ads,62,female,2025,2025-09
C06673,2024-06-13,low,Bhubaneswar,ads,33,female,2024,2024-06
C06674,2025-05-02,medium,Jaipur,ads,18,male,2025,2025-05
C06675,2025-12-13,medium,Mumbai,ads,47,male,2025,2025-12
C06676,2025-12-09,medium,Jaipur,referral,41,female,2025,2025-12
C06677,2025-03-01,low,Chennai,ads,37,female,2025,2025-03
C06678,2025-11-27,medium,Bhubaneswar,ads,30,female,2025,2025-11
C06679,2024-09-21,medium,Bhubaneswar,ads,38,male,2024,2024-09
C06680,2025-09-03,low,Chennai,referral,51,male,2025,2025-09
C06681,2024-12-07,high,Bhubaneswar,ads,37,male,2024,2024-12
C06682,2025-12-26,low,Hyderabad,ads,20,male,2025,2025-12
C06683,2024-10-04,medium,Chennai,referral,18,female,2024,2024-10
C06684,2025-11-04,medium,Kolkata,ads,38,male,2025,2025-11
C06685,2025-03-14,medium,Chennai,organic,25,female,2025,2025-03
C06686,2024-06-05,medium,Kolkata,ads,34,female,2024,2024-06
C06687,2025-02-25,medium,Delhi,ads,26,male,2025,2025-02
C06688,2024-09-07,medium,Bangalore,organic,26,female,2024,2024-09
C06689,2025-08-31,medium,Bhubaneswar,ads,27,female,2025,2025-08
C06690,2025-06-13,high,Pune,ads,28,female,2025,2025-06
C06691,2024-11-22,high,Pune,ads,42,female,2024,2024-11
C06692,2024-04-06,low,Bangalore,ads,40,male,2024,2024-04
C06693,2025-05-27,medium,Ahmedabad,ads,22,male,2025,2025-05
C06694,2024-08-03,low,Hyderabad,referral,24,male,2024,2024-08
C06695,2024-05-11,high,Bhubaneswar,organic,38,male,2024,2024-05
C06696,2024-09-16,medium,Bhubaneswar,organic,45,female,2024,2024-09
C06697,2024-05-04,medium,Bangalore,ads,45,female,2024,2024-05
C06698,2024-03-22,low,Kolkata,ads,24,male,2024,2024-03
C06699,2024-10-09,low,Hyderabad,organic,44,male,2024,2024-10
C06700,2025-11-13,high,Mumbai,organic,18,male,2025,2025-11
C06701,2024-02-28,low,Pune,ads,32,male,2024,2024-02
C06702,2025-06-27,high,Mumbai,organic,39,female,2025,2025-06
C06703,2024-06-09,medium,Chennai,ads,18,female,2024,2024-06
C06704,2024-10-10,low,Kolkata,ads,55,male,2024,2024-10
C06705,2024-04-15,low,Ahmedabad,ads,48,male,2024,2024-04
C06706,2024-04-14,low,Mumbai,organic,41,male,2024,2024-04
C06707,2025-03-14,medium,Pune,ads,25,female,2025,2025-03
C06708,2024-08-15,high,Pune,ads,34,other,2024,2024-08
C06709,2025-11-30,high,Pune,referral,42,male,2025,2025-11
C06710,2025-08-04,medium,Delhi,referral,23,female,2025,2025-08
C06711,2024-11-13,low,Bhubaneswar,organic,33,female,2024,2024-11
C06712,2025-04-08,high,Mumbai,organic,44,male,2025,2025-04
C06713,2025-08-21,medium,Chennai,organic,20,female,2025,2025-08
C06714,2025-04-16,medium,Mumbai,organic,38,male,2025,2025-04
C06715,2024-02-25,medium,Chennai,ads,18,other,2024,2024-02
C06716,2025-09-16,medium,Pune,ads,25,female,2025,2025-09
C06717,2024-01-13,medium,Hyderabad,organic,29,male,2024,2024-01
C06718,2025-03-15,low,Chennai,ads,40,other,2025,2025-03
C06719,2024-01-18,high,Kolkata,referral,27,male,2024,2024-01
C06720,2025-11-24,low,Bhubaneswar,ads,36,female,2025,2025-11
C06721,2024-04-22,high,Bhubaneswar,organic,28,male,2024,2024-04
C06722,2024-08-16,high,Delhi,ads,29,female,2024,2024-08
C06723,2024-06-19,medium,Jaipur,ads,47,male,2024,2024-06
C06724,2024-10-21,low,Mumbai,referral,23,other,2024,2024-10
C06725,2024-07-07,medium,Bangalore,organic,42,male,2024,2024-07
C06726,2025-03-01,medium,Delhi,ads,34,male,2025,2025-03
C06727,2024-03-19,medium,Bangalore,ads,29,female,2024,2024-03
C06728,2025-10-19,medium,Jaipur,ads,22,other,2025,2025-10
C06729,2024-06-30,low,Bhubaneswar,ads,23,male,2024,2024-06
C06730,2025-05-13,low,Kolkata,organic,27,male,2025,2025-05
C06731,2025-12-08,high,Pune,ads,33,male,2025,2025-12
C06732,2024-03-11,medium,Pune,organic,41,male,2024,2024-03
C06733,2024-09-04,low,Chennai,organic,31,female,2024,2024-09
C06734,2024-05-25,medium,Delhi,ads,32,male,2024,2024-05
C06735,2025-09-09,medium,Jaipur,organic,34,female,2025,2025-09
C06736,2024-10-22,high,Kolkata,organic,39,female,2024,2024-10
C06737,2025-08-04,medium,Pune,ads,41,male,2025,2025-08
C06738,2025-04-14,high,Chennai,ads,21,female,2025,2025-04
C06739,2025-05-20,low,Mumbai,organic,32,female,2025,2025-05
C06740,2024-07-11,medium,Bhubaneswar,ads,47,male,2024,2024-07
C06741,2024-03-08,medium,Mumbai,organic,21,male,2024,2024-03
C06742,2025-05-08,low,Bhubaneswar,organic,35,male,2025,2025-05
C06743,2024-02-21,high,Mumbai,ads,33,female,2024,2024-02
C06744,2024-12-28,medium,Chennai,organic,29,male,2024,2024-12
C06745,2025-04-18,medium,Kolkata,referral,50,female,2025,2025-04
C06746,2025-06-04,medium,Delhi,organic,35,female,2025,2025-06
C06747,2025-03-06,low,Bhubaneswar,ads,50,male,2025,2025-03
C06748,2024-10-24,low,Jaipur,referral,35,female,2024,2024-10
C06749,2025-03-10,high,Bangalore,referral,39,male,2025,2025-03
C06750,2025-11-26,low,Kolkata,ads,29,female,2025,2025-11
C06751,2025-11-21,medium,Kolkata,referral,29,male,2025,2025-11
C06752,2024-07-16,low,Chennai,referral,39,male,2024,2024-07
C06753,2024-05-07,medium,Bangalore,organic,39,female,2024,2024-05
C06754,2025-06-15,medium,Ahmedabad,ads,40,female,2025,2025-06
C06755,2025-02-14,medium,Kolkata,organic,38,female,2025,2025-02
C06756,2024-03-05,medium,Jaipur,ads,21,female,2024,2024-03
C06757,2025-11-24,medium,Kolkata,ads,26,male,2025,2025-11
C06758,2024-08-28,medium,Hyderabad,organic,43,male,2024,2024-08
C06759,2025-01-03,low,Bhubaneswar,ads,18,female,2025,2025-01
C06760,2025-06-19,medium,Pune,organic,37,female,2025,2025-06
C06761,2025-01-18,low,Kolkata,referral,33,other,2025,2025-01
C06762,2025-03-06,medium,Kolkata,organic,43,other,2025,2025-03
C06763,2024-03-23,medium,Chennai,ads,39,male,2024,2024-03
C06764,2025-11-27,low,Jaipur,organic,28,female,2025,2025-11
C06765,2025-09-02,medium,Chennai,organic,27,male,2025,2025-09
C06766,2025-07-27,low,Delhi,ads,29,male,2025,2025-07
C06767,2024-10-12,low,Bhubaneswar,organic,40,male,2024,2024-10
C06768,2025-06-17,medium,Jaipur,ads,18,male,2025,2025-06
C06769,2025-04-03,medium,Chennai,referral,36,male,2025,2025-04
C06770,2024-07-30,high,Bangalore,organic,26,male,2024,2024-07
C06771,2024-05-05,medium,Bangalore,referral,36,male,2024,2024-05
C06772,2025-02-16,medium,Kolkata,organic,38,male,2025,2025-02
C06773,2025-05-13,low,Pune,organic,18,female,2025,2025-05
C06774,2025-02-28,medium,Chennai,organic,32,male,2025,2025-02
C06775,2025-07-07,medium,Delhi,referral,36,female,2025,2025-07
C06776,2025-09-01,medium,Chennai,organic,35,male,2025,2025-09
C06777,2025-06-26,low,Chennai,referral,33,female,2025,2025-06
C06778,2024-06-06,high,Hyderabad,referral,22,male,2024,2024-06
C06779,2024-04-21,high,Pune,organic,24,male,2024,2024-04
C06780,2025-02-05,medium,Chennai,ads,21,female,2025,2025-02
C06781,2024-05-01,low,Mumbai,ads,40,female,2024,2024-05
C06782,2024-09-29,low,Mumbai,organic,33,male,2024,2024-09
C06783,2024-10-20,medium,Kolkata,organic,34,male,2024,2024-10
C06784,2025-02-01,low,Delhi,ads,18,female,2025,2025-02
C06785,2025-04-15,medium,Pune,ads,34,male,2025,2025-04
C06786,2024-07-25,low,Delhi,ads,41,male,2024,2024-07
C06787,2024-04-19,high,Bangalore,organic,18,female,2024,2024-04
C06788,2025-03-15,high,Jaipur,organic,29,female,2025,2025-03
C06789,2024-10-04,high,Pune,referral,19,male,2024,2024-10
C06790,2025-07-21,medium,Hyderabad,organic,30,female,2025,2025-07
C06791,2025-07-22,low,Pune,ads,25,female,2025,2025-07
C06792,2025-04-26,medium,Chennai,organic,38,male,2025,2025-04
C06793,2024-04-23,low,Bhubaneswar,referral,36,female,2024,2024-04
C06794,2025-04-21,medium,Hyderabad,referral,47,female,2025,2025-04
C06795,2025-12-10,high,Kolkata,organic,34,female,2025,2025-12
C06796,2024-11-16,medium,Delhi,organic,38,other,2024,2024-11
C06797,2024-06-27,medium,Mumbai,ads,29,male,2024,2024-06
C06798,2024-08-06,low,Hyderabad,organic,23,female,2024,2024-08
C06799,2025-06-11,medium,Kolkata,ads,43,male,2025,2025-06
C06800,2025-05-06,medium,Bangalore,ads,47,male,2025,2025-05
C06801,2024-03-01,medium,Pune,organic,42,female,2024,2024-03
C06802,2024-02-23,medium,Pune,organic,36,female,2024,2024-02
C06803,2025-11-10,low,Mumbai,ads,25,female,2025,2025-11
C06804,2025-06-21,high,Bhubaneswar,ads,46,female,2025,2025-06
C06805,2024-03-05,low,Delhi,organic,40,female,2024,2024-03
C06806,2025-09-03,medium,Jaipur,ads,55,male,2025,2025-09
C06807,2025-08-08,medium,Pune,ads,23,female,2025,2025-08
C06808,2025-12-04,low,Jaipur,ads,43,male,2025,2025-12
C06809,2024-06-19,medium,Delhi,organic,40,male,2024,2024-06
C06810,2024-09-29,medium,Bangalore,organic,31,female,2024,2024-09
C06811,2025-11-29,high,Bangalore,referral,48,female,2025,2025-11
C06812,2025-06-18,medium,Jaipur,referral,39,female,2025,2025-06
C06813,2025-01-25,low,Mumbai,ads,25,female,2025,2025-01
C06814,2025-11-23,medium,Jaipur,organic,33,male,2025,2025-11
C06815,2024-11-22,low,Chennai,ads,25,male,2024,2024-11
C06816,2024-04-17,medium,Kolkata,referral,30,female,2024,2024-04
C06817,2024-06-10,high,Hyderabad,organic,42,female,2024,2024-06
C06818,2025-03-27,high,Mumbai,organic,44,male,2025,2025-03
C06819,2024-07-24,medium,Kolkata,ads,37,male,2024,2024-07
C06820,2025-08-12,low,Pune,referral,27,male,2025,2025-08
C06821,2024-01-16,medium,Delhi,organic,38,female,2024,2024-01
C06822,2024-11-22,medium,Bangalore,ads,42,female,2024,2024-11
C06823,2025-08-30,low,Delhi,ads,18,male,2025,2025-08
C06824,2025-10-20,low,Mumbai,ads,36,male,2025,2025-10
C06825,2024-01-02,high,Ahmedabad,ads,33,male,2024,2024-01
C06826,2024-01-10,low,Jaipur,ads,44,male,2024,2024-01
C06827,2025-03-09,medium,Chennai,organic,38,male,2025,2025-03
C06828,2024-05-04,high,Kolkata,organic,39,male,2024,2024-05
C06829,2024-03-21,medium,Kolkata,ads,30,male,2024,2024-03
C06830,2025-04-29,medium,Bhubaneswar,organic,35,male,2025,2025-04
C06831,2025-10-13,medium,Bangalore,ads,44,female,2025,2025-10
C06832,2024-05-29,medium,Kolkata,ads,34,male,2024,2024-05
C06833,2024-12-05,high,Mumbai,organic,36,female,2024,2024-12
C06834,2024-05-08,low,Hyderabad,ads,19,female,2024,2024-05
C06835,2025-03-13,low,Ahmedabad,ads,34,male,2025,2025-03
C06836,2025-05-15,low,Kolkata,organic,18,male,2025,2025-05
C06837,2024-02-27,medium,Hyderabad,ads,29,male,2024,2024-02
C06838,2024-07-16,medium,Kolkata,referral,35,male,2024,2024-07
C06839,2024-07-29,medium,Mumbai,ads,42,male,2024,2024-07
C06840,2024-02-14,high,Hyderabad,ads,25,female,2024,2024-02
C06841,2024-04-06,medium,Pune,organic,38,female,2024,2024-04
C06842,2024-10-05,medium,Kolkata,organic,49,male,2024,2024-10
C06843,2025-06-18,low,Pune,organic,28,female,2025,2025-06
C06844,2025-02-13,medium,Bhubaneswar,ads,19,male,2025,2025-02
C06845,2025-04-05,medium,Bangalore,organic,37,male,2025,2025-04
C06846,2025-01-25,medium,Mumbai,organic,23,female,2025,2025-01
C06847,2024-02-13,medium,Chennai,ads,26,male,2024,2024-02
C06848,2024-01-27,medium,Mumbai,organic,44,female,2024,2024-01
C06849,2024-04-06,medium,Jaipur,organic,53,other,2024,2024-04
C06850,2025-07-01,medium,Chennai,ads,24,female,2025,2025-07
C06851,2025-09-12,medium,Jaipur,organic,27,male,2025,2025-09
C06852,2025-07-20,high,Hyderabad,ads,30,female,2025,2025-07
C06853,2025-12-04,low,Bhubaneswar,organic,29,male,2025,2025-12
C06854,2024-08-06,low,Hyderabad,organic,54,other,2024,2024-08
C06855,2024-07-03,medium,Kolkata,referral,29,other,2024,2024-07
C06856,2024-03-09,high,Bangalore,referral,31,male,2024,2024-03
C06857,2024-05-09,low,Mumbai,referral,51,female,2024,2024-05
C06858,2025-07-20,medium,Delhi,referral,40,male,2025,2025-07
C06859,2025-08-31,medium,Mumbai,ads,44,male,2025,2025-08
C06860,2025-08-21,high,Mumbai,ads,25,male,2025,2025-08
C06861,2025-09-22,medium,Chennai,ads,29,male,2025,2025-09
C06862,2025-12-20,low,Ahmedabad,ads,24,female,2025,2025-12
C06863,2024-11-29,low,Delhi,ads,43,male,2024,2024-11
C06864,2024-06-02,medium,Kolkata,organic,47,female,2024,2024-06
C06865,2025-06-30,medium,Jaipur,referral,29,other,2025,2025-06
C06866,2024-03-19,high,Pune,ads,31,female,2024,2024-03
C06867,2025-08-01,high,Jaipur,referral,31,male,2025,2025-08
C06868,2025-02-16,low,Bangalore,organic,19,female,2025,2025-02
C06869,2025-06-29,medium,Bhubaneswar,organic,28,female,2025,2025-06
C06870,2025-08-31,medium,Bangalore,organic,42,female,2025,2025-08
C06871,2024-06-17,low,Bhubaneswar,ads,26,male,2024,2024-06
C06872,2025-11-11,low,Mumbai,organic,35,female,2025,2025-11
C06873,2025-10-24,low,Chennai,organic,21,female,2025,2025-10
C06874,2025-08-05,high,Kolkata,organic,33,female,2025,2025-08
C06875,2025-05-29,high,Ahmedabad,organic,29,other,2025,2025-05
C06876,2024-11-09,medium,Bangalore,ads,22,male,2024,2024-11
C06877,2024-02-01,medium,Chennai,referral,42,male,2024,2024-02
C06878,2024-10-13,low,Jaipur,organic,43,male,2024,2024-10
C06879,2025-08-16,medium,Ahmedabad,ads,25,male,2025,2025-08
C06880,2024-02-12,low,Hyderabad,organic,32,male,2024,2024-02
C06881,2025-09-08,medium,Mumbai,organic,35,male,2025,2025-09
C06882,2024-01-01,low,Delhi,ads,18,female,2024,2024-01
C06883,2025-07-26,medium,Delhi,ads,21,female,2025,2025-07
C06884,2024-09-26,low,Pune,referral,47,male,2024,2024-09
C06885,2024-06-28,high,Mumbai,ads,24,male,2024,2024-06
C06886,2025-06-01,medium,Pune,referral,47,male,2025,2025-06
C06887,2024-04-12,low,Delhi,organic,21,female,2024,2024-04
C06888,2024-01-10,medium,Kolkata,organic,41,female,2024,2024-01
C06889,2025-08-05,medium,Jaipur,organic,31,male,2025,2025-08
C06890,2024-03-30,low,Kolkata,ads,33,female,2024,2024-03
C06891,2024-08-13,medium,Chennai,organic,53,male,2024,2024-08
C06892,2025-10-31,medium,Jaipur,organic,22,other,2025,2025-10
C06893,2024-05-05,high,Delhi,ads,40,female,2024,2024-05
C06894,2024-07-27,low,Pune,organic,40,female,2024,2024-07
C06895,2024-04-06,medium,Mumbai,organic,65,male,2024,2024-04
C06896,2024-03-14,medium,Mumbai,organic,24,female,2024,2024-03
C06897,2025-09-18,high,Bhubaneswar,organic,28,male,2025,2025-09
C06898,2024-07-09,medium,Ahmedabad,ads,43,female,2024,2024-07
C06899,2025-11-12,high,Hyderabad,ads,32,male,2025,2025-11
C06900,2025-12-16,high,Delhi,organic,30,female,2025,2025-12
C06901,2024-02-25,medium,Delhi,organic,44,female,2024,2024-02
C06902,2025-12-20,high,Pune,referral,32,female,2025,2025-12
C06903,2025-07-06,high,Bhubaneswar,ads,26,female,2025,2025-07
C06904,2024-02-01,medium,Bangalore,ads,42,female,2024,2024-02
C06905,2025-06-10,high,Ahmedabad,ads,38,male,2025,2025-06
C06906,2025-07-27,medium,Kolkata,organic,31,female,2025,2025-07
C06907,2025-10-28,high,Kolkata,referral,31,female,2025,2025-10
C06908,2024-10-10,medium,Bangalore,ads,25,female,2024,2024-10
C06909,2025-12-21,medium,Bhubaneswar,organic,42,female,2025,2025-12
C06910,2025-05-08,low,Ahmedabad,ads,31,female,2025,2025-05
C06911,2024-07-05,medium,Delhi,organic,27,female,2024,2024-07
C06912,2025-05-12,high,Mumbai,organic,22,other,2025,2025-05
C06913,2025-03-17,high,Delhi,referral,38,male,2025,2025-03
C06914,2024-05-09,medium,Kolkata,referral,29,female,2024,2024-05
C06915,2025-09-30,low,Jaipur,organic,18,male,2025,2025-09
C06916,2024-10-18,medium,Pune,organic,22,male,2024,2024-10
C06917,2024-04-23,medium,Pune,ads,32,male,2024,2024-04
C06918,2024-07-17,high,Hyderabad,organic,32,male,2024,2024-07
C06919,2024-01-13,medium,Chennai,ads,32,male,2024,2024-01
C06920,2024-09-27,medium,Kolkata,ads,31,male,2024,2024-09
C06921,2025-08-23,medium,Bhubaneswar,ads,20,male,2025,2025-08
C06922,2024-08-02,low,Pune,ads,26,female,2024,2024-08
C06923,2025-03-19,medium,Jaipur,ads,46,male,2025,2025-03
C06924,2025-05-26,high,Delhi,referral,45,male,2025,2025-05
C06925,2025-03-22,medium,Hyderabad,organic,40,male,2025,2025-03
C06926,2025-12-15,medium,Mumbai,referral,39,male,2025,2025-12
C06927,2024-03-14,medium,Kolkata,organic,44,female,2024,2024-03
C06928,2025-06-20,medium,Chennai,organic,23,female,2025,2025-06
C06929,2024-04-10,medium,Bhubaneswar,organic,35,female,2024,2024-04
C06930,2024-06-24,medium,Hyderabad,ads,23,male,2024,2024-06
C06931,2025-03-02,low,Mumbai,organic,23,male,2025,2025-03
C06932,2024-04-26,medium,Chennai,referral,38,male,2024,2024-04
C06933,2024-06-14,low,Chennai,ads,44,female,2024,2024-06
C06934,2024-02-10,medium,Hyderabad,organic,33,female,2024,2024-02
C06935,2025-03-04,medium,Delhi,ads,51,female,2025,2025-03
C06936,2024-12-09,low,Bhubaneswar,referral,37,male,2024,2024-12
C06937,2025-02-27,medium,Bangalore,ads,27,male,2025,2025-02
C06938,2024-12-31,low,Chennai,organic,24,male,2024,2024-12
C06939,2024-04-29,low,Pune,referral,45,female,2024,2024-04
C06940,2025-08-31,high,Bangalore,ads,36,male,2025,2025-08
C06941,2025-10-18,medium,Jaipur,organic,41,female,2025,2025-10
C06942,2025-12-28,high,Hyderabad,organic,18,female,2025,2025-12
C06943,2024-08-16,low,Chennai,ads,37,female,2024,2024-08
C06944,2024-05-09,low,Pune,referral,29,male,2024,2024-05
C06945,2024-12-17,high,Jaipur,organic,21,male,2024,2024-12
C06946,2024-11-13,high,Bangalore,organic,34,female,2024,2024-11
C06947,2025-10-10,medium,Mumbai,referral,45,female,2025,2025-10
C06948,2024-12-02,medium,Kolkata,organic,57,female,2024,2024-12
C06949,2024-09-29,high,Bangalore,referral,37,male,2024,2024-09
C06950,2024-04-26,medium,Kolkata,organic,27,female,2024,2024-04
C06951,2025-01-02,medium,Pune,ads,27,female,2025,2025-01
C06952,2024-04-03,high,Chennai,organic,44,female,2024,2024-04
C06953,2024-06-16,low,Kolkata,referral,25,male,2024,2024-06
C06954,2025-12-15,low,Hyderabad,ads,41,male,2025,2025-12
C06955,2024-12-06,low,Pune,referral,37,male,2024,2024-12
C06956,2025-10-22,low,Chennai,ads,36,female,2025,2025-10
C06957,2025-11-25,medium,Pune,organic,19,male,2025,2025-11
C06958,2024-05-31,medium,Bangalore,organic,31,male,2024,2024-05
C06959,2025-08-08,medium,Pune,ads,20,male,2025,2025-08
C06960,2024-09-30,low,Bangalore,ads,29,female,2024,2024-09
C06961,2025-07-07,low,Hyderabad,referral,44,female,2025,2025-07
C06962,2025-05-10,low,Bhubaneswar,organic,47,female,2025,2025-05
C06963,2025-12-24,low,Hyderabad,ads,37,female,2025,2025-12
C06964,2024-04-10,medium,Jaipur,referral,29,other,2024,2024-04
C06965,2025-07-10,medium,Bangalore,organic,50,male,2025,2025-07
C06966,2024-03-22,medium,Chennai,referral,29,female,2024,2024-03
C06967,2025-06-12,high,Ahmedabad,ads,23,male,2025,2025-06
C06968,2024-03-13,high,Bhubaneswar,ads,41,male,2024,2024-03
C06969,2024-01-14,medium,Hyderabad,organic,39,male,2024,2024-01
C06970,2025-03-08,medium,Ahmedabad,organic,29,male,2025,2025-03
C06971,2024-06-05,medium,Mumbai,organic,36,male,2024,2024-06
C06972,2024-05-11,medium,Ahmedabad,referral,39,male,2024,2024-05
C06973,2024-12-03,medium,Jaipur,referral,37,female,2024,2024-12
C06974,2025-02-07,medium,Jaipur,organic,39,male,2025,2025-02
C06975,2025-01-10,medium,Hyderabad,referral,29,male,2025,2025-01
C06976,2025-07-12,medium,Ahmedabad,ads,40,female,2025,2025-07
C06977,2024-04-16,low,Kolkata,referral,35,female,2024,2024-04
C06978,2025-09-11,medium,Chennai,organic,30,other,2025,2025-09
C06979,2024-09-21,medium,Mumbai,organic,32,female,2024,2024-09
C06980,2024-07-23,low,Bangalore,ads,34,female,2024,2024-07
C06981,2024-03-19,low,Delhi,organic,20,female,2024,2024-03
C06982,2024-06-03,low,Kolkata,ads,28,female,2024,2024-06
C06983,2024-09-03,medium,Mumbai,ads,35,male,2024,2024-09
C06984,2025-06-14,high,Mumbai,organic,21,male,2025,2025-06
C06985,2025-06-21,medium,Delhi,organic,28,male,2025,2025-06
C06986,2025-12-29,medium,Jaipur,referral,58,female,2025,2025-12
C06987,2024-06-02,low,Mumbai,organic,23,female,2024,2024-06
C06988,2024-06-02,medium,Kolkata,organic,31,male,2024,2024-06
C06989,2025-11-16,high,Hyderabad,ads,26,male,2025,2025-11
C06990,2024-04-01,high,Pune,ads,33,male,2024,2024-04
C06991,2025-03-08,high,Pune,ads,26,female,2025,2025-03
C06992,2024-12-03,medium,Pune,ads,32,female,2024,2024-12
C06993,2025-04-24,low,Kolkata,organic,27,male,2025,2025-04
C06994,2025-11-23,low,Chennai,organic,45,male,2025,2025-11
C06995,2024-05-10,low,Bangalore,ads,35,female,2024,2024-05
C06996,2025-03-25,medium,Delhi,referral,24,other,2025,2025-03
C06997,2024-09-29,medium,Bhubaneswar,ads,43,female,2024,2024-09
C06998,2025-08-10,medium,Jaipur,organic,25,male,2025,2025-08
C06999,2024-06-25,medium,Pune,organic,19,female,2024,2024-06
C07000,2025-11-26,low,Ahmedabad,organic,34,male,2025,2025-11
C07001,2025-10-04,medium,Jaipur,ads,54,female,2025,2025-10
C07002,2024-02-18,low,Kolkata,organic,18,female,2024,2024-02
C07003,2025-07-20,medium,Chennai,organic,21,male,2025,2025-07
C07004,2025-10-27,high,Chennai,ads,42,female,2025,2025-10
C07005,2024-12-20,high,Pune,ads,28,male,2024,2024-12
C07006,2025-12-12,medium,Ahmedabad,ads,41,other,2025,2025-12
C07007,2024-11-03,low,Bhubaneswar,ads,26,male,2024,2024-11
C07008,2025-09-21,medium,Pune,ads,36,male,2025,2025-09
C07009,2024-02-15,low,Delhi,organic,52,female,2024,2024-02
C07010,2024-10-28,low,Jaipur,ads,23,female,2024,2024-10
C07011,2025-02-11,medium,Hyderabad,organic,45,female,2025,2025-02
C07012,2024-07-07,low,Jaipur,organic,41,other,2024,2024-07
C07013,2024-05-08,medium,Ahmedabad,ads,20,male,2024,2024-05
C07014,2025-07-14,medium,Pune,ads,40,male,2025,2025-07
C07015,2025-06-20,low,Delhi,ads,35,female,2025,2025-06
C07016,2024-09-22,low,Ahmedabad,ads,35,female,2024,2024-09
C07017,2024-04-27,medium,Bangalore,referral,38,male,2024,2024-04
C07018,2025-04-08,medium,Ahmedabad,ads,31,female,2025,2025-04
C07019,2024-05-23,high,Kolkata,ads,35,female,2024,2024-05
C07020,2025-03-17,medium,Ahmedabad,ads,37,male,2025,2025-03
C07021,2024-07-18,medium,Bhubaneswar,organic,42,male,2024,2024-07
C07022,2024-06-05,low,Pune,organic,19,male,2024,2024-06
C07023,2025-05-01,medium,Kolkata,ads,47,male,2025,2025-05
C07024,2024-05-13,high,Ahmedabad,organic,23,female,2024,2024-05
C07025,2024-05-27,medium,Kolkata,ads,42,male,2024,2024-05
C07026,2024-12-01,medium,Delhi,ads,35,male,2024,2024-12
C07027,2024-03-11,medium,Hyderabad,referral,22,female,2024,2024-03
C07028,2024-08-20,medium,Kolkata,referral,40,female,2024,2024-08
C07029,2024-11-29,low,Jaipur,organic,25,female,2024,2024-11
C07030,2025-10-27,high,Bangalore,ads,45,male,2025,2025-10
C07031,2024-03-30,medium,Chennai,organic,27,female,2024,2024-03
C07032,2024-11-29,low,Bangalore,organic,20,female,2024,2024-11
C07033,2024-07-17,medium,Ahmedabad,ads,50,male,2024,2024-07
C07034,2024-06-09,medium,Hyderabad,organic,36,female,2024,2024-06
C07035,2025-06-21,medium,Bangalore,organic,43,male,2025,2025-06
C07036,2024-04-30,medium,Chennai,referral,26,female,2024,2024-04
C07037,2024-10-27,medium,Bhubaneswar,referral,18,female,2024,2024-10
C07038,2025-12-24,medium,Bhubaneswar,ads,51,female,2025,2025-12
C07039,2025-07-28,low,Hyderabad,referral,34,male,2025,2025-07
C07040,2025-03-11,low,Chennai,ads,39,female,2025,2025-03
C07041,2024-03-08,medium,Chennai,organic,41,female,2024,2024-03
C07042,2025-04-03,high,Delhi,ads,31,female,2025,2025-04
C07043,2025-05-28,high,Mumbai,ads,37,male,2025,2025-05
C07044,2025-02-01,high,Kolkata,organic,50,female,2025,2025-02
C07045,2025-09-11,medium,Hyderabad,referral,34,male,2025,2025-09
C07046,2024-10-12,high,Pune,ads,44,female,2024,2024-10
C07047,2025-07-14,medium,Delhi,organic,18,female,2025,2025-07
C07048,2024-05-19,low,Bhubaneswar,organic,46,male,2024,2024-05
C07049,2025-12-30,medium,Delhi,organic,19,male,2025,2025-12
C07050,2025-07-09,low,Ahmedabad,referral,45,female,2025,2025-07
C07051,2025-08-12,low,Kolkata,ads,38,male,2025,2025-08
C07052,2025-12-28,medium,Pune,ads,34,female,2025,2025-12
C07053,2025-09-01,low,Hyderabad,ads,34,female,2025,2025-09
C07054,2024-10-08,low,Ahmedabad,ads,32,female,2024,2024-10
C07055,2025-10-22,medium,Mumbai,ads,26,male,2025,2025-10
C07056,2025-07-31,medium,Pune,ads,32,female,2025,2025-07
C07057,2025-04-01,medium,Chennai,referral,57,female,2025,2025-04
C07058,2024-03-27,low,Pune,referral,48,female,2024,2024-03
C07059,2024-03-19,medium,Delhi,referral,26,male,2024,2024-03
C07060,2024-07-23,high,Jaipur,ads,37,male,2024,2024-07
C07061,2024-12-02,medium,Ahmedabad,referral,35,female,2024,2024-12
C07062,2024-09-10,medium,Delhi,ads,33,female,2024,2024-09
C07063,2024-10-30,medium,Chennai,referral,24,male,2024,2024-10
C07064,2025-01-14,low,Bhubaneswar,referral,39,female,2025,2025-01
C07065,2024-05-09,medium,Delhi,referral,43,female,2024,2024-05
C07066,2025-08-18,low,Pune,referral,26,male,2025,2025-08
C07067,2024-10-02,low,Mumbai,ads,54,female,2024,2024-10
C07068,2025-11-29,medium,Pune,organic,50,female,2025,2025-11
C07069,2025-07-11,high,Pune,organic,40,other,2025,2025-07
C07070,2024-07-01,low,Ahmedabad,ads,22,male,2024,2024-07
C07071,2024-09-24,low,Hyderabad,organic,39,male,2024,2024-09
C07072,2024-11-17,high,Kolkata,ads,37,other,2024,2024-11
C07073,2025-05-26,medium,Pune,ads,40,male,2025,2025-05
C07074,2025-09-03,medium,Pune,ads,50,female,2025,2025-09
C07075,2024-03-18,low,Kolkata,referral,33,female,2024,2024-03
C07076,2024-12-04,low,Mumbai,ads,55,female,2024,2024-12
C07077,2025-11-04,high,Ahmedabad,ads,39,male,2025,2025-11
C07078,2025-07-09,low,Bhubaneswar,ads,32,female,2025,2025-07
C07079,2025-05-23,high,Chennai,referral,58,male,2025,2025-05
C07080,2024-08-25,low,Chennai,organic,43,female,2024,2024-08
C07081,2024-05-13,medium,Delhi,organic,30,female,2024,2024-05
C07082,2024-07-10,medium,Ahmedabad,referral,35,male,2024,2024-07
C07083,2024-12-21,high,Jaipur,ads,41,male,2024,2024-12
C07084,2024-10-04,high,Bhubaneswar,ads,33,female,2024,2024-10
C07085,2024-01-18,medium,Chennai,ads,36,female,2024,2024-01
C07086,2025-06-07,medium,Jaipur,organic,26,female,2025,2025-06
C07087,2024-06-28,high,Hyderabad,ads,18,female,2024,2024-06
C07088,2024-05-02,high,Jaipur,organic,36,male,2024,2024-05
C07089,2024-09-02,high,Jaipur,ads,36,female,2024,2024-09
C07090,2025-01-07,low,Bhubaneswar,ads,40,male,2025,2025-01
C07091,2024-02-20,low,Hyderabad,ads,29,female,2024,2024-02
C07092,2024-03-11,high,Jaipur,ads,21,male,2024,2024-03
C07093,2025-04-24,medium,Kolkata,referral,25,female,2025,2025-04
C07094,2025-07-13,high,Bangalore,ads,45,female,2025,2025-07
C07095,2024-01-19,low,Pune,referral,28,male,2024,2024-01
C07096,2024-03-24,low,Mumbai,ads,30,male,2024,2024-03
C07097,2024-06-03,medium,Pune,ads,31,male,2024,2024-06
C07098,2025-07-18,low,Delhi,organic,28,female,2025,2025-07
C07099,2025-09-10,low,Jaipur,organic,28,male,2025,2025-09
C07100,2024-12-22,low,Chennai,ads,26,male,2024,2024-12
C07101,2025-10-08,medium,Ahmedabad,organic,49,male,2025,2025-10
C07102,2025-03-18,medium,Delhi,ads,41,other,2025,2025-03
C07103,2024-03-09,medium,Bhubaneswar,ads,47,female,2024,2024-03
C07104,2025-06-06,medium,Ahmedabad,referral,49,male,2025,2025-06
C07105,2024-05-22,medium,Ahmedabad,referral,18,female,2024,2024-05
C07106,2024-07-10,high,Bhubaneswar,organic,38,other,2024,2024-07
C07107,2025-01-21,medium,Kolkata,organic,29,female,2025,2025-01
C07108,2025-01-12,medium,Pune,ads,46,male,2025,2025-01
C07109,2025-08-03,medium,Delhi,organic,27,male,2025,2025-08
C07110,2025-06-18,medium,Pune,organic,24,male,2025,2025-06
C07111,2025-11-23,low,Hyderabad,referral,20,male,2025,2025-11
C07112,2024-10-19,low,Chennai,referral,31,female,2024,2024-10
C07113,2024-01-09,medium,Delhi,ads,44,female,2024,2024-01
C07114,2024-09-27,medium,Bhubaneswar,ads,37,female,2024,2024-09
C07115,2025-01-21,medium,Jaipur,ads,22,female,2025,2025-01
C07116,2024-04-02,high,Delhi,ads,56,male,2024,2024-04
C07117,2025-06-12,low,Delhi,ads,41,female,2025,2025-06
C07118,2024-06-02,medium,Bangalore,ads,42,female,2024,2024-06
C07119,2025-02-08,high,Bhubaneswar,organic,47,male,2025,2025-02
C07120,2024-05-28,low,Bhubaneswar,referral,18,female,2024,2024-05
C07121,2024-09-23,high,Pune,ads,25,male,2024,2024-09
C07122,2025-02-25,medium,Chennai,ads,43,male,2025,2025-02
C07123,2025-09-09,high,Bhubaneswar,referral,26,female,2025,2025-09
C07124,2025-04-16,high,Mumbai,organic,32,male,2025,2025-04
C07125,2025-06-30,high,Bhubaneswar,organic,34,female,2025,2025-06
C07126,2025-09-22,high,Mumbai,referral,22,male,2025,2025-09
C07127,2025-06-09,medium,Jaipur,referral,31,female,2025,2025-06
C07128,2025-05-17,low,Chennai,ads,44,female,2025,2025-05
C07129,2024-01-14,medium,Kolkata,organic,42,other,2024,2024-01
C07130,2025-10-13,low,Delhi,ads,46,female,2025,2025-10
C07131,2024-12-29,medium,Chennai,organic,45,other,2024,2024-12
C07132,2024-04-28,medium,Pune,ads,39,female,2024,2024-04
C07133,2024-08-25,high,Delhi,organic,38,other,2024,2024-08
C07134,2025-06-29,medium,Mumbai,referral,37,female,2025,2025-06
C07135,2024-06-17,medium,Ahmedabad,ads,28,female,2024,2024-06
C07136,2025-06-05,medium,Chennai,referral,24,male,2025,2025-06
C07137,2025-09-25,low,Pune,organic,28,female,2025,2025-09
C07138,2025-10-18,medium,Mumbai,organic,31,female,2025,2025-10
C07139,2025-05-30,medium,Pune,referral,28,female,2025,2025-05
C07140,2025-01-31,low,Pune,organic,39,male,2025,2025-01
C07141,2024-04-15,medium,Pune,ads,37,female,2024,2024-04
C07142,2024-03-25,medium,Chennai,organic,38,female,2024,2024-03
C07143,2024-08-01,low,Ahmedabad,ads,38,female,2024,2024-08
C07144,2024-04-30,medium,Mumbai,organic,46,female,2024,2024-04
C07145,2024-05-11,high,Kolkata,ads,34,male,2024,2024-05
C07146,2024-07-15,medium,Mumbai,ads,45,female,2024,2024-07
C07147,2024-01-19,medium,Bhubaneswar,ads,40,female,2024,2024-01
C07148,2025-10-03,medium,Delhi,organic,46,male,2025,2025-10
C07149,2024-01-12,high,Ahmedabad,ads,51,female,2024,2024-01
C07150,2024-03-21,low,Chennai,ads,40,male,2024,2024-03
C07151,2024-11-25,low,Bangalore,organic,36,male,2024,2024-11
C07152,2025-01-26,medium,Kolkata,ads,35,female,2025,2025-01
C07153,2025-09-28,medium,Delhi,referral,30,female,2025,2025-09
C07154,2024-11-02,low,Bangalore,organic,29,male,2024,2024-11
C07155,2024-09-23,high,Bhubaneswar,ads,44,male,2024,2024-09
C07156,2025-03-22,medium,Mumbai,ads,25,male,2025,2025-03
C07157,2025-03-16,medium,Mumbai,organic,51,female,2025,2025-03
C07158,2025-10-13,low,Ahmedabad,organic,33,female,2025,2025-10
C07159,2024-01-02,high,Chennai,ads,63,male,2024,2024-01
C07160,2025-06-03,low,Chennai,ads,28,male,2025,2025-06
C07161,2025-10-12,medium,Delhi,organic,37,male,2025,2025-10
C07162,2025-09-27,medium,Hyderabad,referral,31,female,2025,2025-09
C07163,2024-11-04,medium,Bhubaneswar,ads,27,male,2024,2024-11
C07164,2025-06-05,high,Hyderabad,organic,45,female,2025,2025-06
C07165,2025-04-13,low,Pune,ads,23,female,2025,2025-04
C07166,2024-07-30,low,Kolkata,referral,28,male,2024,2024-07
C07167,2024-04-21,medium,Mumbai,organic,40,male,2024,2024-04
C07168,2024-01-08,low,Delhi,ads,42,male,2024,2024-01
C07169,2025-04-21,low,Hyderabad,ads,21,female,2025,2025-04
C07170,2025-04-04,medium,Ahmedabad,organic,40,female,2025,2025-04
C07171,2024-09-09,medium,Jaipur,organic,36,female,2024,2024-09
C07172,2025-06-09,medium,Chennai,organic,25,male,2025,2025-06
C07173,2025-03-13,medium,Mumbai,organic,27,male,2025,2025-03
C07174,2025-10-22,high,Delhi,organic,18,male,2025,2025-10
C07175,2024-08-23,medium,Bangalore,referral,52,male,2024,2024-08
C07176,2024-11-01,high,Kolkata,referral,45,female,2024,2024-11
C07177,2025-04-22,low,Pune,organic,22,female,2025,2025-04
C07178,2025-11-09,low,Ahmedabad,ads,42,female,2025,2025-11
C07179,2024-01-20,medium,Bhubaneswar,organic,29,female,2024,2024-01
C07180,2024-08-03,medium,Ahmedabad,organic,44,female,2024,2024-08
C07181,2024-05-14,medium,Pune,organic,30,female,2024,2024-05
C07182,2024-05-08,medium,Jaipur,organic,31,female,2024,2024-05
C07183,2025-02-13,medium,Bhubaneswar,referral,32,female,2025,2025-02
C07184,2025-02-25,medium,Bhubaneswar,organic,28,male,2025,2025-02
C07185,2024-10-20,medium,Delhi,ads,48,male,2024,2024-10
C07186,2024-09-02,high,Ahmedabad,organic,43,male,2024,2024-09
C07187,2025-12-01,high,Mumbai,organic,36,female,2025,2025-12
C07188,2025-07-09,high,Pune,referral,45,female,2025,2025-07
C07189,2024-03-26,low,Jaipur,organic,18,male,2024,2024-03
C07190,2025-07-09,low,Jaipur,referral,22,female,2025,2025-07
C07191,2025-01-09,medium,Chennai,organic,39,male,2025,2025-01
C07192,2025-03-21,medium,Kolkata,ads,42,female,2025,2025-03
C07193,2025-01-12,high,Delhi,referral,37,male,2025,2025-01
C07194,2025-01-24,medium,Delhi,organic,18,female,2025,2025-01
C07195,2025-10-18,high,Bangalore,ads,24,female,2025,2025-10
C07196,2024-02-20,medium,Delhi,ads,39,other,2024,2024-02
C07197,2024-08-29,low,Bhubaneswar,organic,59,female,2024,2024-08
C07198,2024-10-20,high,Bangalore,ads,47,female,2024,2024-10
C07199,2025-07-16,low,Jaipur,organic,50,male,2025,2025-07
C07200,2024-09-22,high,Mumbai,organic,38,male,2024,2024-09
C07201,2024-04-29,medium,Hyderabad,organic,38,male,2024,2024-04
C07202,2025-12-12,high,Kolkata,referral,24,female,2025,2025-12
C07203,2024-09-04,medium,Kolkata,organic,44,male,2024,2024-09
C07204,2024-03-10,high,Mumbai,organic,34,male,2024,2024-03
C07205,2024-02-26,medium,Mumbai,ads,41,female,2024,2024-02
C07206,2025-01-16,medium,Hyderabad,organic,35,female,2025,2025-01
C07207,2024-02-08,medium,Chennai,ads,37,female,2024,2024-02
C07208,2025-03-18,medium,Ahmedabad,organic,34,male,2025,2025-03
C07209,2024-01-18,low,Kolkata,ads,37,female,2024,2024-01
C07210,2024-12-17,medium,Chennai,ads,45,female,2024,2024-12
C07211,2024-10-24,high,Delhi,organic,22,male,2024,2024-10
C07212,2024-10-09,medium,Mumbai,organic,20,female,2024,2024-10
C07213,2025-08-08,low,Bangalore,ads,39,male,2025,2025-08
C07214,2024-04-19,medium,Chennai,ads,49,female,2024,2024-04
C07215,2024-06-28,medium,Chennai,organic,51,male,2024,2024-06
C07216,2025-06-27,high,Kolkata,organic,22,female,2025,2025-06
C07217,2024-01-25,medium,Jaipur,organic,30,other,2024,2024-01
C07218,2024-02-26,medium,Bangalore,ads,20,male,2024,2024-02
C07219,2024-06-28,low,Ahmedabad,referral,29,male,2024,2024-06
C07220,2024-08-19,low,Delhi,organic,46,male,2024,2024-08
C07221,2024-12-08,high,Hyderabad,organic,34,female,2024,2024-12
C07222,2025-04-21,medium,Pune,organic,31,male,2025,2025-04
C07223,2025-07-29,medium,Jaipur,organic,40,female,2025,2025-07
C07224,2025-03-30,medium,Kolkata,ads,27,male,2025,2025-03
C07225,2024-08-19,low,Jaipur,referral,50,female,2024,2024-08
C07226,2024-10-15,medium,Bangalore,organic,35,male,2024,2024-10
C07227,2024-07-31,medium,Bhubaneswar,ads,30,female,2024,2024-07
C07228,2024-09-14,medium,Ahmedabad,organic,40,male,2024,2024-09
C07229,2025-06-13,low,Delhi,referral,44,female,2025,2025-06
C07230,2025-11-17,medium,Jaipur,ads,50,female,2025,2025-11
C07231,2024-08-16,medium,Ahmedabad,organic,32,female,2024,2024-08
C07232,2024-08-13,medium,Pune,referral,45,male,2024,2024-08
C07233,2025-08-18,medium,Delhi,organic,36,male,2025,2025-08
C07234,2025-03-10,low,Pune,ads,28,female,2025,2025-03
C07235,2025-02-05,medium,Chennai,referral,27,female,2025,2025-02
C07236,2025-09-13,medium,Jaipur,organic,24,male,2025,2025-09
C07237,2024-03-28,medium,Pune,ads,27,male,2024,2024-03
C07238,2025-08-06,low,Ahmedabad,referral,46,male,2025,2025-08
C07239,2025-06-25,medium,Bhubaneswar,referral,42,female,2025,2025-06
C07240,2025-11-14,high,Hyderabad,ads,22,female,2025,2025-11
C07241,2024-11-04,medium,Mumbai,organic,18,female,2024,2024-11
C07242,2024-12-08,medium,Bhubaneswar,ads,23,male,2024,2024-12
C07243,2025-03-11,low,Kolkata,ads,27,male,2025,2025-03
C07244,2024-06-25,low,Bhubaneswar,ads,31,female,2024,2024-06
C07245,2024-05-18,medium,Pune,referral,46,male,2024,2024-05
C07246,2024-07-12,high,Kolkata,organic,29,male,2024,2024-07
C07247,2024-07-04,low,Bhubaneswar,organic,51,female,2024,2024-07
C07248,2024-08-05,medium,Mumbai,ads,18,male,2024,2024-08
C07249,2024-06-12,medium,Ahmedabad,referral,31,female,2024,2024-06
C07250,2024-06-09,medium,Hyderabad,ads,42,male,2024,2024-06
C07251,2025-06-08,medium,Pune,referral,43,male,2025,2025-06
C07252,2025-08-23,medium,Jaipur,referral,31,male,2025,2025-08
C07253,2024-02-11,low,Delhi,referral,45,female,2024,2024-02
C07254,2024-07-28,low,Bangalore,referral,43,female,2024,2024-07
C07255,2024-10-01,medium,Jaipur,referral,28,female,2024,2024-10
C07256,2024-10-05,medium,Chennai,referral,38,male,2024,2024-10
C07257,2024-09-07,high,Pune,ads,42,male,2024,2024-09
C07258,2024-11-05,high,Delhi,organic,28,male,2024,2024-11
C07259,2025-12-20,medium,Ahmedabad,organic,51,other,2025,2025-12
C07260,2024-05-19,medium,Chennai,organic,26,male,2024,2024-05
C07261,2025-06-29,low,Bangalore,organic,36,female,2025,2025-06
C07262,2025-06-13,low,Pune,organic,22,female,2025,2025-06
C07263,2024-02-26,medium,Jaipur,referral,36,male,2024,2024-02
C07264,2024-04-21,medium,Bhubaneswar,ads,24,female,2024,2024-04
C07265,2024-01-05,high,Jaipur,organic,32,male,2024,2024-01
C07266,2025-02-13,low,Jaipur,ads,19,male,2025,2025-02
C07267,2025-02-17,medium,Bangalore,ads,42,male,2025,2025-02
C07268,2024-06-30,high,Pune,organic,38,female,2024,2024-06
C07269,2024-01-13,medium,Pune,referral,45,male,2024,2024-01
C07270,2024-12-04,low,Kolkata,organic,31,male,2024,2024-12
C07271,2024-09-15,low,Jaipur,ads,46,male,2024,2024-09
C07272,2024-03-30,high,Ahmedabad,organic,35,male,2024,2024-03
C07273,2025-09-07,low,Delhi,ads,36,female,2025,2025-09
C07274,2025-11-28,medium,Delhi,referral,56,male,2025,2025-11
C07275,2024-09-06,high,Chennai,organic,30,female,2024,2024-09
C07276,2024-09-11,low,Bangalore,referral,47,female,2024,2024-09
C07277,2025-08-10,low,Jaipur,organic,39,female,2025,2025-08
C07278,2024-04-17,medium,Ahmedabad,ads,29,male,2024,2024-04
C07279,2025-10-29,medium,Chennai,referral,21,male,2025,2025-10
C07280,2025-08-16,low,Pune,referral,24,female,2025,2025-08
C07281,2025-08-11,low,Delhi,organic,46,male,2025,2025-08
C07282,2025-04-29,low,Mumbai,organic,52,female,2025,2025-04
C07283,2024-09-14,medium,Kolkata,ads,35,male,2024,2024-09
C07284,2025-09-30,low,Ahmedabad,organic,36,other,2025,2025-09
C07285,2024-10-08,low,Chennai,ads,42,male,2024,2024-10
C07286,2024-03-28,high,Chennai,ads,35,male,2024,2024-03
C07287,2024-07-22,low,Ahmedabad,ads,45,female,2024,2024-07
C07288,2024-01-16,medium,Bhubaneswar,organic,37,male,2024,2024-01
C07289,2024-05-30,medium,Mumbai,ads,36,male,2024,2024-05
C07290,2024-09-10,medium,Pune,referral,28,male,2024,2024-09
C07291,2024-07-06,high,Delhi,ads,25,male,2024,2024-07
C07292,2024-11-24,medium,Jaipur,ads,18,male,2024,2024-11
C07293,2025-06-27,low,Ahmedabad,organic,47,male,2025,2025-06
C07294,2025-01-31,medium,Bangalore,organic,33,female,2025,2025-01
C07295,2025-05-31,medium,Mumbai,organic,30,male,2025,2025-05
C07296,2025-04-03,low,Kolkata,ads,18,male,2025,2025-04
C07297,2024-11-25,medium,Kolkata,organic,28,female,2024,2024-11
C07298,2024-06-17,medium,Bangalore,ads,27,male,2024,2024-06
C07299,2025-11-23,medium,Mumbai,ads,27,male,2025,2025-11
C07300,2024-12-31,medium,Chennai,ads,38,female,2024,2024-12
C07301,2024-06-26,medium,Kolkata,organic,36,female,2024,2024-06
C07302,2025-10-16,low,Chennai,ads,21,male,2025,2025-10
C07303,2024-12-27,medium,Bhubaneswar,ads,22,other,2024,2024-12
C07304,2025-09-30,low,Mumbai,organic,22,female,2025,2025-09
C07305,2024-02-09,medium,Ahmedabad,organic,53,male,2024,2024-02
C07306,2025-02-19,medium,Jaipur,ads,49,other,2025,2025-02
C07307,2024-12-20,medium,Delhi,organic,26,male,2024,2024-12
C07308,2024-09-11,low,Bhubaneswar,organic,18,other,2024,2024-09
C07309,2024-05-22,medium,Chennai,organic,36,male,2024,2024-05
C07310,2025-12-10,high,Mumbai,organic,35,male,2025,2025-12
C07311,2025-07-30,high,Bhubaneswar,referral,38,female,2025,2025-07
C07312,2024-01-11,medium,Chennai,ads,42,male,2024,2024-01
C07313,2025-09-11,medium,Jaipur,ads,39,male,2025,2025-09
C07314,2024-01-26,medium,Jaipur,referral,23,female,2024,2024-01
C07315,2025-02-24,high,Bangalore,ads,37,male,2025,2025-02
C07316,2025-10-24,low,Pune,ads,43,female,2025,2025-10
C07317,2024-08-08,medium,Kolkata,organic,27,male,2024,2024-08
C07318,2025-05-10,medium,Jaipur,ads,37,female,2025,2025-05
C07319,2024-08-24,medium,Hyderabad,organic,29,male,2024,2024-08
C07320,2024-08-24,medium,Jaipur,ads,54,female,2024,2024-08
C07321,2024-08-06,low,Bhubaneswar,organic,21,male,2024,2024-08
C07322,2025-05-01,high,Delhi,organic,46,female,2025,2025-05
C07323,2025-04-05,medium,Mumbai,organic,18,male,2025,2025-04
C07324,2025-10-24,low,Bhubaneswar,organic,52,male,2025,2025-10
C07325,2025-09-26,medium,Pune,referral,23,male,2025,2025-09
C07326,2024-05-23,medium,Jaipur,organic,36,male,2024,2024-05
C07327,2024-07-07,medium,Ahmedabad,referral,18,male,2024,2024-07
C07328,2024-09-11,low,Mumbai,ads,21,female,2024,2024-09
C07329,2024-03-08,low,Bhubaneswar,ads,43,male,2024,2024-03
C07330,2025-09-07,low,Hyderabad,organic,45,male,2025,2025-09
C07331,2024-12-01,medium,Delhi,referral,37,female,2024,2024-12
C07332,2025-11-01,low,Kolkata,organic,42,female,2025,2025-11
C07333,2025-02-12,high,Mumbai,ads,45,female,2025,2025-02
C07334,2024-10-26,high,Pune,ads,28,female,2024,2024-10
C07335,2025-08-24,low,Ahmedabad,ads,21,male,2025,2025-08
C07336,2024-12-22,high,Hyderabad,organic,34,female,2024,2024-12
C07337,2024-09-12,high,Kolkata,ads,29,male,2024,2024-09
C07338,2024-12-18,medium,Chennai,referral,38,female,2024,2024-12
C07339,2025-06-04,medium,Delhi,referral,40,female,2025,2025-06
C07340,2025-06-07,low,Kolkata,referral,28,female,2025,2025-06
C07341,2025-11-24,medium,Jaipur,organic,42,female,2025,2025-11
C07342,2024-10-10,medium,Bangalore,organic,41,female,2024,2024-10
C07343,2024-11-07,medium,Ahmedabad,organic,42,female,2024,2024-11
C07344,2024-04-08,low,Hyderabad,referral,30,male,2024,2024-04
C07345,2024-07-15,low,Kolkata,organic,42,male,2024,2024-07
C07346,2025-04-26,medium,Bangalore,ads,40,female,2025,2025-04
C07347,2024-08-13,low,Kolkata,referral,41,male,2024,2024-08
C07348,2025-09-06,low,Bhubaneswar,ads,51,female,2025,2025-09
C07349,2025-09-09,high,Chennai,ads,38,female,2025,2025-09
C07350,2024-12-30,high,Delhi,organic,28,male,2024,2024-12
C07351,2025-01-02,high,Chennai,ads,23,female,2025,2025-01
C07352,2025-07-23,low,Bhubaneswar,referral,46,female,2025,2025-07
C07353,2025-08-12,high,Kolkata,ads,38,female,2025,2025-08
C07354,2024-03-15,medium,Mumbai,organic,51,male,2024,2024-03
C07355,2024-02-11,high,Bangalore,organic,18,female,2024,2024-02
C07356,2025-02-25,low,Ahmedabad,organic,44,other,2025,2025-02
C07357,2024-06-29,medium,Pune,ads,32,female,2024,2024-06
C07358,2025-06-28,low,Bangalore,organic,31,female,2025,2025-06
C07359,2024-03-11,low,Chennai,ads,27,female,2024,2024-03
C07360,2025-07-21,high,Bangalore,ads,43,male,2025,2025-07
C07361,2024-04-14,medium,Jaipur,ads,41,female,2024,2024-04
C07362,2024-07-18,high,Kolkata,organic,23,female,2024,2024-07
C07363,2024-04-10,low,Bhubaneswar,ads,36,female,2024,2024-04
C07364,2024-11-02,medium,Bangalore,ads,42,female,2024,2024-11
C07365,2025-08-08,high,Bangalore,organic,36,female,2025,2025-08
C07366,2025-11-13,high,Bhubaneswar,referral,46,female,2025,2025-11
C07367,2025-01-11,medium,Jaipur,organic,32,male,2025,2025-01
C07368,2025-10-16,low,Jaipur,ads,18,male,2025,2025-10
C07369,2025-11-08,medium,Pune,organic,36,female,2025,2025-11
C07370,2025-02-02,low,Pune,ads,36,male,2025,2025-02
C07371,2024-08-08,medium,Jaipur,ads,38,male,2024,2024-08
C07372,2025-08-17,high,Mumbai,organic,46,female,2025,2025-08
C07373,2024-06-30,low,Pune,ads,18,female,2024,2024-06
C07374,2024-11-02,high,Jaipur,ads,32,female,2024,2024-11
C07375,2025-06-05,low,Jaipur,ads,25,female,2025,2025-06
C07376,2025-01-30,medium,Bangalore,organic,22,male,2025,2025-01
C07377,2024-01-04,high,Pune,organic,34,male,2024,2024-01
C07378,2024-10-07,medium,Kolkata,ads,42,female,2024,2024-10
C07379,2024-08-02,low,Bhubaneswar,organic,38,female,2024,2024-08
C07380,2025-09-01,low,Bhubaneswar,ads,28,female,2025,2025-09
C07381,2025-02-23,high,Hyderabad,organic,33,male,2025,2025-02
C07382,2024-04-10,high,Bangalore,organic,44,female,2024,2024-04
C07383,2025-06-04,medium,Hyderabad,referral,41,female,2025,2025-06
C07384,2025-07-26,medium,Hyderabad,ads,29,male,2025,2025-07
C07385,2024-11-04,low,Bangalore,ads,28,male,2024,2024-11
C07386,2025-10-19,high,Kolkata,referral,18,female,2025,2025-10
C07387,2025-05-24,low,Mumbai,ads,30,male,2025,2025-05
C07388,2024-03-03,medium,Delhi,ads,18,male,2024,2024-03
C07389,2025-09-24,low,Mumbai,referral,55,male,2025,2025-09
C07390,2024-08-13,medium,Pune,ads,26,male,2024,2024-08
C07391,2024-04-14,medium,Jaipur,ads,46,male,2024,2024-04
C07392,2025-02-28,low,Chennai,ads,53,male,2025,2025-02
C07393,2024-09-11,medium,Ahmedabad,referral,37,male,2024,2024-09
C07394,2025-03-04,low,Bangalore,organic,33,female,2025,2025-03
C07395,2025-03-09,low,Mumbai,organic,21,male,2025,2025-03
C07396,2024-07-25,medium,Kolkata,organic,29,female,2024,2024-07
C07397,2024-01-28,medium,Mumbai,organic,51,female,2024,2024-01
C07398,2025-11-12,high,Pune,organic,38,male,2025,2025-11
C07399,2024-12-01,high,Jaipur,referral,35,male,2024,2024-12
C07400,2025-08-10,medium,Hyderabad,ads,48,female,2025,2025-08
C07401,2025-09-19,high,Bhubaneswar,organic,41,male,2025,2025-09
C07402,2024-03-09,medium,Chennai,ads,33,male,2024,2024-03
C07403,2025-05-27,medium,Mumbai,ads,37,female,2025,2025-05
C07404,2024-06-15,medium,Kolkata,ads,27,male,2024,2024-06
C07405,2025-12-30,medium,Delhi,organic,29,female,2025,2025-12
C07406,2025-01-02,high,Mumbai,referral,32,female,2025,2025-01
C07407,2024-09-07,high,Kolkata,organic,40,male,2024,2024-09
C07408,2025-11-16,medium,Hyderabad,organic,22,male,2025,2025-11
C07409,2024-06-18,medium,Kolkata,organic,35,female,2024,2024-06
C07410,2024-03-30,medium,Kolkata,ads,31,other,2024,2024-03
C07411,2025-07-14,medium,Jaipur,ads,25,male,2025,2025-07
C07412,2025-03-21,low,Jaipur,organic,31,male,2025,2025-03
C07413,2024-10-20,medium,Mumbai,organic,18,male,2024,2024-10
C07414,2024-05-29,medium,Ahmedabad,ads,27,male,2024,2024-05
C07415,2024-05-11,low,Jaipur,ads,24,male,2024,2024-05
C07416,2025-03-08,low,Bhubaneswar,organic,32,male,2025,2025-03
C07417,2024-02-28,medium,Bhubaneswar,referral,18,female,2024,2024-02
C07418,2024-07-17,medium,Chennai,referral,36,other,2024,2024-07
C07419,2024-08-02,high,Bangalore,organic,44,female,2024,2024-08
C07420,2025-07-14,medium,Hyderabad,ads,33,female,2025,2025-07
C07421,2025-04-16,low,Ahmedabad,organic,39,male,2025,2025-04
C07422,2024-09-03,medium,Bhubaneswar,ads,29,male,2024,2024-09
C07423,2025-01-16,low,Pune,ads,19,female,2025,2025-01
C07424,2024-08-26,medium,Bhubaneswar,organic,35,female,2024,2024-08
C07425,2025-01-01,low,Kolkata,ads,41,female,2025,2025-01
C07426,2024-06-16,medium,Hyderabad,referral,21,male,2024,2024-06
C07427,2025-07-13,high,Chennai,organic,30,female,2025,2025-07
C07428,2024-02-20,medium,Mumbai,organic,32,male,2024,2024-02
C07429,2025-09-01,medium,Bhubaneswar,organic,63,male,2025,2025-09
C07430,2025-12-28,high,Bangalore,ads,37,male,2025,2025-12
C07431,2025-11-19,low,Chennai,ads,18,female,2025,2025-11
C07432,2025-01-14,medium,Bhubaneswar,ads,18,male,2025,2025-01
C07433,2025-04-18,low,Ahmedabad,ads,42,female,2025,2025-04
C07434,2024-03-20,medium,Ahmedabad,ads,59,female,2024,2024-03
C07435,2025-11-27,high,Chennai,ads,32,female,2025,2025-11
C07436,2025-01-01,low,Mumbai,ads,31,other,2025,2025-01
C07437,2025-04-05,medium,Pune,ads,39,male,2025,2025-04
C07438,2025-06-22,medium,Pune,referral,27,female,2025,2025-06
C07439,2025-03-27,medium,Bhubaneswar,organic,18,female,2025,2025-03
C07440,2025-04-08,medium,Bhubaneswar,organic,45,male,2025,2025-04
C07441,2025-04-22,low,Chennai,organic,28,female,2025,2025-04
C07442,2025-02-23,medium,Delhi,referral,45,male,2025,2025-02
C07443,2025-12-07,medium,Kolkata,ads,27,male,2025,2025-12
C07444,2024-08-01,low,Kolkata,organic,36,female,2024,2024-08
C07445,2025-01-03,high,Bangalore,referral,43,female,2025,2025-01
C07446,2024-04-23,medium,Bhubaneswar,referral,45,male,2024,2024-04
C07447,2025-05-17,low,Bangalore,referral,37,female,2025,2025-05
C07448,2025-09-27,medium,Chennai,organic,36,male,2025,2025-09
C07449,2025-08-10,low,Mumbai,referral,41,female,2025,2025-08
C07450,2024-11-06,medium,Hyderabad,organic,39,other,2024,2024-11
C07451,2025-04-13,low,Hyderabad,organic,22,female,2025,2025-04
C07452,2025-12-08,low,Bhubaneswar,organic,22,female,2025,2025-12
C07453,2024-02-13,medium,Bhubaneswar,ads,18,female,2024,2024-02
C07454,2025-02-18,high,Delhi,organic,42,female,2025,2025-02
C07455,2025-11-28,medium,Chennai,ads,31,male,2025,2025-11
C07456,2024-09-02,low,Mumbai,referral,43,male,2024,2024-09
C07457,2024-03-24,medium,Jaipur,organic,39,male,2024,2024-03
C07458,2024-07-25,high,Chennai,organic,24,female,2024,2024-07
C07459,2024-05-30,medium,Jaipur,organic,33,female,2024,2024-05
C07460,2025-10-29,low,Ahmedabad,referral,30,female,2025,2025-10
C07461,2025-06-11,medium,Kolkata,organic,28,female,2025,2025-06
C07462,2024-06-13,medium,Bhubaneswar,ads,44,female,2024,2024-06
C07463,2024-05-24,high,Delhi,organic,60,female,2024,2024-05
C07464,2024-02-06,medium,Bhubaneswar,referral,46,male,2024,2024-02
C07465,2024-11-28,high,Hyderabad,organic,34,male,2024,2024-11
C07466,2025-02-06,high,Bhubaneswar,ads,47,male,2025,2025-02
C07467,2025-02-17,low,Hyderabad,ads,52,female,2025,2025-02
C07468,2024-02-14,low,Bangalore,referral,21,male,2024,2024-02
C07469,2025-02-05,high,Bhubaneswar,organic,47,female,2025,2025-02
C07470,2024-07-24,high,Chennai,ads,42,male,2024,2024-07
C07471,2024-03-02,medium,Jaipur,organic,46,male,2024,2024-03
C07472,2025-02-23,medium,Chennai,referral,43,female,2025,2025-02
C07473,2025-04-12,medium,Pune,ads,32,male,2025,2025-04
C07474,2024-01-19,medium,Hyderabad,ads,55,female,2024,2024-01
C07475,2024-12-30,medium,Ahmedabad,ads,38,female,2024,2024-12
C07476,2024-10-26,low,Pune,organic,30,female,2024,2024-10
C07477,2024-01-07,low,Bangalore,organic,40,female,2024,2024-01
C07478,2025-03-03,medium,Chennai,ads,44,female,2025,2025-03
C07479,2024-04-26,medium,Ahmedabad,referral,35,male,2024,2024-04
C07480,2025-08-02,low,Jaipur,organic,38,female,2025,2025-08
C07481,2025-05-21,low,Mumbai,referral,35,male,2025,2025-05
C07482,2025-06-29,high,Delhi,organic,28,male,2025,2025-06
C07483,2025-12-06,medium,Bhubaneswar,referral,26,male,2025,2025-12
C07484,2024-11-20,medium,Bhubaneswar,organic,20,female,2024,2024-11
C07485,2024-02-24,high,Mumbai,organic,50,female,2024,2024-02
C07486,2024-02-11,medium,Bhubaneswar,ads,32,female,2024,2024-02
C07487,2024-10-23,medium,Chennai,ads,18,male,2024,2024-10
C07488,2024-08-18,medium,Mumbai,ads,38,male,2024,2024-08
C07489,2025-03-28,medium,Pune,ads,38,female,2025,2025-03
C07490,2025-01-28,medium,Pune,ads,18,female,2025,2025-01
C07491,2025-06-05,low,Bangalore,organic,26,male,2025,2025-06
C07492,2024-12-23,medium,Delhi,organic,26,male,2024,2024-12
C07493,2025-03-19,medium,Kolkata,organic,27,female,2025,2025-03
C07494,2024-05-07,high,Mumbai,ads,47,male,2024,2024-05
C07495,2025-11-21,high,Kolkata,ads,33,female,2025,2025-11
C07496,2025-02-08,medium,Bhubaneswar,ads,30,female,2025,2025-02
C07497,2025-01-26,high,Mumbai,ads,46,male,2025,2025-01
C07498,2024-07-11,high,Delhi,organic,39,male,2024,2024-07
C07499,2025-08-26,high,Bangalore,ads,18,female,2025,2025-08
C07500,2024-03-18,medium,Jaipur,organic,28,male,2024,2024-03
C07501,2024-03-25,low,Pune,ads,38,male,2024,2024-03
C07502,2024-01-30,medium,Hyderabad,organic,25,female,2024,2024-01
C07503,2025-12-25,medium,Hyderabad,ads,55,female,2025,2025-12
C07504,2024-02-18,high,Pune,ads,36,female,2024,2024-02
C07505,2024-05-24,medium,Bhubaneswar,ads,27,female,2024,2024-05
C07506,2024-03-09,medium,Bangalore,ads,23,other,2024,2024-03
C07507,2024-02-27,medium,Bangalore,organic,44,male,2024,2024-02
C07508,2025-11-27,low,Jaipur,organic,28,female,2025,2025-11
C07509,2025-07-27,low,Bhubaneswar,ads,38,female,2025,2025-07
C07510,2025-04-23,high,Pune,referral,23,male,2025,2025-04
C07511,2025-03-20,low,Jaipur,organic,35,male,2025,2025-03
C07512,2024-10-22,high,Chennai,organic,28,female,2024,2024-10
C07513,2025-11-08,low,Kolkata,ads,31,male,2025,2025-11
C07514,2024-06-19,medium,Hyderabad,ads,27,female,2024,2024-06
C07515,2025-07-28,medium,Ahmedabad,ads,45,female,2025,2025-07
C07516,2024-05-26,high,Hyderabad,referral,30,female,2024,2024-05
C07517,2025-04-28,high,Bhubaneswar,ads,33,female,2025,2025-04
C07518,2024-11-01,low,Delhi,organic,34,female,2024,2024-11
C07519,2025-11-03,low,Hyderabad,organic,51,female,2025,2025-11
C07520,2025-10-14,medium,Mumbai,ads,43,female,2025,2025-10
C07521,2025-08-31,low,Bangalore,ads,42,female,2025,2025-08
C07522,2025-03-21,low,Hyderabad,organic,19,female,2025,2025-03
C07523,2024-08-08,medium,Mumbai,referral,28,male,2024,2024-08
C07524,2025-07-08,high,Kolkata,organic,46,female,2025,2025-07
C07525,2025-01-12,high,Hyderabad,ads,23,male,2025,2025-01
C07526,2025-09-11,medium,Chennai,organic,35,female,2025,2025-09
C07527,2024-09-22,medium,Hyderabad,referral,24,male,2024,2024-09
C07528,2024-04-04,high,Hyderabad,ads,25,female,2024,2024-04
C07529,2024-09-18,high,Bhubaneswar,organic,51,other,2024,2024-09
C07530,2024-03-11,high,Ahmedabad,referral,42,female,2024,2024-03
C07531,2024-08-06,low,Chennai,organic,44,female,2024,2024-08
C07532,2025-06-16,high,Hyderabad,ads,42,female,2025,2025-06
C07533,2024-04-01,medium,Hyderabad,referral,33,female,2024,2024-04
C07534,2024-05-06,medium,Hyderabad,ads,28,male,2024,2024-05
C07535,2024-03-20,medium,Mumbai,referral,30,male,2024,2024-03
C07536,2024-08-25,high,Kolkata,referral,33,male,2024,2024-08
C07537,2025-01-06,medium,Delhi,referral,52,female,2025,2025-01
C07538,2025-04-30,high,Delhi,organic,21,male,2025,2025-04
C07539,2025-11-24,medium,Delhi,organic,29,female,2025,2025-11
C07540,2024-01-25,high,Pune,ads,25,female,2024,2024-01
C07541,2024-06-04,medium,Delhi,ads,45,female,2024,2024-06
C07542,2025-05-31,medium,Hyderabad,ads,53,male,2025,2025-05
C07543,2025-09-23,medium,Mumbai,organic,38,male,2025,2025-09
C07544,2025-06-13,medium,Hyderabad,referral,38,male,2025,2025-06
C07545,2025-12-10,medium,Hyderabad,referral,35,female,2025,2025-12
C07546,2024-02-26,low,Bangalore,ads,39,male,2024,2024-02
C07547,2025-08-27,medium,Bhubaneswar,organic,42,female,2025,2025-08
C07548,2024-01-19,low,Kolkata,organic,39,female,2024,2024-01
C07549,2025-01-18,low,Pune,organic,39,male,2025,2025-01
C07550,2024-07-11,medium,Kolkata,ads,42,male,2024,2024-07
C07551,2024-08-24,medium,Delhi,referral,18,female,2024,2024-08
C07552,2025-01-21,medium,Hyderabad,organic,35,male,2025,2025-01
C07553,2025-03-01,high,Chennai,ads,38,female,2025,2025-03
C07554,2024-10-03,high,Ahmedabad,ads,39,female,2024,2024-10
C07555,2024-08-14,high,Ahmedabad,organic,33,male,2024,2024-08
C07556,2025-07-05,high,Bhubaneswar,ads,36,female,2025,2025-07
C07557,2024-11-18,medium,Pune,ads,27,male,2024,2024-11
C07558,2024-06-01,low,Mumbai,referral,18,male,2024,2024-06
C07559,2025-09-30,medium,Bhubaneswar,ads,44,female,2025,2025-09
C07560,2024-08-24,low,Bangalore,ads,23,male,2024,2024-08
C07561,2024-02-24,low,Hyderabad,organic,33,male,2024,2024-02
C07562,2025-03-11,low,Jaipur,organic,27,female,2025,2025-03
C07563,2025-11-14,low,Pune,organic,50,male,2025,2025-11
C07564,2024-04-18,medium,Hyderabad,organic,34,male,2024,2024-04
C07565,2024-07-02,high,Chennai,organic,31,female,2024,2024-07
C07566,2025-01-02,medium,Kolkata,organic,42,male,2025,2025-01
C07567,2024-07-16,medium,Mumbai,ads,56,female,2024,2024-07
C07568,2025-01-05,low,Ahmedabad,ads,39,male,2025,2025-01
C07569,2025-01-07,low,Pune,organic,31,female,2025,2025-01
C07570,2025-05-11,medium,Pune,organic,41,male,2025,2025-05
C07571,2025-08-21,medium,Kolkata,ads,19,female,2025,2025-08
C07572,2024-07-19,high,Chennai,organic,35,male,2024,2024-07
C07573,2025-05-23,high,Hyderabad,ads,54,female,2025,2025-05
C07574,2024-11-17,medium,Mumbai,ads,36,female,2024,2024-11
C07575,2024-10-01,medium,Kolkata,organic,36,male,2024,2024-10
C07576,2024-07-29,low,Kolkata,organic,35,male,2024,2024-07
C07577,2025-05-18,medium,Kolkata,organic,31,male,2025,2025-05
C07578,2024-04-27,low,Pune,organic,38,other,2024,2024-04
C07579,2025-12-03,medium,Pune,referral,42,female,2025,2025-12
C07580,2025-07-07,low,Pune,organic,31,female,2025,2025-07
C07581,2024-02-11,high,Pune,ads,18,female,2024,2024-02
C07582,2024-11-10,low,Mumbai,ads,39,male,2024,2024-11
C07583,2024-11-24,medium,Chennai,organic,56,male,2024,2024-11
C07584,2024-01-17,high,Jaipur,organic,31,female,2024,2024-01
C07585,2024-10-09,high,Mumbai,referral,20,female,2024,2024-10
C07586,2024-09-14,low,Chennai,referral,41,male,2024,2024-09
C07587,2025-07-28,high,Hyderabad,organic,52,female,2025,2025-07
C07588,2025-07-27,medium,Bangalore,organic,40,male,2025,2025-07
C07589,2025-09-03,medium,Hyderabad,ads,52,male,2025,2025-09
C07590,2024-01-19,medium,Chennai,organic,42,female,2024,2024-01
C07591,2025-06-12,low,Kolkata,organic,42,male,2025,2025-06
C07592,2025-02-26,medium,Jaipur,organic,29,male,2025,2025-02
C07593,2025-04-10,medium,Ahmedabad,organic,37,female,2025,2025-04
C07594,2025-01-07,low,Bhubaneswar,organic,34,female,2025,2025-01
C07595,2024-03-21,low,Pune,ads,34,male,2024,2024-03
C07596,2025-07-04,low,Delhi,ads,32,male,2025,2025-07
C07597,2025-07-01,medium,Ahmedabad,ads,37,female,2025,2025-07
C07598,2025-02-27,medium,Ahmedabad,organic,22,male,2025,2025-02
C07599,2025-03-04,medium,Hyderabad,ads,43,male,2025,2025-03
C07600,2025-01-22,low,Pune,ads,26,male,2025,2025-01
C07601,2025-12-09,high,Bangalore,organic,32,male,2025,2025-12
C07602,2025-10-31,medium,Chennai,organic,38,female,2025,2025-10
C07603,2024-07-22,high,Pune,organic,25,female,2024,2024-07
C07604,2024-07-14,medium,Delhi,organic,18,female,2024,2024-07
C07605,2025-12-28,low,Delhi,referral,31,female,2025,2025-12
C07606,2024-10-11,high,Chennai,ads,20,female,2024,2024-10
C07607,2024-07-14,medium,Ahmedabad,organic,42,male,2024,2024-07
C07608,2024-11-02,low,Pune,ads,23,female,2024,2024-11
C07609,2025-10-25,medium,Delhi,organic,49,female,2025,2025-10
C07610,2024-01-14,medium,Chennai,organic,34,male,2024,2024-01
C07611,2024-05-25,low,Bhubaneswar,organic,35,female,2024,2024-05
C07612,2024-02-26,low,Bhubaneswar,ads,18,female,2024,2024-02
C07613,2025-12-23,medium,Mumbai,organic,36,male,2025,2025-12
C07614,2024-07-28,high,Pune,organic,34,male,2024,2024-07
C07615,2025-06-12,high,Jaipur,organic,22,male,2025,2025-06
C07616,2024-12-09,low,Chennai,organic,35,male,2024,2024-12
C07617,2025-12-15,low,Ahmedabad,ads,31,male,2025,2025-12
C07618,2025-09-02,medium,Bangalore,referral,32,female,2025,2025-09
C07619,2024-10-05,medium,Delhi,ads,35,male,2024,2024-10
C07620,2024-07-27,high,Kolkata,ads,30,female,2024,2024-07
C07621,2025-10-02,medium,Pune,referral,37,male,2025,2025-10
C07622,2024-11-30,medium,Delhi,organic,34,female,2024,2024-11
C07623,2024-10-14,low,Mumbai,organic,39,female,2024,2024-10
C07624,2024-09-08,medium,Chennai,ads,29,female,2024,2024-09
C07625,2024-09-21,medium,Ahmedabad,organic,24,female,2024,2024-09
C07626,2024-09-27,medium,Delhi,ads,27,male,2024,2024-09
C07627,2025-11-30,medium,Kolkata,organic,49,male,2025,2025-11
C07628,2025-02-22,medium,Bangalore,organic,44,male,2025,2025-02
C07629,2025-12-26,high,Chennai,ads,47,other,2025,2025-12
C07630,2024-07-29,medium,Chennai,referral,47,female,2024,2024-07
C07631,2024-12-30,high,Jaipur,organic,30,female,2024,2024-12
C07632,2024-03-16,high,Mumbai,organic,37,female,2024,2024-03
C07633,2025-10-21,low,Chennai,ads,35,female,2025,2025-10
C07634,2024-11-16,medium,Ahmedabad,organic,41,female,2024,2024-11
C07635,2025-12-25,medium,Chennai,organic,32,male,2025,2025-12
C07636,2025-03-08,low,Jaipur,organic,35,male,2025,2025-03
C07637,2024-04-18,medium,Mumbai,ads,35,female,2024,2024-04
C07638,2025-10-02,low,Pune,referral,40,female,2025,2025-10
C07639,2025-06-05,high,Hyderabad,ads,41,male,2025,2025-06
C07640,2024-02-16,low,Pune,organic,35,female,2024,2024-02
C07641,2025-01-13,low,Bhubaneswar,organic,36,male,2025,2025-01
C07642,2024-04-05,low,Jaipur,organic,37,male,2024,2024-04
C07643,2024-04-12,high,Chennai,referral,51,male,2024,2024-04
C07644,2024-05-25,medium,Mumbai,ads,18,female,2024,2024-05
C07645,2024-01-27,high,Pune,organic,25,female,2024,2024-01
C07646,2025-06-13,medium,Pune,ads,41,female,2025,2025-06
C07647,2025-11-09,low,Bhubaneswar,ads,37,male,2025,2025-11
C07648,2024-03-22,medium,Pune,referral,37,female,2024,2024-03
C07649,2025-03-03,medium,Jaipur,referral,41,male,2025,2025-03
C07650,2025-08-06,medium,Pune,organic,37,male,2025,2025-08
C07651,2025-04-23,medium,Ahmedabad,ads,29,male,2025,2025-04
C07652,2024-06-10,low,Bhubaneswar,ads,41,male,2024,2024-06
C07653,2025-02-05,low,Mumbai,organic,35,male,2025,2025-02
C07654,2025-05-22,high,Mumbai,ads,30,female,2025,2025-05
C07655,2024-02-07,medium,Pune,ads,41,male,2024,2024-02
C07656,2025-05-25,medium,Jaipur,organic,41,female,2025,2025-05
C07657,2025-01-27,medium,Jaipur,ads,37,female,2025,2025-01
C07658,2025-12-13,low,Bangalore,ads,52,female,2025,2025-12
C07659,2025-05-08,low,Delhi,organic,48,female,2025,2025-05
C07660,2024-07-18,medium,Ahmedabad,organic,45,female,2024,2024-07
C07661,2024-09-11,medium,Bangalore,ads,60,female,2024,2024-09
C07662,2024-06-27,medium,Delhi,organic,33,male,2024,2024-06
C07663,2025-06-30,medium,Hyderabad,referral,30,female,2025,2025-06
C07664,2025-08-16,high,Kolkata,organic,43,male,2025,2025-08
C07665,2025-01-23,medium,Delhi,organic,32,male,2025,2025-01
C07666,2025-02-01,high,Kolkata,organic,35,male,2025,2025-02
C07667,2024-06-06,medium,Bhubaneswar,ads,25,female,2024,2024-06
C07668,2024-01-04,medium,Pune,ads,41,female,2024,2024-01
C07669,2024-06-15,low,Delhi,ads,20,female,2024,2024-06
C07670,2025-04-12,low,Jaipur,organic,34,male,2025,2025-04
C07671,2025-02-12,medium,Ahmedabad,referral,34,male,2025,2025-02
C07672,2025-02-15,high,Hyderabad,organic,30,male,2025,2025-02
C07673,2024-07-22,medium,Mumbai,organic,18,female,2024,2024-07
C07674,2024-07-12,medium,Bangalore,organic,18,male,2024,2024-07
C07675,2024-08-22,medium,Pune,organic,27,female,2024,2024-08
C07676,2025-12-18,low,Bangalore,organic,40,female,2025,2025-12
C07677,2024-05-29,medium,Bangalore,organic,37,female,2024,2024-05
C07678,2024-06-07,medium,Chennai,organic,34,female,2024,2024-06
C07679,2024-10-05,medium,Bangalore,referral,26,male,2024,2024-10
C07680,2025-02-07,low,Bangalore,organic,38,female,2025,2025-02
C07681,2025-11-08,low,Chennai,ads,18,female,2025,2025-11
C07682,2024-11-06,medium,Chennai,ads,18,female,2024,2024-11
C07683,2024-03-08,medium,Ahmedabad,organic,32,female,2024,2024-03
C07684,2025-04-07,medium,Delhi,ads,29,female,2025,2025-04
C07685,2024-03-28,high,Delhi,ads,45,male,2024,2024-03
C07686,2024-08-04,medium,Ahmedabad,organic,36,male,2024,2024-08
C07687,2024-01-01,medium,Chennai,referral,51,female,2024,2024-01
C07688,2024-05-14,high,Kolkata,ads,29,female,2024,2024-05
C07689,2025-11-27,high,Mumbai,referral,39,male,2025,2025-11
C07690,2024-12-16,medium,Ahmedabad,referral,32,female,2024,2024-12
C07691,2024-05-19,low,Hyderabad,organic,48,male,2024,2024-05
C07692,2025-09-09,medium,Ahmedabad,organic,32,male,2025,2025-09
C07693,2024-05-12,medium,Chennai,organic,43,male,2024,2024-05
C07694,2025-09-11,medium,Kolkata,referral,24,male,2025,2025-09
C07695,2024-06-26,medium,Pune,referral,30,female,2024,2024-06
C07696,2024-12-23,medium,Chennai,ads,34,female,2024,2024-12
C07697,2025-01-14,medium,Bhubaneswar,organic,47,female,2025,2025-01
C07698,2025-10-19,high,Bhubaneswar,organic,18,female,2025,2025-10
C07699,2025-03-25,medium,Mumbai,referral,31,male,2025,2025-03
C07700,2025-08-08,medium,Chennai,referral,31,female,2025,2025-08
C07701,2025-04-07,medium,Jaipur,organic,18,female,2025,2025-04
C07702,2024-04-17,low,Bhubaneswar,organic,30,female,2024,2024-04
C07703,2024-05-01,high,Bangalore,organic,19,male,2024,2024-05
C07704,2024-01-17,medium,Pune,organic,18,female,2024,2024-01
C07705,2024-07-14,medium,Bangalore,referral,32,other,2024,2024-07
C07706,2024-11-22,low,Hyderabad,ads,32,male,2024,2024-11
C07707,2024-11-13,medium,Mumbai,ads,32,male,2024,2024-11
C07708,2025-04-23,low,Hyderabad,ads,37,male,2025,2025-04
C07709,2024-09-08,low,Hyderabad,organic,26,male,2024,2024-09
C07710,2025-05-17,medium,Bhubaneswar,organic,52,female,2025,2025-05
C07711,2024-04-28,medium,Chennai,ads,34,female,2024,2024-04
C07712,2025-11-04,medium,Delhi,ads,47,female,2025,2025-11
C07713,2025-12-10,low,Bhubaneswar,organic,18,female,2025,2025-12
C07714,2025-05-12,high,Ahmedabad,organic,26,female,2025,2025-05
C07715,2025-04-30,medium,Delhi,organic,41,male,2025,2025-04
C07716,2024-02-14,medium,Chennai,organic,32,female,2024,2024-02
C07717,2024-11-09,medium,Hyderabad,ads,24,female,2024,2024-11
C07718,2024-06-27,medium,Kolkata,ads,18,female,2024,2024-06
C07719,2025-02-21,medium,Mumbai,ads,42,male,2025,2025-02
C07720,2025-07-09,high,Chennai,referral,41,male,2025,2025-07
C07721,2024-03-18,medium,Kolkata,ads,37,male,2024,2024-03
C07722,2024-11-21,medium,Pune,organic,30,female,2024,2024-11
C07723,2025-11-20,low,Hyderabad,organic,23,female,2025,2025-11
C07724,2024-12-22,medium,Bangalore,referral,34,male,2024,2024-12
C07725,2025-02-19,low,Ahmedabad,ads,21,female,2025,2025-02
C07726,2025-05-29,medium,Kolkata,organic,27,male,2025,2025-05
C07727,2024-08-01,high,Chennai,ads,47,male,2024,2024-08
C07728,2024-03-14,low,Bangalore,ads,18,female,2024,2024-03
C07729,2025-07-16,high,Bhubaneswar,referral,41,male,2025,2025-07
C07730,2025-08-01,low,Pune,referral,49,male,2025,2025-08
C07731,2025-05-23,low,Pune,ads,43,male,2025,2025-05
C07732,2024-11-27,medium,Bhubaneswar,ads,38,male,2024,2024-11
C07733,2024-04-02,medium,Pune,organic,30,female,2024,2024-04
C07734,2025-11-18,medium,Bangalore,ads,28,female,2025,2025-11
C07735,2025-10-18,medium,Bangalore,ads,18,male,2025,2025-10
C07736,2025-06-02,medium,Mumbai,ads,35,male,2025,2025-06
C07737,2024-09-25,medium,Delhi,ads,30,male,2024,2024-09
C07738,2025-01-10,medium,Chennai,referral,28,female,2025,2025-01
C07739,2024-01-04,high,Kolkata,organic,34,female,2024,2024-01
C07740,2024-05-17,low,Mumbai,organic,35,male,2024,2024-05
C07741,2024-08-18,low,Delhi,ads,28,male,2024,2024-08
C07742,2025-08-22,medium,Bangalore,referral,51,male,2025,2025-08
C07743,2025-06-12,low,Hyderabad,referral,42,male,2025,2025-06
C07744,2024-02-21,medium,Mumbai,ads,43,male,2024,2024-02
C07745,2025-10-07,high,Jaipur,referral,33,female,2025,2025-10
C07746,2025-12-23,medium,Pune,ads,40,male,2025,2025-12
C07747,2024-11-20,medium,Pune,organic,26,male,2024,2024-11
C07748,2025-12-31,medium,Bangalore,ads,41,female,2025,2025-12
C07749,2025-12-17,low,Delhi,organic,32,female,2025,2025-12
C07750,2025-12-23,low,Ahmedabad,organic,24,male,2025,2025-12
C07751,2024-10-03,medium,Chennai,organic,34,male,2024,2024-10
C07752,2025-06-19,low,Mumbai,organic,32,female,2025,2025-06
C07753,2025-04-30,high,Bhubaneswar,organic,58,female,2025,2025-04
C07754,2025-05-30,high,Jaipur,organic,39,male,2025,2025-05
C07755,2024-05-31,low,Jaipur,organic,50,male,2024,2024-05
C07756,2025-04-27,medium,Kolkata,organic,46,male,2025,2025-04
C07757,2024-09-15,medium,Jaipur,ads,35,female,2024,2024-09
C07758,2024-11-19,medium,Pune,ads,30,female,2024,2024-11
C07759,2024-06-16,medium,Chennai,referral,18,male,2024,2024-06
C07760,2025-11-18,high,Bangalore,referral,26,male,2025,2025-11
C07761,2024-11-05,medium,Jaipur,ads,41,female,2024,2024-11
C07762,2025-04-23,high,Bhubaneswar,ads,31,male,2025,2025-04
C07763,2024-02-25,high,Mumbai,organic,38,male,2024,2024-02
C07764,2025-09-11,medium,Delhi,organic,18,female,2025,2025-09
C07765,2025-04-17,medium,Chennai,ads,39,male,2025,2025-04
C07766,2024-10-22,low,Kolkata,ads,45,female,2024,2024-10
C07767,2025-04-05,high,Jaipur,referral,18,female,2025,2025-04
C07768,2024-11-19,high,Pune,ads,38,female,2024,2024-11
C07769,2024-05-20,medium,Ahmedabad,organic,48,female,2024,2024-05
C07770,2025-10-28,medium,Hyderabad,referral,51,male,2025,2025-10
C07771,2024-09-18,high,Delhi,ads,29,female,2024,2024-09
C07772,2025-02-23,high,Bhubaneswar,referral,42,female,2025,2025-02
C07773,2024-08-28,low,Mumbai,ads,49,male,2024,2024-08
C07774,2024-12-20,medium,Kolkata,organic,39,male,2024,2024-12
C07775,2025-08-11,medium,Bangalore,organic,47,female,2025,2025-08
C07776,2024-06-28,medium,Hyderabad,organic,34,male,2024,2024-06
C07777,2024-03-06,medium,Mumbai,organic,38,male,2024,2024-03
C07778,2024-12-13,medium,Chennai,organic,28,male,2024,2024-12
C07779,2024-06-19,medium,Ahmedabad,ads,33,male,2024,2024-06
C07780,2025-04-18,low,Bangalore,referral,39,female,2025,2025-04
C07781,2025-06-17,high,Mumbai,referral,28,male,2025,2025-06
C07782,2025-01-01,low,Mumbai,ads,32,male,2025,2025-01
C07783,2024-04-16,high,Ahmedabad,organic,42,female,2024,2024-04
C07784,2025-03-14,medium,Hyderabad,organic,55,female,2025,2025-03
C07785,2024-08-14,high,Mumbai,ads,18,female,2024,2024-08
C07786,2025-03-19,high,Bangalore,organic,54,male,2025,2025-03
C07787,2025-03-17,low,Delhi,referral,32,male,2025,2025-03
C07788,2025-01-30,medium,Mumbai,referral,44,female,2025,2025-01
C07789,2025-12-28,high,Mumbai,organic,46,male,2025,2025-12
C07790,2025-08-03,low,Mumbai,ads,50,male,2025,2025-08
C07791,2024-03-24,low,Pune,organic,27,female,2024,2024-03
C07792,2025-09-06,low,Bangalore,ads,32,male,2025,2025-09
C07793,2025-07-04,low,Kolkata,organic,34,female,2025,2025-07
C07794,2024-01-13,medium,Mumbai,organic,31,female,2024,2024-01
C07795,2025-11-23,low,Chennai,ads,48,male,2025,2025-11
C07796,2025-05-07,medium,Ahmedabad,ads,34,male,2025,2025-05
C07797,2024-09-24,low,Ahmedabad,ads,18,male,2024,2024-09
C07798,2025-06-08,low,Pune,ads,28,male,2025,2025-06
C07799,2024-04-29,medium,Bhubaneswar,ads,19,other,2024,2024-04
C07800,2024-12-18,low,Chennai,ads,32,female,2024,2024-12
C07801,2024-02-26,medium,Chennai,referral,41,male,2024,2024-02
C07802,2024-02-09,medium,Bangalore,referral,28,male,2024,2024-02
C07803,2024-12-01,high,Hyderabad,ads,30,male,2024,2024-12
C07804,2025-10-01,low,Delhi,ads,32,female,2025,2025-10
C07805,2024-06-21,medium,Bangalore,ads,36,female,2024,2024-06
C07806,2025-06-30,medium,Mumbai,organic,40,male,2025,2025-06
C07807,2024-09-15,medium,Pune,organic,43,female,2024,2024-09
C07808,2025-05-31,low,Ahmedabad,referral,57,male,2025,2025-05
C07809,2025-12-30,medium,Kolkata,referral,36,male,2025,2025-12
C07810,2025-06-06,low,Pune,ads,42,male,2025,2025-06
C07811,2024-04-26,low,Bhubaneswar,ads,19,female,2024,2024-04
C07812,2024-07-02,medium,Jaipur,organic,31,male,2024,2024-07
C07813,2024-04-25,medium,Mumbai,organic,32,female,2024,2024-04
C07814,2024-06-10,low,Pune,ads,24,male,2024,2024-06
C07815,2025-08-01,low,Bangalore,ads,29,female,2025,2025-08
C07816,2025-12-12,low,Bhubaneswar,referral,33,male,2025,2025-12
C07817,2025-06-26,medium,Hyderabad,organic,29,male,2025,2025-06
C07818,2025-08-09,low,Bangalore,ads,61,male,2025,2025-08
C07819,2024-08-24,medium,Bhubaneswar,organic,40,female,2024,2024-08
C07820,2024-03-06,medium,Bangalore,referral,55,female,2024,2024-03
C07821,2024-03-10,low,Ahmedabad,referral,49,male,2024,2024-03
C07822,2025-03-22,high,Bangalore,ads,28,male,2025,2025-03
C07823,2025-02-19,low,Delhi,referral,35,female,2025,2025-02
C07824,2025-06-15,medium,Mumbai,ads,30,male,2025,2025-06
C07825,2025-03-16,low,Kolkata,organic,33,female,2025,2025-03
C07826,2025-04-08,high,Mumbai,ads,25,female,2025,2025-04
C07827,2025-01-30,medium,Kolkata,organic,30,female,2025,2025-01
C07828,2025-12-11,low,Kolkata,ads,38,female,2025,2025-12
C07829,2025-07-04,high,Kolkata,referral,38,female,2025,2025-07
C07830,2025-10-18,high,Delhi,ads,37,male,2025,2025-10
C07831,2025-07-10,low,Ahmedabad,organic,34,male,2025,2025-07
C07832,2025-01-29,medium,Jaipur,organic,43,male,2025,2025-01
C07833,2024-11-21,low,Pune,organic,32,female,2024,2024-11
C07834,2024-03-31,high,Mumbai,organic,48,female,2024,2024-03
C07835,2024-03-10,medium,Bangalore,organic,18,male,2024,2024-03
C07836,2024-06-14,low,Bhubaneswar,ads,41,female,2024,2024-06
C07837,2025-10-03,medium,Pune,ads,39,male,2025,2025-10
C07838,2024-08-01,medium,Kolkata,ads,28,female,2024,2024-08
C07839,2025-08-23,medium,Kolkata,organic,31,male,2025,2025-08
C07840,2024-11-30,low,Ahmedabad,organic,39,female,2024,2024-11
C07841,2025-01-03,medium,Chennai,organic,44,male,2025,2025-01
C07842,2025-08-06,medium,Chennai,organic,18,female,2025,2025-08
C07843,2025-11-07,high,Pune,organic,41,male,2025,2025-11
C07844,2024-02-18,medium,Delhi,organic,30,male,2024,2024-02
C07845,2024-02-21,medium,Bangalore,ads,46,female,2024,2024-02
C07846,2024-10-15,medium,Mumbai,referral,18,female,2024,2024-10
C07847,2025-09-17,medium,Jaipur,ads,59,other,2025,2025-09
C07848,2024-08-26,high,Hyderabad,ads,26,female,2024,2024-08
C07849,2024-05-12,high,Hyderabad,organic,49,female,2024,2024-05
C07850,2024-06-14,medium,Jaipur,referral,34,female,2024,2024-06
C07851,2025-01-08,medium,Delhi,organic,26,female,2025,2025-01
C07852,2025-01-07,low,Hyderabad,organic,37,female,2025,2025-01
C07853,2025-04-22,medium,Jaipur,organic,45,female,2025,2025-04
C07854,2025-04-23,high,Mumbai,organic,19,female,2025,2025-04
C07855,2025-10-11,medium,Kolkata,ads,42,female,2025,2025-10
C07856,2025-08-13,high,Hyderabad,referral,34,female,2025,2025-08
C07857,2025-11-12,low,Bangalore,ads,40,male,2025,2025-11
C07858,2025-09-26,low,Bangalore,organic,35,female,2025,2025-09
C07859,2025-11-18,medium,Bangalore,ads,29,male,2025,2025-11
C07860,2024-10-26,medium,Kolkata,ads,23,male,2024,2024-10
C07861,2024-03-22,medium,Ahmedabad,referral,41,female,2024,2024-03
C07862,2024-03-27,medium,Kolkata,ads,41,female,2024,2024-03
C07863,2024-08-12,low,Kolkata,ads,41,male,2024,2024-08
C07864,2024-01-16,high,Kolkata,ads,39,male,2024,2024-01
C07865,2024-12-23,medium,Pune,ads,44,male,2024,2024-12
C07866,2024-06-11,medium,Chennai,organic,49,male,2024,2024-06
C07867,2025-09-01,low,Mumbai,organic,18,male,2025,2025-09
C07868,2025-10-29,medium,Pune,ads,18,male,2025,2025-10
C07869,2025-05-28,low,Bangalore,referral,52,male,2025,2025-05
C07870,2024-12-15,high,Delhi,ads,21,female,2024,2024-12
C07871,2025-11-11,medium,Ahmedabad,referral,24,male,2025,2025-11
C07872,2025-04-08,low,Chennai,organic,32,male,2025,2025-04
C07873,2025-01-09,medium,Jaipur,ads,18,female,2025,2025-01
C07874,2024-04-01,medium,Delhi,organic,31,female,2024,2024-04
C07875,2024-06-29,high,Delhi,referral,25,male,2024,2024-06
C07876,2024-10-27,high,Delhi,organic,32,male,2024,2024-10
C07877,2025-10-21,high,Ahmedabad,ads,37,female,2025,2025-10
C07878,2024-07-07,low,Bhubaneswar,organic,31,male,2024,2024-07
C07879,2024-11-09,medium,Hyderabad,ads,31,female,2024,2024-11
C07880,2025-05-07,low,Jaipur,referral,37,male,2025,2025-05
C07881,2024-05-07,medium,Hyderabad,organic,45,other,2024,2024-05
C07882,2025-06-02,medium,Hyderabad,referral,51,female,2025,2025-06
C07883,2025-03-01,medium,Kolkata,referral,32,male,2025,2025-03
C07884,2025-07-12,low,Chennai,organic,53,male,2025,2025-07
C07885,2025-07-18,low,Jaipur,ads,43,female,2025,2025-07
C07886,2024-07-05,low,Bangalore,organic,22,male,2024,2024-07
C07887,2025-07-03,high,Bangalore,organic,22,male,2025,2025-07
C07888,2025-03-28,medium,Jaipur,ads,29,male,2025,2025-03
C07889,2025-04-15,medium,Pune,ads,49,female,2025,2025-04
C07890,2025-07-18,low,Chennai,organic,29,female,2025,2025-07
C07891,2024-08-11,medium,Bhubaneswar,organic,18,male,2024,2024-08
C07892,2024-06-02,medium,Chennai,referral,32,female,2024,2024-06
C07893,2025-07-13,medium,Kolkata,ads,18,female,2025,2025-07
C07894,2024-12-16,medium,Bangalore,organic,24,female,2024,2024-12
C07895,2024-05-26,high,Mumbai,ads,29,female,2024,2024-05
C07896,2025-07-29,low,Bangalore,organic,36,female,2025,2025-07
C07897,2024-12-14,medium,Pune,organic,45,other,2024,2024-12
C07898,2024-06-30,low,Bhubaneswar,ads,41,male,2024,2024-06
C07899,2025-09-28,low,Chennai,ads,23,female,2025,2025-09
C07900,2024-06-27,medium,Delhi,organic,31,male,2024,2024-06
C07901,2024-02-08,medium,Bangalore,ads,35,female,2024,2024-02
C07902,2024-01-03,high,Kolkata,organic,32,male,2024,2024-01
C07903,2024-03-04,low,Jaipur,ads,32,female,2024,2024-03
C07904,2024-01-29,medium,Kolkata,organic,18,male,2024,2024-01
C07905,2025-01-06,medium,Delhi,ads,23,male,2025,2025-01
C07906,2025-06-06,medium,Jaipur,organic,30,male,2025,2025-06
C07907,2024-04-06,medium,Ahmedabad,ads,18,female,2024,2024-04
C07908,2025-03-17,medium,Jaipur,ads,41,male,2025,2025-03
C07909,2024-07-21,medium,Kolkata,organic,21,female,2024,2024-07
C07910,2025-02-14,low,Mumbai,organic,41,male,2025,2025-02
C07911,2024-01-21,low,Ahmedabad,ads,40,female,2024,2024-01
C07912,2025-07-04,medium,Kolkata,organic,29,male,2025,2025-07
C07913,2024-04-11,medium,Kolkata,ads,45,male,2024,2024-04
C07914,2024-02-15,low,Hyderabad,ads,42,other,2024,2024-02
C07915,2024-03-06,high,Bhubaneswar,ads,31,male,2024,2024-03
C07916,2025-08-25,low,Chennai,referral,30,male,2025,2025-08
C07917,2024-06-12,medium,Bhubaneswar,ads,45,female,2024,2024-06
C07918,2024-04-20,medium,Delhi,ads,37,female,2024,2024-04
C07919,2024-12-03,medium,Kolkata,ads,45,other,2024,2024-12
C07920,2024-05-02,medium,Delhi,referral,18,female,2024,2024-05
C07921,2025-12-05,low,Bangalore,organic,35,female,2025,2025-12
C07922,2025-03-22,high,Pune,referral,19,male,2025,2025-03
C07923,2025-09-02,medium,Delhi,referral,34,female,2025,2025-09
C07924,2024-10-17,medium,Chennai,organic,42,female,2024,2024-10
C07925,2025-11-01,low,Delhi,organic,52,male,2025,2025-11
C07926,2025-02-15,medium,Hyderabad,referral,25,female,2025,2025-02
C07927,2025-09-06,low,Ahmedabad,ads,29,male,2025,2025-09
C07928,2024-10-07,medium,Bangalore,organic,34,female,2024,2024-10
C07929,2024-02-12,high,Hyderabad,ads,25,male,2024,2024-02
C07930,2025-04-30,low,Kolkata,organic,44,male,2025,2025-04
C07931,2025-08-18,high,Hyderabad,organic,34,female,2025,2025-08
C07932,2025-12-03,medium,Mumbai,ads,36,male,2025,2025-12
C07933,2024-02-20,high,Kolkata,ads,41,male,2024,2024-02
C07934,2024-07-28,medium,Pune,referral,34,male,2024,2024-07
C07935,2024-05-05,medium,Hyderabad,ads,26,male,2024,2024-05
C07936,2025-05-06,medium,Ahmedabad,referral,34,male,2025,2025-05
C07937,2025-05-23,medium,Pune,organic,26,female,2025,2025-05
C07938,2025-08-03,medium,Delhi,ads,36,male,2025,2025-08
C07939,2024-09-14,medium,Hyderabad,organic,44,male,2024,2024-09
C07940,2024-07-06,medium,Bangalore,organic,23,female,2024,2024-07
C07941,2024-08-17,low,Bhubaneswar,referral,19,female,2024,2024-08
C07942,2024-07-07,low,Delhi,organic,35,male,2024,2024-07
C07943,2025-02-18,high,Jaipur,referral,27,female,2025,2025-02
C07944,2024-01-10,high,Mumbai,organic,35,other,2024,2024-01
C07945,2024-04-23,low,Bangalore,organic,38,male,2024,2024-04
C07946,2024-03-16,medium,Bangalore,organic,18,female,2024,2024-03
C07947,2025-11-06,medium,Pune,ads,41,male,2025,2025-11
C07948,2025-05-16,low,Bhubaneswar,organic,23,male,2025,2025-05
C07949,2024-03-25,medium,Ahmedabad,ads,34,male,2024,2024-03
C07950,2024-02-18,medium,Pune,ads,28,female,2024,2024-02
C07951,2025-05-09,low,Bhubaneswar,organic,29,female,2025,2025-05
C07952,2025-11-19,medium,Hyderabad,ads,51,male,2025,2025-11
C07953,2025-01-21,high,Mumbai,ads,38,male,2025,2025-01
C07954,2025-01-23,high,Delhi,referral,44,male,2025,2025-01
C07955,2024-08-05,medium,Bangalore,organic,36,male,2024,2024-08
C07956,2025-12-01,low,Ahmedabad,organic,41,female,2025,2025-12
C07957,2024-12-11,medium,Pune,organic,39,female,2024,2024-12
C07958,2024-08-17,high,Mumbai,ads,37,female,2024,2024-08
C07959,2024-09-11,low,Delhi,ads,46,male,2024,2024-09
C07960,2024-08-23,high,Mumbai,referral,36,female,2024,2024-08
C07961,2024-01-26,high,Bangalore,referral,57,female,2024,2024-01
C07962,2025-08-06,medium,Hyderabad,organic,44,male,2025,2025-08
C07963,2024-09-17,medium,Ahmedabad,ads,23,male,2024,2024-09
C07964,2024-09-27,medium,Bhubaneswar,ads,33,male,2024,2024-09
C07965,2024-05-02,low,Jaipur,referral,38,other,2024,2024-05
C07966,2025-10-17,low,Ahmedabad,organic,35,male,2025,2025-10
C07967,2024-09-13,medium,Bhubaneswar,ads,41,male,2024,2024-09
C07968,2025-10-17,medium,Pune,referral,42,male,2025,2025-10
C07969,2025-02-24,medium,Hyderabad,organic,21,male,2025,2025-02
C07970,2024-09-15,medium,Bhubaneswar,ads,47,female,2024,2024-09
C07971,2024-02-16,high,Hyderabad,referral,30,male,2024,2024-02
C07972,2025-06-08,low,Mumbai,referral,29,male,2025,2025-06
C07973,2024-07-26,high,Ahmedabad,organic,29,male,2024,2024-07
C07974,2024-11-06,high,Ahmedabad,organic,43,male,2024,2024-11
C07975,2024-05-28,medium,Bangalore,organic,32,male,2024,2024-05
C07976,2025-03-13,medium,Ahmedabad,referral,28,female,2025,2025-03
C07977,2024-06-03,high,Mumbai,referral,30,male,2024,2024-06
C07978,2025-11-08,high,Bangalore,ads,18,male,2025,2025-11
C07979,2024-03-30,medium,Hyderabad,ads,26,female,2024,2024-03
C07980,2025-11-28,medium,Kolkata,organic,22,female,2025,2025-11
C07981,2024-12-23,medium,Bhubaneswar,ads,32,female,2024,2024-12
C07982,2024-06-22,medium,Delhi,organic,41,male,2024,2024-06
C07983,2024-08-04,medium,Hyderabad,ads,40,female,2024,2024-08
C07984,2025-03-31,low,Mumbai,ads,47,male,2025,2025-03
C07985,2025-08-31,medium,Hyderabad,ads,45,female,2025,2025-08
C07986,2025-09-20,high,Delhi,referral,29,female,2025,2025-09
C07987,2024-07-17,medium,Mumbai,organic,35,female,2024,2024-07
C07988,2025-04-30,low,Ahmedabad,ads,34,male,2025,2025-04
C07989,2025-06-16,high,Hyderabad,ads,18,male,2025,2025-06
C07990,2024-07-18,medium,Bhubaneswar,ads,22,other,2024,2024-07
C07991,2025-01-05,high,Pune,ads,33,female,2025,2025-01
C07992,2025-03-23,high,Ahmedabad,organic,33,male,2025,2025-03
C07993,2024-09-04,medium,Ahmedabad,organic,40,male,2024,2024-09
C07994,2024-09-20,medium,Kolkata,organic,39,female,2024,2024-09
C07995,2024-02-27,low,Pune,organic,18,other,2024,2024-02
C07996,2024-10-28,medium,Chennai,ads,40,female,2024,2024-10
C07997,2024-01-31,medium,Pune,organic,36,male,2024,2024-01
C07998,2025-05-12,medium,Kolkata,ads,41,male,2025,2025-05
C07999,2024-09-05,medium,Jaipur,organic,45,male,2024,2024-09
C08000,2025-08-27,high,Delhi,ads,33,female,2025,2025-08
