customer_id,customer_segment,acquisition_channel,location,age,gender,total_orders,total_units,total_revenue,net_revenue,total_cost,gross_profit,gross_margin_percentage,average_order_value,first_purchase_date,last_purchase_date,recency_days,customer_lifespan_days,total_interactions,views,clicks,add_to_carts,email_opens,channels_used,interaction_types_used,has_interaction_history,annualized_order_frequency,click_rate,add_to_cart_rate,email_open_share,future_orders,future_revenue,churned,churn_probability,churn_probability_percentage,predicted_churn,rfm_recency_score,rfm_frequency_score,rfm_monetary_score,rfm_score,rfm_total_score,rfm_segment,churn_risk,customer_value,expected_revenue_at_risk,expected_profit_at_risk,retention_score,retention_priority,retention_action,retention_rank
C00161,low,referral,Mumbai,18,female,1,2,47274,36400.98,36716.0,-315.0199999999968,-0.87,36400.98,2025-09-11,2025-09-11,111,0,30,18,6,2,4,3,4,1,1.0,0.2,0.0667,0.1333,0,0.0,1,0.9762599206349206,97.62599206349206,1,1,1,1,111,3,Hibernating,High Risk,47274.0,46151.711488095236,46151.711488095236,0.9699123374984746,High,Targeted retention campaign,1
C00819,low,organic,Hyderabad,42,male,5,10,181496,173353.49000000002,133543.69,39809.8,22.96,34670.7,2024-04-22,2025-03-12,294,324,58,29,14,9,6,3,4,1,5.63,0.2414,0.1552,0.1034,0,0.0,1,0.9763698462485227,97.63698462485227,1,1,2,2,122,5,Hibernating,High Risk,39809.8,177207.22161472187,38869.08830518444,0.9638355350609826,High,Targeted retention campaign,2
C00134,low,organic,Jaipur,36,other,1,3,147741,141831.36,105299.7,36531.65999999997,25.76,141831.36,2025-02-14,2025-02-14,320,0,62,34,18,7,3,3,4,1,1.0,0.2903,0.1129,0.0484,0,0.0,1,0.9802256297446514,98.02256297446515,1,1,1,2,112,4,Hibernating,High Risk,36531.65999999997,144819.51476410456,35809.26942911746,0.9632162353028724,High,Targeted retention campaign,3
C01082,low,organic,Chennai,64,male,5,13,208281,178617.72,142693.25999999998,35924.46000000001,20.11,35723.54,2024-11-21,2025-09-12,110,295,91,60,11,12,8,3,4,1,6.19,0.1209,0.1319,0.0879,0,0.0,1,0.9601861341273108,96.01861341273109,1,1,2,3,123,6,Hibernating,High Risk,35924.46000000001,199988.52820217042,34494.16836801122,0.949854198331211,High,Targeted retention campaign,4
C00341,low,organic,Mumbai,30,female,1,2,90422,89517.78,68421.32,21096.459999999992,23.57,89517.78,2024-02-28,2024-02-28,672,0,13,8,1,2,2,3,4,1,1.0,0.0769,0.1538,0.1538,0,0.0,1,0.9885341614906832,98.85341614906832,1,1,1,2,112,4,Hibernating,High Risk,21096.459999999992,89385.23595031055,20854.57139652173,0.9488637614144029,High,Targeted retention campaign,5
C00620,low,organic,Kolkata,32,female,1,2,83204,79875.84,54922.98,24952.859999999997,31.24,79875.84,2025-05-09,2025-05-09,236,0,27,9,12,3,3,3,4,1,1.0,0.4444,0.1111,0.1111,0,0.0,1,0.9737846575224293,97.37846575224293,1,1,1,2,112,4,Hibernating,High Risk,24952.859999999997,81022.77864449621,24298.71222930512,0.9454812230177227,High,Targeted retention campaign,6
C00482,low,ads,Jaipur,47,male,2,6,75072,70133.15999999999,51008.04,19125.11999999999,27.27,35066.58,2025-06-21,2025-09-30,92,101,30,18,6,5,1,3,4,1,7.23,0.2,0.1667,0.0333,0,0.0,1,0.9838938492063493,98.38938492063492,1,1,1,2,112,4,Hibernating,High Risk,19125.11999999999,73862.87904761905,18817.087933333325,0.9424023546961244,High,Targeted retention campaign,7
C00424,low,ads,Delhi,48,male,2,3,101125,95531.12,68977.66,26553.46,27.8,47765.56,2025-03-25,2025-07-17,167,114,47,19,15,9,4,3,4,1,6.4,0.3191,0.1915,0.0851,0,0.0,1,0.9638772130647131,96.3877213064713,1,1,1,2,112,4,Hibernating,High Risk,26553.46,97472.08317116911,25594.275022025337,0.9413947517684798,High,Targeted retention campaign,8
C01195,low,organic,Kolkata,48,male,2,3,73286,73175.6,53874.23,19301.37,26.38,36587.8,2024-03-01,2024-05-01,609,61,31,15,8,4,4,3,4,1,11.97,0.2581,0.129,0.129,0,0.0,1,0.9812667748917749,98.1266774891775,1,1,1,2,112,4,Hibernating,High Risk,19301.37,71913.11686471861,18939.793090892857,0.9410585928325501,High,Targeted retention campaign,9
C00322,low,ads,Mumbai,33,female,4,6,66265,58773.45,42379.21,16394.239999999998,27.89,14693.36,2024-04-17,2024-12-22,374,249,58,27,14,10,7,3,4,1,5.86,0.2414,0.1724,0.1207,0,0.0,1,0.9787525676937442,97.87525676937442,1,1,2,2,122,5,Hibernating,High Risk,16394.239999999998,64857.03889822596,16045.904495387487,0.933619378617785,High,Targeted retention campaign,10
C00573,low,referral,Bangalore,25,male,1,1,41602,41185.98,27461.49,13724.490000000002,33.32,41185.98,2025-01-22,2025-01-22,343,0,41,22,9,4,6,3,4,1,1.0,0.2195,0.0976,0.1463,0,0.0,1,0.9878650793650795,98.78650793650795,1,1,1,1,111,3,Hibernating,High Risk,13724.490000000002,41097.16303174604,13557.944403095242,0.9330607787460636,High,Targeted retention campaign,11
C00566,low,ads,Bhubaneswar,24,male,4,5,113855,102943.91,82201.03,20742.87999999999,20.15,25735.98,2024-04-28,2024-06-09,570,42,23,11,6,5,1,3,4,1,34.76,0.2609,0.2174,0.0435,0,0.0,1,0.9612209465371232,96.12209465371232,1,1,2,2,122,5,Hibernating,High Risk,20742.87999999999,109439.81086798417,19938.49074750595,0.9308690962288177,High,Targeted retention campaign,12
C00023,low,organic,Delhi,41,female,1,2,33550,31537.0,20262.08,11274.919999999998,35.75,31537.0,2025-02-24,2025-02-24,310,0,9,3,4,2,0,2,3,1,1.0,0.4444,0.2222,0.0,0,0.0,1,0.9924930555555557,99.24930555555557,1,1,1,1,111,3,Hibernating,High Risk,11274.919999999998,33298.14201388889,11190.279801944444,0.9289729434031706,High,Targeted retention campaign,13
C00587,low,organic,Hyderabad,35,female,2,4,134204,126956.16999999998,105991.54,20964.62999999999,16.51,63478.08,2025-11-23,2025-12-14,17,21,4,0,2,2,0,2,2,1,34.76,0.5,0.5,0.0,0,0.0,1,0.9549595404595407,95.49595404595406,1,3,1,2,312,6,Needs Attention,High Risk,20964.62999999999,128159.3901678322,20020.37343070429,0.9272588422157515,High,Targeted retention campaign,14
C00040,low,ads,Ahmedabad,27,female,2,4,121068,110776.2,79460.98999999999,31315.210000000006,28.27,55388.1,2025-12-02,2025-12-24,7,22,6,3,1,2,0,2,3,1,33.18,0.1667,0.3333,0.0,0,0.0,1,0.9315684523809525,93.15684523809526,1,4,1,2,412,7,Recent Customers,High Risk,31315.210000000006,112783.12939285717,29172.261715684534,0.9266897774422674,High,Targeted retention campaign,15
C00546,low,referral,Mumbai,30,male,2,5,31440,30913.32,21259.9,9653.419999999998,31.23,15456.66,2024-08-08,2024-08-27,491,19,13,4,6,0,3,3,3,1,38.42,0.4615,0.0,0.2308,0,0.0,1,0.9942688492063492,99.42688492063492,1,1,1,1,111,3,Hibernating,High Risk,9653.419999999998,31259.812619047618,9598.094794305553,0.9245489817331671,High,Targeted retention campaign,16
C01138,low,organic,Bhubaneswar,33,male,7,18,128286,120963.0,87645.92,33317.08,27.54,17280.43,2024-01-17,2025-10-15,77,637,124,63,27,25,9,3,4,1,4.01,0.2177,0.2016,0.0726,0,0.0,1,0.9243144433181202,92.43144433181202,1,1,2,2,122,5,Hibernating,High Risk,33317.08,118576.60267550836,30795.458253185276,0.9242741981320381,High,Targeted retention campaign,17
C00529,low,organic,Ahmedabad,29,male,2,6,61530,57506.13,44825.97,12680.159999999996,22.05,28753.06,2025-06-21,2025-07-05,179,14,20,7,8,4,1,3,4,1,52.14,0.4,0.2,0.05,0,0.0,1,0.9779076479076481,97.79076479076481,1,1,1,2,112,4,Hibernating,High Risk,12680.159999999996,60170.657575757585,12400.02544069264,0.9238932553043555,High,Targeted retention campaign,18
C00927,low,referral,Bangalore,22,male,2,5,94247,85942.24,71330.84000000001,14611.399999999998,17.0,42971.12,2025-01-01,2025-01-22,343,21,26,10,7,5,4,3,4,1,34.76,0.2692,0.1923,0.1538,0,0.0,1,0.9677811147186148,96.77811147186148,1,1,1,2,112,4,Hibernating,High Risk,14611.399999999998,91210.46671888529,14140.636979599567,0.9225154818379234,High,Targeted retention campaign,19
C01085,low,organic,Ahmedabad,42,female,3,6,59870,57238.9,45398.16,11840.739999999998,20.69,19079.63,2024-06-12,2025-03-27,279,288,48,24,7,11,6,3,4,1,3.8,0.1458,0.2292,0.125,0,0.0,1,0.9765356110392873,97.65356110392874,1,1,1,2,112,4,Hibernating,High Risk,11840.739999999998,58465.187032922135,11562.904271057329,0.920570065727362,High,Targeted retention campaign,20
C00058,low,referral,Mumbai,44,male,3,6,149476,143158.32,105344.23,37814.08999999999,26.41,47719.44,2025-05-20,2025-10-21,71,154,71,36,18,10,7,3,4,1,7.11,0.2535,0.1408,0.0986,0,0.0,1,0.9113836926961929,91.13836926961929,1,1,1,2,112,4,Hibernating,High Risk,37814.08999999999,136229.98884945613,34463.14498014617,0.9205405493420344,High,Targeted retention campaign,21
C00060,low,ads,Pune,54,male,1,2,56226,52852.44,37689.18,15163.259999999997,28.69,52852.44,2025-02-01,2025-02-01,333,0,69,35,13,13,8,3,4,1,1.0,0.1884,0.1884,0.1159,0,0.0,1,0.9621839133089134,96.21839133089134,1,1,1,2,112,4,Hibernating,High Risk,15163.259999999997,54099.75270970696,14589.844845320511,0.9202757101028005,High,Targeted retention campaign,22
C00881,low,organic,Hyderabad,26,female,1,2,81416,74088.56,56032.88,18055.68,24.37,74088.56,2025-12-01,2025-12-01,30,0,4,2,2,0,0,2,2,1,1.0,0.5,0.0,0.0,0,0.0,1,0.9504011347951565,95.04011347951565,1,2,1,2,212,5,Hibernating,High Risk,18055.68,77377.85879048247,17160.138761498212,0.9190097929920522,High,Targeted retention campaign,23
C00600,low,organic,Kolkata,41,male,1,1,33217,32884.83,25227.08,7657.75,23.29,32884.83,2024-03-18,2024-03-18,653,0,8,5,1,1,1,3,4,1,1.0,0.125,0.125,0.125,0,0.0,1,0.9972310606060607,99.72310606060607,1,1,1,1,111,3,Hibernating,High Risk,7657.75,33125.024140151516,7636.546154356061,0.9181496226976074,High,Targeted retention campaign,24
C00588,low,organic,Delhi,58,female,1,2,47274,45383.04,36716.0,8667.04,19.1,45383.04,2024-02-23,2024-02-23,677,0,14,6,3,3,2,3,4,1,1.0,0.2143,0.2143,0.1429,0,0.0,1,0.9891666666666667,98.91666666666667,1,1,1,1,111,3,Hibernating,High Risk,8667.04,46761.865000000005,8573.147066666668,0.9174486534164104,High,Targeted retention campaign,25
C00890,low,ads,Bhubaneswar,43,male,2,6,27948,26261.49,17989.949999999997,8271.54,31.5,13130.74,2024-01-27,2024-02-16,684,20,13,4,4,4,1,3,4,1,36.5,0.3077,0.3077,0.0769,0,0.0,1,0.9891480158730157,98.91480158730157,1,1,1,1,111,3,Hibernating,High Risk,8271.54,27644.708747619043,8181.777379214285,0.9157663056904043,High,Targeted retention campaign,26
C01207,low,organic,Pune,37,male,1,2,23938,22980.48,16279.78,6700.699999999999,29.16,22980.48,2025-02-18,2025-02-18,316,0,22,12,3,6,1,3,4,1,1.0,0.1364,0.2727,0.0455,0,0.0,1,0.9985416666666667,99.85416666666667,1,1,1,1,111,3,Hibernating,High Risk,6700.699999999999,23903.090416666666,6690.928145833333,0.9142081487107259,High,Targeted retention campaign,27
C00067,low,ads,Bhubaneswar,22,female,2,4,22235,21677.15,13434.97,8242.179999999998,38.02,10838.58,2025-09-22,2025-10-01,91,9,15,8,4,2,1,3,4,1,81.11,0.2667,0.1333,0.0667,0,0.0,1,0.9831011904761907,98.31011904761907,1,1,1,1,111,3,Hibernating,High Risk,8242.179999999998,21859.2549702381,8102.896970119048,0.9117917245295901,High,Targeted retention campaign,28
C01144,low,ads,Ahmedabad,39,male,1,3,19950,19750.5,13749.39,6001.110000000001,30.38,19750.5,2024-05-31,2024-05-31,579,0,10,5,3,2,0,2,3,1,1.0,0.3,0.2,0.0,0,0.0,1,1.0,100.0,1,1,1,1,111,3,Hibernating,High Risk,6001.110000000001,19950.0,6001.110000000001,0.9111917268241423,High,Targeted retention campaign,29
C01224,low,ads,Ahmedabad,31,other,2,6,28746,27521.22,20969.16,6552.060000000001,23.81,13760.61,2025-05-11,2025-05-22,223,11,9,5,1,3,0,2,3,1,66.36,0.1111,0.3333,0.0,0,0.0,1,0.9949523809523809,99.4952380952381,1,1,1,1,111,3,Hibernating,High Risk,6552.060000000001,28600.901142857143,6518.987697142858,0.9111235074950752,High,Targeted retention campaign,30
C01038,low,organic,Chennai,19,female,1,2,35842,34408.32,28109.36,6298.959999999999,18.31,34408.32,2025-07-19,2025-07-19,165,0,12,7,4,0,1,3,3,1,1.0,0.3333,0.0,0.0833,0,0.0,1,0.9940167748917749,99.40167748917749,1,1,1,1,111,3,Hibernating,High Risk,6298.959999999999,35627.549245671,6261.271904372294,0.9091195711408125,High,Targeted retention campaign,31
C00474,low,referral,Bangalore,48,male,1,1,26494,26229.06,19782.38,6446.68,24.58,26229.06,2025-08-05,2025-08-05,148,0,33,15,10,6,2,3,4,1,1.0,0.303,0.1818,0.0606,0,0.0,1,0.9913303571428571,99.13303571428571,1,1,1,1,111,3,Hibernating,High Risk,6446.68,26264.306482142856,6390.789586785714,0.9082399711105382,High,Targeted retention campaign,32
C00362,low,organic,Chennai,30,female,2,6,43005,39624.45,33153.509999999995,6470.940000000004,16.33,19812.23,2024-06-16,2024-09-04,483,80,36,20,5,5,6,3,4,1,9.13,0.1389,0.1389,0.1667,0,0.0,1,0.9890138888888891,98.9013888888889,1,1,1,1,111,3,Hibernating,High Risk,6470.940000000004,42532.54229166667,6399.849534166672,0.906900755509246,High,Targeted retention campaign,33
C01191,low,ads,Jaipur,22,other,4,9,33963,33114.69,24702.08,8412.61,25.4,8278.67,2024-09-07,2025-03-25,281,199,46,21,16,8,1,3,4,1,7.34,0.3478,0.1739,0.0217,0,0.0,1,0.9713735994397759,97.13735994397759,1,1,2,1,121,4,Hibernating,High Risk,8412.61,32990.761557773105,8171.787256383053,0.9050579589133835,High,Targeted retention campaign,34
C00704,low,referral,Delhi,30,male,1,3,16386,16058.28,11055.84,5002.439999999999,31.15,16058.28,2024-02-10,2024-02-10,690,0,12,7,2,2,1,2,4,1,1.0,0.1667,0.1667,0.0833,0,0.0,1,0.9990178571428572,99.90178571428572,1,1,1,1,111,3,Hibernating,High Risk,5002.439999999999,16369.906607142857,4997.526889285713,0.9040577343538259,High,Targeted retention campaign,35
C00671,low,organic,Pune,41,male,1,3,19950,18952.5,13749.39,5203.110000000001,27.45,18952.5,2024-11-20,2024-11-20,406,0,19,11,0,2,6,3,3,1,1.0,0.0,0.1053,0.3158,0,0.0,1,0.9942559523809524,99.42559523809524,1,1,1,1,111,3,Hibernating,High Risk,5203.110000000001,19835.40625,5173.223088392858,0.9024362903430916,High,Targeted retention campaign,36
C00299,low,organic,Jaipur,29,female,4,7,37076,35038.98,27739.85,7299.13,20.83,8759.75,2024-12-19,2025-10-01,91,286,110,69,20,14,7,3,4,1,5.1,0.1818,0.1273,0.0636,0,0.0,1,0.9737484190645955,97.37484190645955,1,1,2,1,121,4,Hibernating,High Risk,7299.13,36102.696385238945,7107.516298046961,0.9014923867336414,High,Targeted retention campaign,37
C00207,low,referral,Bangalore,31,male,1,1,17868,17331.96,12726.29,4605.669999999998,26.57,17331.96,2024-06-13,2024-06-13,566,0,13,7,2,3,1,3,4,1,1.0,0.1538,0.2308,0.0769,0,0.0,1,0.9979595238095237,99.79595238095237,1,1,1,1,111,3,Hibernating,High Risk,4605.669999999998,17831.54077142857,4596.272240023807,0.9004295207740103,High,Targeted retention campaign,38
C01158,low,ads,Ahmedabad,54,female,1,3,124806,88612.26,82384.47,6227.789999999994,7.03,88612.26,2025-03-21,2025-03-21,285,0,6,2,3,1,0,2,3,1,1.0,0.5,0.1667,0.0,0,0.0,1,0.9805415117792837,98.05415117792838,1,1,1,2,112,4,Hibernating,High Risk,6227.789999999994,122377.46391912528,6106.606621643899,0.9001398820678346,High,Targeted retention campaign,39
C01121,low,referral,Chennai,24,male,2,4,22294,20468.94,15878.88,4590.06,22.42,10234.47,2024-08-18,2024-08-31,487,13,34,15,7,6,6,3,4,1,56.15,0.2059,0.1765,0.1765,0,0.0,1,0.9953124999999998,99.53124999999999,1,1,1,1,111,3,Hibernating,High Risk,4590.06,22189.496874999997,4568.54409375,0.8986249105583235,High,Targeted retention campaign,40
C00120,low,organic,Delhi,18,male,1,1,4758,3378.18,3463.85,-85.67000000000007,-2.54,3378.18,2024-03-06,2024-03-06,665,0,23,11,7,3,2,3,4,1,1.0,0.3043,0.1304,0.087,0,0.0,1,0.9896936507936506,98.96936507936506,1,1,1,1,111,3,Hibernating,High Risk,4758.0,4708.962390476189,4708.962390476189,0.896336224484624,High,Targeted retention campaign,41
C00708,low,organic,Delhi,25,male,1,2,15078,14474.88,10526.94,3947.939999999999,27.27,14474.88,2024-09-13,2024-09-13,474,0,15,6,2,5,2,3,4,1,1.0,0.1333,0.3333,0.1333,0,0.0,1,0.9992857142857143,99.92857142857143,1,1,1,1,111,3,Hibernating,High Risk,3947.939999999999,15067.230000000001,3945.1200428571424,0.895762115710149,High,Targeted retention campaign,42
C00196,low,organic,Mumbai,44,female,1,3,19950,17755.5,13749.39,4006.1100000000006,22.56,17755.5,2025-06-10,2025-06-10,204,0,5,2,3,0,0,2,2,1,1.0,0.6,0.0,0.0,0,0.0,1,0.9983988095238095,99.83988095238095,1,1,1,1,111,3,Hibernating,High Risk,4006.1100000000006,19918.05625,3999.6954548214294,0.8957212835021555,High,Targeted retention campaign,43
C01079,low,ads,Pune,47,female,1,3,3825,2907.0,2909.52,-2.519999999999982,-0.09,2907.0,2024-06-07,2024-06-07,572,0,9,3,4,1,1,3,4,1,1.0,0.4444,0.1111,0.1111,0,0.0,1,0.9982641178266178,99.82641178266178,1,1,1,1,111,3,Hibernating,High Risk,3825.0,3818.3602506868133,3818.3602506868133,0.8939812804955982,High,Targeted retention campaign,44
C00102,low,organic,Kolkata,40,female,2,4,35687,32727.230000000003,27220.37,5506.860000000003,16.83,16363.62,2024-05-28,2024-07-26,523,59,38,17,8,7,6,3,4,1,12.37,0.2105,0.1842,0.1579,0,0.0,1,0.9771289682539682,97.71289682539683,1,1,1,1,111,3,Hibernating,High Risk,5506.860000000003,34870.801490079364,5380.91243011905,0.8935678019628697,High,Targeted retention campaign,45
C01213,low,organic,Jaipur,47,female,1,2,18190,17644.3,14154.66,3489.6399999999994,19.78,17644.3,2024-12-09,2024-12-09,387,0,24,15,2,3,4,3,4,1,1.0,0.0833,0.125,0.1667,0,0.0,1,1.0,100.0,1,1,1,1,111,3,Hibernating,High Risk,3489.6399999999994,18190.0,3489.6399999999994,0.8918036130465379,High,Targeted retention campaign,46
C00138,low,ads,Jaipur,20,male,1,1,9441,9441.0,6212.42,3228.58,34.2,9441.0,2024-09-06,2024-09-06,481,0,16,8,3,2,3,3,4,1,1.0,0.1875,0.125,0.1875,0,0.0,1,0.9994059829059829,99.94059829059829,1,1,1,1,111,3,Hibernating,High Risk,3228.58,9435.391884615385,3226.6621682905984,0.8886454680046001,High,Targeted retention campaign,47
C00116,low,referral,Mumbai,47,male,2,4,11680,11589.31,7587.200000000001,4002.109999999999,34.53,5794.65,2024-06-20,2024-06-30,549,10,20,11,3,6,0,2,3,1,73.0,0.15,0.3,0.0,0,0.0,1,0.9843293650793651,98.4329365079365,1,1,1,1,111,3,Hibernating,High Risk,4002.109999999999,11496.966984126984,3939.394395277777,0.8867363682076466,High,Targeted retention campaign,48
C00035,low,ads,Jaipur,18,female,1,2,11260,10471.8,6832.3,3639.499999999999,34.76,10471.8,2025-05-31,2025-05-31,214,0,5,4,1,0,0,2,2,1,1.0,0.2,0.0,0.0,0,0.0,1,0.9889166666666667,98.89166666666667,1,1,1,1,111,3,Hibernating,High Risk,3639.499999999999,11135.201666666666,3599.1622083333323,0.8862586754863948,High,Targeted retention campaign,49
C01169,low,referral,Kolkata,31,female,1,2,15830,15355.1,12006.54,3348.5599999999995,21.81,15355.1,2024-08-04,2024-08-04,514,0,9,6,0,1,2,3,3,1,1.0,0.0,0.1111,0.2222,0,0.0,1,0.9927053571428572,99.27053571428573,1,1,1,1,111,3,Hibernating,High Risk,3348.5599999999995,15714.52580357143,3324.1334507142856,0.8856893030679085,High,Targeted retention campaign,50
C00269,low,organic,Bhubaneswar,23,female,4,7,50951,40173.58,33877.270000000004,6296.309999999998,15.67,10043.4,2024-10-30,2025-02-25,309,118,79,39,22,11,7,3,4,1,12.37,0.2785,0.1392,0.0886,0,0.0,1,0.9549680258467026,95.49680258467026,1,1,2,1,121,4,Hibernating,High Risk,6296.309999999998,48656.57588491534,6012.77473081885,0.8842419911026391,High,Targeted retention campaign,51
C00884,low,organic,Kolkata,44,female,3,6,40670,34432.09,29421.7,5010.390000000001,14.55,11477.36,2024-02-03,2025-01-03,362,335,118,61,31,17,9,3,4,1,3.27,0.2627,0.1441,0.0763,0,0.0,1,0.9673665648077414,96.73665648077414,1,1,1,1,111,3,Hibernating,High Risk,5010.390000000001,39342.79819073084,4846.88376264706,0.8839723708533928,High,Targeted retention campaign,52
C00688,low,ads,Pune,54,female,1,2,13300,12236.0,9166.26,3069.74,25.09,12236.0,2024-02-25,2024-02-25,675,0,14,6,4,3,1,3,4,1,1.0,0.2857,0.2143,0.0714,0,0.0,1,0.9931155067155066,99.31155067155066,1,1,1,1,111,3,Hibernating,High Risk,3069.74,13208.43623931624,3048.606395584859,0.8828414099889363,High,Targeted retention campaign,53
C00180,low,ads,Ahmedabad,37,female,2,4,20790,18718.4,15259.46,3458.9399999999982,18.48,9359.2,2025-10-30,2025-11-10,51,11,15,13,1,1,0,2,3,1,66.36,0.0667,0.0667,0.0,0,0.0,1,0.9857222222222224,98.57222222222224,1,2,1,1,211,4,Hibernating,High Risk,3458.9399999999982,20493.165000000005,3409.554023333332,0.8824067187315086,High,Targeted retention campaign,54
C00375,low,organic,Chennai,25,male,3,7,14878,13915.48,9912.24,4003.24,28.77,4638.49,2024-06-25,2024-08-09,509,45,17,6,9,1,1,3,4,1,24.33,0.5294,0.0588,0.0588,0,0.0,1,0.9775076806363571,97.7507680636357,1,1,2,1,121,4,Hibernating,High Risk,4003.24,14543.35927250772,3913.1978474306898,0.8824047591636442,High,Targeted retention campaign,55
C00031,low,organic,Delhi,36,male,2,4,18054,17058.54,13827.88,3230.659999999999,18.94,8529.27,2024-09-14,2024-10-08,449,24,13,5,3,2,3,3,4,1,30.42,0.2308,0.1538,0.2308,0,0.0,1,0.9895228174603174,98.95228174603174,1,1,1,1,111,3,Hibernating,High Risk,3230.659999999999,17864.84494642857,3196.811785456348,0.8823832205460715,High,Targeted retention campaign,56
C00785,low,ads,Kolkata,30,male,3,5,22014,20394.48,14601.94,5792.539999999999,28.4,6798.16,2025-05-13,2025-07-29,155,77,24,11,7,6,0,2,3,1,14.22,0.2917,0.25,0.0,0,0.0,1,0.9567041716453479,95.6704171645348,1,1,2,1,121,4,Hibernating,High Risk,5792.539999999999,21060.88563460069,5541.747182422543,0.8823662160740567,High,Targeted retention campaign,57
C00355,low,ads,Mumbai,39,female,1,3,24999,21499.14,18710.94,2788.2000000000007,12.97,21499.14,2024-07-28,2024-07-28,521,0,11,4,3,3,1,3,4,1,1.0,0.2727,0.2727,0.0909,0,0.0,1,0.9967750000000001,99.67750000000001,1,1,1,1,111,3,Hibernating,High Risk,2788.2000000000007,24918.378225,2779.208055000001,0.8817288808086609,High,Targeted retention campaign,58
C00030,low,ads,Pune,44,female,1,1,9498,9403.02,6597.37,2805.6500000000005,29.84,9403.02,2024-02-14,2024-02-14,686,0,7,6,0,1,0,2,2,1,1.0,0.0,0.1429,0.0,0,0.0,1,0.9929285714285715,99.29285714285714,1,1,1,1,111,3,Hibernating,High Risk,2805.6500000000005,9430.835571428572,2785.810046428572,0.87950586314297,High,Targeted retention campaign,59
C00454,low,organic,Delhi,34,male,3,6,15633,14559.98,10539.53,4020.45,27.61,4853.33,2024-07-21,2025-06-23,191,337,98,49,25,17,7,3,4,1,3.25,0.2551,0.1735,0.0714,0,0.0,1,0.9722982928019691,97.22982928019691,1,1,2,1,121,4,Hibernating,High Risk,4020.45,15199.939211373183,3909.0766712956765,0.8792414454478942,High,Targeted retention campaign,60
C00776,low,referral,Hyderabad,33,female,1,3,16917,13702.77,11201.82,2500.9500000000007,18.25,13702.77,2024-08-28,2024-08-28,490,0,14,7,1,4,2,3,4,1,1.0,0.0714,0.2857,0.1429,0,0.0,1,0.9984761904761905,99.84761904761905,1,1,1,1,111,3,Hibernating,High Risk,2500.9500000000007,16891.221714285715,2497.139028571429,0.8789229619221532,High,Targeted retention campaign,61
C00151,low,referral,Bhubaneswar,20,female,1,1,6509,6509.0,4062.84,2446.16,37.58,6509.0,2024-08-04,2024-08-04,514,0,14,5,5,2,2,3,4,1,1.0,0.3571,0.1429,0.1429,0,0.0,1,0.9985416666666665,99.85416666666666,1,1,1,1,111,3,Hibernating,High Risk,2446.16,6499.507708333333,2442.592683333333,0.8781725704550963,High,Targeted retention campaign,62
C00872,low,referral,Pune,20,female,2,6,14454,13509.72,9711.36,3798.36,28.12,6754.86,2025-06-11,2025-08-04,149,54,16,8,4,2,2,3,4,1,13.52,0.25,0.125,0.125,0,0.0,1,0.9731209415584416,97.31209415584416,1,1,1,1,111,3,Hibernating,High Risk,3798.36,14065.490089285715,3696.2636595779227,0.8777332188764708,High,Targeted retention campaign,63
C00616,low,organic,Hyderabad,21,male,2,4,28652,26646.64,19123.98,7522.660000000001,28.23,13323.32,2025-03-30,2025-12-29,2,274,67,35,18,8,6,3,4,1,2.66,0.2687,0.1194,0.0896,0,0.0,1,0.9338308982683984,93.38308982683984,1,5,1,1,511,7,Recent Customers,High Risk,7522.660000000001,26756.12289718615,7024.89234516775,0.8771236793585974,High,Targeted retention campaign,64
C00891,low,ads,Jaipur,34,other,1,1,8250,7672.499999999999,5292.91,2379.5899999999992,31.01,7672.5,2024-07-26,2024-07-26,523,0,6,3,1,1,1,3,4,1,1.0,0.1667,0.1667,0.1667,0,0.0,1,0.9970250305250304,99.70250305250305,1,1,1,1,111,3,Hibernating,High Risk,2379.5899999999992,8225.4565018315,2372.5107923870564,0.8762217200991478,High,Targeted retention campaign,65
C00902,low,referral,Bhubaneswar,33,female,1,2,8202,7791.9,5400.0,2391.9,30.7,7791.9,2025-09-24,2025-09-24,98,0,16,10,2,1,3,3,4,1,1.0,0.125,0.0625,0.1875,0,0.0,1,0.9966845238095238,99.66845238095237,1,1,1,1,111,3,Hibernating,High Risk,2391.9,8174.806464285714,2383.9697125,0.876189690845874,High,Targeted retention campaign,66
C00339,low,organic,Mumbai,28,male,1,3,7440,7216.8,4879.38,2337.42,32.39,7216.8,2024-04-01,2024-04-01,639,0,14,6,4,1,3,3,4,1,1.0,0.2857,0.0714,0.2143,0,0.0,1,0.9960595238095238,99.60595238095237,1,1,1,1,111,3,Hibernating,High Risk,2337.42,7410.682857142857,2328.209452142857,0.87496846863377,High,Targeted retention campaign,67
C00042,low,ads,Bhubaneswar,26,male,1,3,35103,28784.460000000003,26543.22,2241.2400000000016,7.79,28784.46,2025-08-03,2025-08-03,150,0,9,3,3,1,2,2,4,1,1.0,0.3333,0.1111,0.2222,0,0.0,1,0.9979476495726496,99.79476495726496,1,1,1,1,111,3,Hibernating,High Risk,2241.2400000000016,35030.95634294872,2236.6401901282065,0.8746667247922109,High,Targeted retention campaign,68
C00378,low,ads,Ahmedabad,24,male,3,7,13231,12166.9,9155.64,3011.26,24.75,4055.63,2024-06-19,2024-09-13,474,86,45,24,10,5,6,3,4,1,12.73,0.2222,0.1111,0.1333,0,0.0,1,0.9771959298871065,97.71959298871064,1,1,2,1,121,4,Hibernating,High Risk,3011.26,12929.279348336306,2942.5910158318484,0.8720240505283559,High,Targeted retention campaign,69
C01183,low,ads,Bangalore,53,female,1,1,8497,8412.03,5570.09,2841.9400000000005,33.78,8412.03,2025-03-21,2025-03-21,285,0,36,20,7,7,2,3,4,1,1.0,0.1944,0.1944,0.0556,0,0.0,1,0.9797442765567768,97.97442765567767,1,1,1,1,111,3,Hibernating,High Risk,2841.9400000000005,8324.887117902932,2784.3744493177664,0.8715768550647469,High,Targeted retention campaign,70
C01192,low,referral,Pune,48,female,1,1,11069,10736.93,8729.57,2007.3600000000008,18.7,10736.93,2025-03-21,2025-03-21,285,0,21,15,1,1,4,3,4,1,1.0,0.0476,0.0476,0.1905,0,0.0,1,0.9984583333333333,99.84583333333333,1,1,1,1,111,3,Hibernating,High Risk,2007.3600000000008,11051.935291666667,2004.2653200000009,0.8710511489734644,High,Targeted retention campaign,71
C00082,low,organic,Hyderabad,25,female,1,3,7569,7266.24,4880.25,2385.99,32.84,7266.24,2025-04-19,2025-04-19,256,0,6,4,1,0,1,3,3,1,1.0,0.1667,0.0,0.1667,0,0.0,1,0.9887232142857141,98.87232142857141,1,1,1,1,111,3,Hibernating,High Risk,2385.99,7483.64600892857,2359.0837020535705,0.871037704455214,High,Targeted retention campaign,72
C00790,low,referral,Bangalore,26,male,1,3,8220,7480.2,5225.28,2254.92,30.15,7480.2,2024-05-12,2024-05-12,598,0,23,13,7,3,0,2,3,1,1.0,0.3043,0.1304,0.0,0,0.0,1,0.9912916666666668,99.12916666666668,1,1,1,1,111,3,Hibernating,High Risk,2254.92,8148.417500000001,2235.2834050000006,0.8706514396326154,High,Targeted retention campaign,73
C00398,medium,referral,Chennai,47,female,23,43,535988,476245.96,384490.06,91755.89999999998,19.27,20706.35,2024-05-22,2025-12-10,21,567,265,153,58,29,25,3,4,1,14.81,0.2189,0.1094,0.0943,0,0.0,1,0.7832869325323374,78.32869325323374,1,3,4,4,344,11,High Value,High Risk,91755.89999999998,419832.3963941425,71871.19745274389,0.8699721595194024,High,Targeted retention campaign,74
C00971,low,referral,Ahmedabad,23,male,1,3,7440,6844.8,4879.38,1965.42,28.71,6844.8,2024-11-25,2024-11-25,401,0,19,10,3,3,3,3,4,1,1.0,0.1579,0.1579,0.1579,0,0.0,1,0.9972916666666667,99.72916666666667,1,1,1,1,111,3,Hibernating,High Risk,1965.42,7419.85,1960.0969875,0.8695544724293185,High,Targeted retention campaign,75
C00699,low,organic,Jaipur,33,female,1,3,5859,4570.02,4636.47,-66.44999999999982,-1.45,4570.02,2025-12-21,2025-12-21,10,0,10,6,1,2,1,3,4,1,1.0,0.1,0.2,0.1,0,0.0,1,0.9352539751914758,93.52539751914757,1,4,1,1,411,6,Recent Customers,High Risk,5859.0,5479.653040646856,5479.653040646856,0.8690931167064115,High,Targeted retention campaign,76
C00401,low,ads,Bangalore,18,male,1,1,6509,6053.37,4062.84,1990.53,32.88,6053.37,2024-03-02,2024-03-02,669,0,9,5,2,2,0,2,3,1,1.0,0.2222,0.2222,0.0,0,0.0,1,0.9942857142857143,99.42857142857143,1,1,1,1,111,3,Hibernating,High Risk,1990.53,6471.805714285714,1979.155542857143,0.8680968440090204,High,Targeted retention campaign,77
C00746,low,ads,Hyderabad,37,male,1,2,6146,6084.54,4001.62,2082.92,34.23,6084.54,2024-02-01,2024-02-01,699,0,9,3,2,3,1,2,4,1,1.0,0.2222,0.3333,0.1111,0,0.0,1,0.9915043956043956,99.15043956043957,1,1,1,1,111,3,Hibernating,High Risk,2082.92,6093.786015384616,2065.2243356923077,0.8679499664997311,High,Targeted retention campaign,78
C01013,low,ads,Bhubaneswar,20,male,2,5,11430,10859.04,7454.549999999999,3404.49,31.35,5429.52,2025-11-06,2025-11-27,34,21,22,7,7,5,3,3,4,1,34.76,0.3182,0.2273,0.1364,0,0.0,1,0.9624905753968257,96.24905753968257,1,2,1,1,211,4,Hibernating,High Risk,3404.49,11001.267276785718,3276.789539032739,0.8670474772037866,High,Targeted retention campaign,79
C01044,low,organic,Jaipur,27,male,1,3,6081,6020.19,4274.28,1745.91,29.0,6020.19,2024-06-20,2024-06-20,559,0,8,3,4,1,0,2,3,1,1.0,0.5,0.125,0.0,0,0.0,1,0.9993076923076923,99.93076923076923,1,1,1,1,111,3,Hibernating,High Risk,1745.91,6076.790076923077,1744.7012930769233,0.8666023659909015,High,Targeted retention campaign,80
C00472,low,organic,Pune,33,male,2,5,7505,7209.15,5343.46,1865.69,25.88,3604.57,2024-09-19,2024-12-10,386,82,18,10,3,3,2,3,4,1,8.9,0.1667,0.1667,0.1111,0,0.0,1,0.9943543650793651,99.43543650793652,1,1,1,1,111,3,Hibernating,High Risk,1865.69,7462.629509920635,1855.1569953849207,0.8658249079916713,High,Targeted retention campaign,81
C00394,low,organic,Jaipur,45,male,2,3,10497,9757.240000000002,6922.27,2834.9700000000003,29.06,4878.62,2025-04-16,2025-08-15,138,121,65,38,11,10,6,3,4,1,6.03,0.1692,0.1538,0.0923,0,0.0,1,0.9703838383838383,97.03838383838384,1,1,1,1,111,3,Hibernating,High Risk,2834.9700000000003,10186.119151515151,2751.0090703030305,0.8655295277467697,High,Targeted retention campaign,82
C01001,medium,ads,Bangalore,30,male,21,38,412183,371676.1,306623.89,65052.20999999999,17.5,17698.86,2024-12-28,2025-12-17,14,354,203,104,59,24,16,3,4,1,21.65,0.2906,0.1182,0.0788,0,0.0,1,0.7937998876123877,79.37998876123878,1,3,4,4,344,11,High Value,High Risk,65052.20999999999,327190.8190757368,51638.43698693744,0.8644543278209431,High,Targeted retention campaign,83
C00846,low,ads,Chennai,18,male,2,2,19417,16262.13,14067.63,2194.499999999999,13.49,8131.06,2025-07-23,2025-07-26,158,3,8,3,2,3,0,2,3,1,243.33,0.25,0.375,0.0,0,0.0,1,0.9772767857142856,97.72767857142856,1,1,1,1,111,3,Hibernating,High Risk,2194.499999999999,18975.78334821428,2144.6339062499987,0.860762351103755,High,Targeted retention campaign,84
C00146,low,referral,Ahmedabad,30,male,2,4,9338,8234.9,6444.04,1790.86,21.75,4117.45,2024-07-22,2024-08-12,506,21,39,21,9,6,3,3,4,1,34.76,0.2308,0.1538,0.0769,0,0.0,1,0.988686507936508,98.8686507936508,1,1,1,1,111,3,Hibernating,High Risk,1790.86,9232.354611111112,1770.5991196031746,0.8607564085408014,High,Targeted retention campaign,85
C00793,low,referral,Ahmedabad,38,female,1,2,5266,5213.34,3725.62,1487.7200000000005,28.54,5213.34,2025-04-02,2025-04-02,273,0,8,6,1,1,0,2,3,1,1.0,0.125,0.125,0.0,0,0.0,1,0.9984285714285714,99.84285714285714,1,1,1,1,111,3,Hibernating,High Risk,1487.7200000000005,5257.724857142857,1485.3821542857147,0.8603227200859245,High,Targeted retention campaign,86
C00113,low,ads,Hyderabad,18,male,1,2,7436,6766.76,5212.74,1554.0200000000004,22.97,6766.76,2025-01-20,2025-01-20,345,0,8,4,3,0,1,3,3,1,1.0,0.375,0.0,0.125,0,0.0,1,0.9958157051282052,99.58157051282052,1,1,1,1,111,3,Hibernating,High Risk,1554.0200000000004,7404.885583333334,1547.517522083334,0.8602198756966466,High,Targeted retention campaign,87
C00722,low,referral,Bangalore,52,male,1,3,6324,6071.04,4573.26,1497.7799999999995,24.67,6071.04,2024-03-19,2024-03-19,652,0,18,7,3,1,7,3,4,1,1.0,0.1667,0.0556,0.3889,0,0.0,1,0.9960833333333333,99.60833333333333,1,1,1,1,111,3,Hibernating,High Risk,1497.7799999999995,6299.231,1491.9136949999995,0.8590724140963459,High,Targeted retention campaign,88
C00997,low,ads,Pune,25,male,1,3,3747,3634.59,2258.2200000000003,1376.3699999999994,37.87,3634.59,2025-08-28,2025-08-28,125,0,8,5,2,1,0,2,3,1,1.0,0.25,0.125,0.0,0,0.0,1,0.9997499999999999,99.975,1,1,1,1,111,3,Hibernating,High Risk,1376.3699999999994,3746.0632499999997,1376.0259074999992,0.85838208974157,High,Targeted retention campaign,89
C00160,low,organic,Delhi,26,female,2,2,9587,8817.17,6306.9400000000005,2510.23,28.47,4408.59,2025-12-12,2025-12-20,11,8,9,3,2,4,0,2,3,1,91.25,0.2222,0.4444,0.0,0,0.0,1,0.9635833333333333,96.35833333333333,1,4,1,1,411,6,Recent Customers,High Risk,2510.23,9237.873416666667,2418.8157908333333,0.856847815992553,High,Targeted retention campaign,90
C00535,medium,referral,Mumbai,33,female,22,46,485624,420134.32,346852.7,73281.61999999998,17.44,19097.01,2024-10-17,2025-12-09,22,418,244,116,65,45,18,3,4,1,19.21,0.2664,0.1844,0.0738,0,0.0,1,0.7743518790237544,77.43518790237543,1,3,4,4,344,11,High Value,High Risk,73281.61999999998,376043.85689903167,56745.76014490472,0.8561590681328825,High,Targeted retention campaign,91
C00497,low,ads,Ahmedabad,39,female,1,2,6532,6270.719999999999,4643.2,1627.5199999999995,25.95,6270.72,2025-11-08,2025-11-08,53,0,3,1,2,0,0,2,2,1,1.0,0.6667,0.0,0.0,0,0.0,1,0.986576388888889,98.6576388888889,1,2,1,1,211,4,Hibernating,High Risk,1627.5199999999995,6444.316972222223,1605.6728044444442,0.8559950231355686,High,Targeted retention campaign,92
C00517,low,ads,Bhubaneswar,24,female,1,1,4994,4844.18,3514.97,1329.2100000000005,27.44,4844.18,2025-09-18,2025-09-18,104,0,29,14,9,3,3,3,4,1,1.0,0.3103,0.1034,0.1034,0,0.0,1,0.9972948717948718,99.72948717948718,1,1,1,1,111,3,Hibernating,High Risk,1329.2100000000005,4980.490589743589,1325.614316538462,0.8555749468695878,High,Targeted retention campaign,93
C00767,low,referral,Ahmedabad,45,female,1,3,25206,19156.56,17965.14,1191.420000000002,6.22,19156.56,2025-08-02,2025-08-02,151,0,8,4,3,0,1,3,3,1,1.0,0.375,0.0,0.125,0,0.0,1,0.9978333333333333,99.78333333333333,1,1,1,1,111,3,Hibernating,High Risk,1191.420000000002,25151.387,1188.838590000002,0.8520058350386018,High,Targeted retention campaign,94
C00827,low,organic,Chennai,23,female,1,3,11850,10072.5,8477.01,1595.4899999999998,15.84,10072.5,2025-11-03,2025-11-03,58,0,6,2,1,2,1,3,4,1,1.0,0.1667,0.3333,0.1667,0,0.0,1,0.979844246031746,97.9844246031746,1,2,1,1,211,4,Hibernating,High Risk,1595.4899999999998,11611.154315476191,1563.3316961011903,0.8510004443381081,High,Targeted retention campaign,95
C00412,low,organic,Jaipur,46,female,1,1,25363,20544.03,18710.14,1833.890000000003,8.93,20544.03,2025-12-13,2025-12-13,18,0,8,6,1,1,0,2,3,1,1.0,0.125,0.125,0.0,0,0.0,1,0.9686656746031747,96.86656746031747,1,3,1,1,311,5,Needs Attention,High Risk,1833.890000000003,24568.26750496032,1776.426293998019,0.8488613698275249,High,Targeted retention campaign,96
C00621,low,referral,Bangalore,39,male,1,1,3073,3042.27,2000.81,1041.46,34.23,3042.27,2025-06-01,2025-06-01,213,0,18,12,2,3,1,3,4,1,1.0,0.1111,0.1667,0.0556,0,0.0,1,0.9983928571428572,99.83928571428572,1,1,1,1,111,3,Hibernating,High Risk,1041.46,3068.06125,1039.786225,0.8475540862967437,High,Targeted retention campaign,97
C00601,low,ads,Bhubaneswar,34,female,3,4,27319,26036.64,20385.04,5651.599999999999,21.71,8678.88,2025-10-09,2025-12-21,10,73,38,21,11,4,2,3,4,1,15.0,0.2895,0.1053,0.0526,0,0.0,1,0.9032404825566587,90.32404825566587,1,4,1,1,411,6,Recent Customers,High Risk,5651.599999999999,24675.62674296536,5104.753911217212,0.8473505172916023,High,Targeted retention campaign,98
C00695,medium,ads,Kolkata,18,male,17,36,263494,242964.18,191549.87,51414.31,21.16,14292.01,2024-05-20,2025-12-05,26,564,278,153,63,34,28,3,4,1,11.0,0.2266,0.1223,0.1007,0,0.0,1,0.7788926698301699,77.889266983017,1,2,3,3,233,8,Needs Attention,High Risk,51414.31,205233.5451442308,40046.229183376,0.8464163996723517,High,Targeted retention campaign,99
C00133,low,organic,Mumbai,28,female,1,2,5152,5048.96,3933.42,1115.54,22.09,5048.96,2024-06-26,2024-06-26,553,0,34,17,10,5,2,3,4,1,1.0,0.2941,0.1471,0.0588,0,0.0,1,0.991577380952381,99.1577380952381,1,1,1,1,111,3,Hibernating,High Risk,1115.54,5108.606666666667,1106.144231547619,0.8456756379568435,High,Targeted retention campaign,100
C00742,low,ads,Chennai,41,female,1,3,3792,3716.16,2691.15,1025.0100000000002,27.58,3716.16,2025-04-28,2025-04-28,247,0,31,14,10,6,1,3,4,1,1.0,0.3226,0.1935,0.0323,0,0.0,1,0.9952972756410258,99.52972756410257,1,1,1,1,111,3,Hibernating,High Risk,1025.0100000000002,3774.1672692307698,1020.189660504808,0.845016821973262,High,Targeted retention campaign,101
C00246,low,organic,Chennai,40,female,2,3,4712,4624.88,3489.59,1135.29,24.55,2312.44,2025-01-02,2025-03-14,292,71,31,14,11,3,3,3,4,1,10.28,0.3548,0.0968,0.0968,0,0.0,1,0.9879476190476191,98.79476190476191,1,1,1,1,111,3,Hibernating,High Risk,1135.29,4655.209180952381,1121.6070524285715,0.8439938985139718,High,Targeted retention campaign,102
C00345,low,referral,Chennai,33,female,1,3,4305,4046.7,3132.0,914.6999999999998,22.6,4046.7,2025-06-04,2025-06-04,210,0,19,8,5,4,2,3,4,1,1.0,0.2632,0.2105,0.1053,0,0.0,1,0.9974595238095237,99.74595238095237,1,1,1,1,111,3,Hibernating,High Risk,914.6999999999998,4294.06325,912.3762264285712,0.8423231404963116,High,Targeted retention campaign,103
C01020,low,organic,Hyderabad,22,male,1,1,2526,2500.74,1678.81,821.9299999999998,32.87,2500.74,2024-09-15,2024-09-15,472,0,10,6,3,1,0,2,3,1,1.0,0.3,0.1,0.0,0,0.0,1,0.9990178571428572,99.90178571428572,1,1,1,1,111,3,Hibernating,High Risk,821.9299999999998,2523.519107142857,821.1227473214284,0.8394930862242738,High,Targeted retention campaign,104
C00348,low,organic,Pune,57,female,2,3,5624,5384.88,4162.96,1221.92,22.69,2692.44,2025-07-11,2025-09-04,118,55,42,26,9,5,2,3,4,1,13.27,0.2143,0.119,0.0476,0,0.0,1,0.9765044642857145,97.65044642857144,1,1,1,1,111,3,Hibernating,High Risk,1221.92,5491.861107142859,1193.2103350000002,0.8393396990397648,High,Targeted retention campaign,105
C00263,low,ads,Bhubaneswar,40,male,1,3,6027,4520.25,3703.65,816.6000000000004,18.07,4520.25,2025-09-06,2025-09-06,116,0,12,5,5,0,2,3,3,1,1.0,0.4167,0.0,0.1667,0,0.0,1,0.998381993006993,99.8381993006993,1,1,1,1,111,3,Hibernating,High Risk,816.6000000000004,6017.248271853147,815.2787354895108,0.8388563927840426,High,Targeted retention campaign,106
C00976,low,ads,Bangalore,44,male,1,3,3792,3488.6400000000003,2691.15,797.4900000000007,22.86,3488.64,2025-08-06,2025-08-06,147,0,27,12,12,2,1,3,4,1,1.0,0.4444,0.0741,0.037,0,0.0,1,0.9988318452380952,99.88318452380952,1,1,1,1,111,3,Hibernating,High Risk,797.4900000000007,3787.570357142857,796.5584082589293,0.8382964176864259,High,Targeted retention campaign,107
C00476,low,ads,Jaipur,38,female,1,3,2568,2465.28,1610.16,855.1199999999997,34.69,2465.28,2025-08-12,2025-08-12,141,0,19,9,6,2,2,3,4,1,1.0,0.3158,0.1053,0.1053,0,0.0,1,0.9937710622710623,99.37710622710622,1,1,1,1,111,3,Hibernating,High Risk,855.1199999999997,2552.004087912088,849.7935107692305,0.8375711859416879,High,Targeted retention campaign,108
C00409,low,organic,Jaipur,38,female,1,3,3000,2820.0,2028.27,791.73,28.08,2820.0,2025-07-24,2025-07-24,160,0,9,6,2,0,1,3,3,1,1.0,0.2222,0.0,0.1111,0,0.0,1,0.9980875,99.80875,1,1,1,1,111,3,Hibernating,High Risk,791.73,2994.2625000000003,790.215816375,0.8375642143950695,High,Targeted retention campaign,109
C00032,medium,ads,Hyderabad,23,male,13,20,229279,221670.56,162395.75,59274.80999999999,26.74,17051.58,2025-07-19,2025-12-30,1,164,83,37,20,19,7,3,4,1,28.93,0.241,0.2289,0.0843,0,0.0,1,0.7550589063714067,75.50589063714067,1,5,3,3,533,11,Recent Customers,High Risk,59274.80999999999,173119.15099392977,44755.97321397292,0.8360932963235621,High,Targeted retention campaign,110
C01052,medium,organic,Chennai,32,male,19,33,365830,346664.61,259007.77,87656.83999999998,25.29,18245.51,2024-09-12,2025-12-15,16,459,229,121,48,38,22,3,4,1,15.11,0.2096,0.1659,0.0961,0,0.0,1,0.7315911194606047,73.15911194606048,1,3,4,4,344,11,High Value,High Risk,87656.83999999998,267637.979232273,64128.965703979105,0.834877719570259,High,Targeted retention campaign,111
C01096,medium,organic,Hyderabad,18,male,14,24,329295,279045.65,226430.9,52614.75,18.86,19931.83,2024-12-26,2025-12-29,2,368,192,102,50,17,23,3,4,1,13.89,0.2604,0.0885,0.1198,0,0.0,1,0.7593936827061829,75.93936827061829,1,5,3,3,533,11,Recent Customers,High Risk,52614.75,250064.5427467325,39955.30876716514,0.8346357060275101,High,Targeted retention campaign,112
C00707,medium,organic,Bhubaneswar,25,male,19,36,215335,202485.67,149904.4,52581.27,25.97,10657.14,2024-07-24,2025-11-18,43,482,280,135,67,49,29,3,4,1,14.39,0.2393,0.175,0.1036,0,0.0,1,0.7586974204308768,75.86974204308768,1,2,4,3,243,9,Needs Attention,High Risk,52581.27,163374.10902848287,39893.27391197945,0.8341623706222379,High,Targeted retention campaign,113
C00205,low,ads,Jaipur,23,female,1,2,4292,3948.64,3271.66,676.9800000000005,17.14,3948.64,2025-02-27,2025-02-27,307,0,8,3,4,0,1,3,3,1,1.0,0.5,0.0,0.125,0,0.0,1,0.9999615384615385,99.99615384615385,1,1,1,1,111,3,Hibernating,High Risk,676.9800000000005,4291.834923076923,676.9539623076928,0.8331625248214484,High,Targeted retention campaign,114
C00051,low,ads,Jaipur,37,female,1,2,2528,2452.16,1794.1,658.06,26.84,2452.16,2025-02-23,2025-02-23,311,0,11,3,5,0,3,3,3,1,1.0,0.4545,0.0,0.2727,0,0.0,1,0.9999615384615385,99.99615384615385,1,1,1,1,111,3,Hibernating,High Risk,658.06,2527.902769230769,658.03469,0.8321501271106791,High,Targeted retention campaign,115
C00308,low,organic,Pune,20,other,1,2,4378,4071.54,3191.12,880.4199999999996,21.62,4071.54,2025-09-20,2025-09-20,102,0,70,44,14,5,7,3,4,1,1.0,0.2,0.0714,0.1,0,0.0,1,0.9832966894216894,98.32966894216894,1,1,1,1,111,3,Hibernating,High Risk,880.4199999999996,4304.872906288156,865.7140713006434,0.8319497211097575,High,Targeted retention campaign,116
C00302,low,referral,Delhi,33,male,1,2,2740,2630.4,1949.26,681.1400000000001,25.89,2630.4,2024-06-19,2024-06-19,560,0,17,9,5,2,1,3,4,1,1.0,0.2941,0.1176,0.0588,0,0.0,1,0.9975595238095238,99.75595238095238,1,1,1,1,111,3,Hibernating,High Risk,681.1400000000001,2733.3130952380952,679.4776940476191,0.8318542241006501,High,Targeted retention campaign,117
C00271,low,organic,Bhubaneswar,31,male,1,1,2745,2607.75,1951.06,656.69,25.18,2607.75,2024-11-24,2024-11-24,402,0,20,10,2,7,1,3,4,1,1.0,0.1,0.35,0.05,0,0.0,1,0.9974761904761905,99.74761904761905,1,1,1,1,111,3,Hibernating,High Risk,656.69,2738.072142857143,655.0326395238096,0.8304956070280585,High,Targeted retention campaign,118
C00844,low,organic,Delhi,24,female,1,3,6081,4925.610000000001,4274.28,651.3300000000008,13.22,4925.61,2025-01-03,2025-01-03,362,0,9,2,6,1,0,2,3,1,1.0,0.6667,0.1111,0.0,0,0.0,1,0.9977261904761905,99.77261904761905,1,1,1,1,111,3,Hibernating,High Risk,651.3300000000008,6067.172964285714,649.848999642858,0.8303618502131004,High,Targeted retention campaign,119
C00077,low,organic,Chennai,36,male,1,3,3054,2962.38,1938.3,1024.08,34.57,2962.38,2025-12-04,2025-12-04,27,0,32,16,9,4,3,3,4,1,1.0,0.2813,0.125,0.0938,0,0.0,1,0.9720688825063827,97.20688825063827,1,2,1,1,211,4,Hibernating,High Risk,1024.08,2968.698367174493,995.4763011971363,0.8302034923852969,High,Targeted retention campaign,120
C00862,low,ads,Pune,39,female,1,2,3404,2961.48,2342.56,618.9200000000001,20.9,2961.48,2024-10-07,2024-10-07,450,0,9,5,3,0,1,3,3,1,1.0,0.3333,0.0,0.1111,0,0.0,1,0.9999615384615385,99.99615384615385,1,1,1,1,111,3,Hibernating,High Risk,618.9200000000001,3403.869076923077,618.8961953846155,0.8299601572982213,High,Targeted retention campaign,121
C00580,medium,ads,Jaipur,29,male,8,16,151242,145511.28,110020.95,35490.329999999994,24.39,18188.91,2025-05-06,2025-09-26,96,143,94,38,26,16,14,3,4,1,20.42,0.2766,0.1702,0.1489,0,0.0,1,0.7698476523476522,76.98476523476522,1,1,2,2,122,5,Hibernating,High Risk,35490.329999999994,116433.29863636362,27322.147231543448,0.8273137241628596,High,Targeted retention campaign,122
C00558,low,ads,Delhi,51,female,1,1,3819,2940.63,2381.7,558.9300000000003,19.01,2940.63,2025-02-18,2025-02-18,316,0,4,3,1,0,0,1,2,1,1.0,0.25,0.0,0.0,0,0.0,1,0.9931726190476191,99.3172619047619,1,1,1,1,111,3,Hibernating,High Risk,558.9300000000003,3792.9262321428573,555.1139719642861,0.8220029738546046,High,Targeted retention campaign,123
C00894,medium,organic,Mumbai,38,female,25,50,399279,367229.88,281105.05,86124.82999999997,23.45,14689.2,2024-03-20,2025-12-15,16,635,342,172,91,51,28,3,4,1,14.37,0.2661,0.1491,0.0819,0,0.0,1,0.7103256743256747,71.03256743256748,1,3,4,4,344,11,High Value,High Risk,86124.82999999997,283618.1249190811,61176.67794593408,0.8204326489701168,High,Targeted retention campaign,124
C00024,medium,ads,Ahmedabad,22,male,10,23,178179,160905.78,128272.21,32633.56999999999,20.28,16090.58,2025-02-15,2025-11-28,33,286,138,64,35,24,15,3,4,1,12.76,0.2536,0.1739,0.1087,0,0.0,1,0.7637749566609862,76.37749566609861,1,2,2,2,222,6,Hibernating,High Risk,32633.56999999999,136088.65800289786,24924.703512443248,0.8203852063352819,High,Targeted retention campaign,125
C00904,low,referral,Bangalore,26,female,1,3,3054,2443.2000000000003,1938.3,504.9000000000001,20.67,2443.2,2025-09-18,2025-09-18,104,0,25,13,6,3,3,3,4,1,1.0,0.24,0.12,0.12,0,0.0,1,0.9954166666666667,99.54166666666667,1,1,1,1,111,3,Hibernating,High Risk,504.9000000000001,3040.0025,502.5858750000001,0.8198003670422713,High,Targeted retention campaign,126
C00537,medium,ads,Bhubaneswar,44,male,14,32,317100,289905.64,224754.83,65150.809999999976,22.47,20707.55,2025-02-11,2025-11-14,47,276,154,78,41,23,12,3,4,1,18.51,0.2662,0.1494,0.0779,0,0.0,1,0.71805212801904,71.80521280190399,1,2,3,3,233,8,Needs Attention,High Risk,65150.809999999976,227694.32979483757,46781.677762664134,0.8154726022400571,High,Targeted retention campaign,127
C00914,low,ads,Hyderabad,18,male,1,3,2409,2312.64,1880.25,432.3899999999999,18.7,2312.64,2024-10-27,2024-10-27,430,0,13,5,4,4,0,2,3,1,1.0,0.3077,0.3077,0.0,0,0.0,1,0.995609126984127,99.5609126984127,1,1,1,1,111,3,Hibernating,High Risk,432.3899999999999,2398.422386904762,430.4914304166665,0.8143891862979538,High,Targeted retention campaign,128
C00594,low,organic,Mumbai,36,female,1,1,1799,1781.01,1313.42,467.5899999999999,26.25,1781.01,2024-06-27,2024-06-27,552,0,22,7,4,6,5,3,4,1,1.0,0.1818,0.2727,0.2273,0,0.0,1,0.9902005952380952,99.02005952380952,1,1,1,1,111,3,Hibernating,High Risk,467.5899999999999,1781.3708708333334,463.0078963273809,0.8137428771412355,High,Targeted retention campaign,129
C00835,low,referral,Ahmedabad,46,female,1,3,1350,1255.5,813.78,441.72,35.18,1255.5,2025-04-24,2025-04-24,251,0,23,13,4,2,4,3,4,1,1.0,0.1739,0.087,0.1739,0,0.0,1,0.9913749999999999,99.13749999999999,1,1,1,1,111,3,Hibernating,High Risk,441.72,1338.3562499999998,437.910165,0.8124584802140886,High,Targeted retention campaign,130
C00631,low,organic,Chennai,35,female,1,1,1930,1756.3,1375.22,381.0799999999999,21.7,1756.3,2025-04-19,2025-04-19,256,0,11,7,3,0,1,3,3,1,1.0,0.2727,0.0,0.0909,0,0.0,1,0.9992750000000001,99.92750000000001,1,1,1,1,111,3,Hibernating,High Risk,381.0799999999999,1928.6007500000003,380.803717,0.8122126074597804,High,Targeted retention campaign,131
C00655,low,ads,Mumbai,27,female,1,1,1930,1756.3,1375.22,381.0799999999999,21.7,1756.3,2025-06-08,2025-06-08,206,0,6,3,2,1,0,1,3,1,1.0,0.3333,0.1667,0.0,0,0.0,1,0.9921428571428572,99.21428571428572,1,1,1,1,111,3,Hibernating,High Risk,381.0799999999999,1914.8357142857144,378.08579999999995,0.8076777799784252,High,Targeted retention campaign,132
C01227,high,organic,Chennai,34,male,7,13,40921,36308.59,27132.96,9175.63,25.27,5186.94,2024-12-28,2025-02-15,319,49,72,39,13,8,12,3,4,1,52.14,0.1806,0.1111,0.1667,0,0.0,1,0.8130121683871689,81.3012168387169,1,1,2,1,121,4,Hibernating,High Risk,9175.63,33269.27094257134,7459.898842618359,0.8067812591745367,High,Immediate high-value retention outreach,133
C01150,medium,ads,Hyderabad,25,male,6,11,57120,52688.16,42590.86,10097.299999999996,19.16,8781.36,2025-09-13,2025-12-05,26,83,54,27,9,14,4,3,4,1,26.39,0.1667,0.2593,0.0741,0,0.0,1,0.8023313973608096,80.23313973608096,1,2,2,2,222,6,Hibernating,High Risk,10097.299999999996,45829.169417249446,8101.3808185713,0.8033231559074256,High,Targeted retention campaign,134
C00727,low,referral,Delhi,31,female,1,1,856,830.3199999999999,536.72,293.5999999999999,35.36,830.32,2024-09-15,2024-09-15,472,0,18,12,5,1,0,2,3,1,1.0,0.2778,0.0556,0.0,0,0.0,1,0.9954999999999999,99.55,1,1,1,1,111,3,Hibernating,High Risk,293.5999999999999,852.1479999999999,292.2787999999999,0.8005121667625035,High,Targeted retention campaign,135
C00510,low,ads,Delhi,24,female,1,1,2108,1855.04,1524.42,330.6199999999999,17.82,1855.04,2025-10-13,2025-10-13,79,0,22,6,8,7,1,3,4,1,1.0,0.3636,0.3182,0.0455,0,0.0,1,0.9882528617216118,98.82528617216117,1,1,1,1,111,3,Hibernating,High Risk,330.6199999999999,2083.2370325091574,326.73616114239917,0.8001373697688711,High,Targeted retention campaign,136
C00135,low,ads,Mumbai,18,male,1,3,9798,7348.5,6964.799999999999,383.7000000000007,5.22,7348.5,2025-06-26,2025-06-26,188,0,10,6,1,2,1,3,4,1,1.0,0.1,0.2,0.1,0,0.0,1,0.97461626984127,97.46162698412701,1,1,1,1,111,3,Hibernating,High Risk,383.7000000000007,9549.290211904763,373.96026273809605,0.796770417137011,High,Targeted retention campaign,137
C00570,low,ads,Mumbai,35,female,2,4,12690,9919.2,9672.12,247.07999999999996,2.49,4959.6,2025-02-14,2025-02-28,306,14,10,4,5,1,0,2,3,1,52.14,0.5,0.1,0.0,0,0.0,1,0.992907738095238,99.2907738095238,1,1,1,1,111,3,Hibernating,High Risk,247.07999999999996,12599.999196428571,245.32764392857138,0.792716384026928,High,Targeted retention campaign,138
C00651,low,ads,Delhi,24,male,1,1,1408,1323.52,1114.12,209.4000000000001,15.82,1323.52,2025-01-19,2025-01-19,346,0,8,4,3,0,1,3,3,1,1.0,0.375,0.0,0.125,0,0.0,1,0.9991877289377288,99.91877289377288,1,1,1,1,111,3,Hibernating,High Risk,209.4000000000001,1406.856322344322,209.22991043956048,0.7908162813971337,High,Targeted retention campaign,139
C00405,low,organic,Mumbai,30,female,1,1,1000,900.0,676.09,223.91,24.88,900.0,2024-08-20,2024-08-20,498,0,34,23,4,4,3,3,4,1,1.0,0.1176,0.1176,0.0882,0,0.0,1,0.9924503968253968,99.24503968253968,1,1,1,1,111,3,Hibernating,High Risk,223.91,992.4503968253969,222.2195683531746,0.7889184250775915,High,Targeted retention campaign,140
C00255,medium,ads,Jaipur,24,male,5,10,69335,66591.81,50759.12,15832.689999999997,23.78,13318.36,2025-10-10,2025-11-17,44,38,53,29,12,8,4,3,4,1,48.03,0.2264,0.1509,0.0755,0,0.0,1,0.7488776293151299,74.887762931513,1,2,2,2,222,6,Hibernating,High Risk,15832.689999999997,51923.430428564534,11856.747352881363,0.7848728422887643,High,Targeted retention campaign,141
C01112,low,organic,Hyderabad,19,female,1,2,76278,73989.66,48985.64,25004.020000000004,33.79,73989.66,2025-12-15,2025-12-15,16,0,22,12,7,3,0,2,3,1,1.0,0.3182,0.1364,0.0,1,4120.32,0,0.7136726445354167,71.36726445354167,1,3,1,2,312,6,Needs Attention,High Risk,25004.020000000004,54437.521979872516,17844.685077416452,0.7783718059042082,High,Targeted retention campaign,142
C00095,low,ads,Kolkata,39,male,1,2,9988,7191.36,7029.94,161.42000000000007,2.24,7191.36,2025-05-14,2025-05-14,231,0,16,9,2,2,3,3,4,1,1.0,0.125,0.125,0.1875,0,0.0,1,0.993781524031524,99.3781524031524,1,1,1,1,111,3,Hibernating,High Risk,161.42000000000007,9925.889862026861,160.41621360916866,0.7781216444101234,High,Targeted retention campaign,143
C00823,low,referral,Delhi,30,male,1,2,1606,1477.52,1253.5,224.02,15.16,1477.52,2025-11-30,2025-11-30,31,0,8,4,2,2,0,2,3,1,1.0,0.25,0.25,0.0,0,0.0,1,0.9730744047619048,97.30744047619048,1,2,1,1,211,4,Hibernating,High Risk,224.02,1562.757494047619,217.9881281547619,0.7766082554885587,High,Targeted retention campaign,144
C00778,low,ads,Mumbai,34,female,1,3,7569,7266.24,4880.25,2385.99,32.84,7266.24,2025-07-24,2025-07-24,160,0,45,22,10,8,5,3,4,1,1.0,0.2222,0.1778,0.1111,2,57684.12,0,0.8234277500277504,82.34277500277504,1,1,1,1,111,3,Hibernating,High Risk,2385.99,6232.524639960043,1964.690377288712,0.7653198062802862,High,Targeted retention campaign,145
C00569,medium,ads,Mumbai,35,female,1,2,38626,37467.22,29456.18,8011.040000000001,21.38,37467.22,2025-12-27,2025-12-27,4,0,6,4,2,0,0,2,2,1,1.0,0.3333,0.0,0.0,0,0.0,1,0.7220936181873691,72.20936181873691,1,4,1,1,411,6,Recent Customers,High Risk,8011.040000000001,27891.58809610532,5784.720859043741,0.743134501358814,High,Targeted retention campaign,146
C00656,low,referral,Bangalore,54,female,2,6,56013,54844.56,40059.12,14785.439999999997,26.96,27422.28,2025-03-18,2025-04-25,250,38,71,31,21,16,3,3,4,1,19.21,0.2958,0.2254,0.0423,1,4203.36,0,0.6848219246031753,68.48219246031752,1,1,1,2,112,4,Hibernating,Medium Risk,14785.439999999997,38358.93046279765,10125.39347690477,0.7407936635185961,Medium,Personalized re-engagement campaign,147
C00788,medium,referral,Pune,46,female,2,4,18932,16289.7,13370.58,2919.119999999999,17.92,8144.85,2025-12-05,2025-12-17,14,12,19,9,3,1,6,3,4,1,60.83,0.1579,0.0526,0.3158,0,0.0,1,0.7714342254967252,77.14342254967252,1,3,1,1,311,5,Needs Attention,High Risk,2919.119999999999,14604.792757104002,2251.9090763319996,0.7390019215648094,High,Targeted retention campaign,148
C00949,low,ads,Kolkata,45,female,1,1,2770,2132.9,2092.43,40.470000000000255,1.9,2132.9,2024-08-29,2024-08-29,489,0,10,5,1,4,0,2,3,1,1.0,0.1,0.4,0.0,0,0.0,1,0.9953958333333333,99.53958333333333,1,1,1,1,111,3,Hibernating,High Risk,40.470000000000255,2757.246458333333,40.28366937500025,0.7303175388826072,High,Targeted retention campaign,149
C00421,low,ads,Bangalore,43,male,1,3,3825,2945.25,2909.52,35.73000000000002,1.21,2945.25,2024-01-27,2024-01-27,704,0,13,8,1,4,0,2,3,1,1.0,0.0769,0.3077,0.0,0,0.0,1,0.9978888888888888,99.78888888888888,1,1,1,1,111,3,Hibernating,High Risk,35.73000000000002,3816.9249999999997,35.654570000000014,0.7275593197694141,High,Targeted retention campaign,150
C00166,low,referral,Delhi,32,male,3,7,144849,137143.22999999998,108953.94000000002,28189.28999999998,20.55,45714.41,2025-07-25,2025-11-26,35,124,39,16,11,9,3,3,4,1,8.83,0.2821,0.2308,0.0769,1,1934.2,0,0.5978569763569763,59.78569763569763,1,2,1,2,212,5,Hibernating,Medium Risk,28189.28999999998,86598.98516833167,16853.163685049938,0.7068376644728982,Medium,Personalized re-engagement campaign,151
C00805,low,referral,Kolkata,43,male,2,3,10288,9822.92,6781.9800000000005,3040.94,30.96,4911.46,2025-02-04,2025-04-12,263,67,98,46,23,20,9,3,4,1,10.9,0.2347,0.2041,0.0918,1,10163.79,0,0.7067576839826838,70.67576839826837,1,1,1,1,111,3,Hibernating,High Risk,3040.94,7271.123052813851,2149.2077115303023,0.6985270584996659,High,Targeted retention campaign,152
C01037,low,ads,Pune,39,female,2,5,89052,85401.48,60831.71,24569.770000000004,28.77,42700.74,2025-11-14,2025-12-07,24,23,23,12,4,4,3,3,4,1,31.74,0.1739,0.1739,0.1304,1,6310.08,0,0.5748085317460317,57.480853174603176,1,3,1,2,312,6,Needs Attention,Medium Risk,24569.770000000004,51187.84936904762,14122.9134190377,0.6866870741437783,Medium,Personalized re-engagement campaign,153
C00662,medium,ads,Delhi,23,female,1,1,2633,2501.35,1862.81,638.54,25.53,2501.35,2025-12-08,2025-12-08,23,0,21,9,7,2,3,3,4,1,1.0,0.3333,0.0952,0.1429,0,0.0,1,0.7676745997058501,76.76745997058501,1,3,1,1,311,5,Needs Attention,High Risk,638.54,2021.2872210255032,490.19093889617346,0.6822636982489934,High,Targeted retention campaign,154
C00400,high,ads,Mumbai,32,female,1,3,147561,146085.38999999998,115950.48,30134.90999999997,20.63,146085.39,2025-12-27,2025-12-27,4,0,3,2,1,0,0,1,2,1,1.0,0.3333,0.0,0.0,9,84285.7,0,0.5115909854034855,51.159098540348545,1,4,1,2,412,7,Recent Customers,Medium Risk,30134.90999999997,75490.87739712372,15416.748301945334,0.6518917611876858,Medium,Personalized re-engagement campaign,155
C01161,low,ads,Mumbai,18,female,1,2,5222,4699.8,3895.96,803.8400000000001,17.1,4699.8,2025-12-23,2025-12-23,8,0,20,10,5,3,2,3,4,1,1.0,0.25,0.15,0.1,1,37081.24,0,0.6929781815406818,69.29781815406818,1,4,1,1,411,6,Recent Customers,Medium Risk,803.8400000000001,3618.7320640054404,557.0435814496618,0.6420102106090919,Medium,Personalized re-engagement campaign,156
C00984,low,organic,Ahmedabad,44,male,2,6,35718,32049.960000000003,27691.29,4358.670000000001,13.6,16024.98,2025-11-01,2025-12-31,0,60,35,15,12,6,2,3,4,1,12.17,0.3429,0.1714,0.0571,1,6701.400000000001,0,0.5828676948051948,58.28676948051948,1,5,1,1,511,7,Recent Customers,Medium Risk,4358.670000000001,20818.86832305195,2540.5279353165593,0.6301737969302473,Medium,Personalized re-engagement campaign,157
C01102,low,ads,Mumbai,18,female,3,7,20537,19078.9,14322.23,4756.670000000001,24.93,6359.63,2025-09-23,2025-12-06,25,74,34,16,7,7,4,3,4,1,14.8,0.2059,0.2059,0.1176,1,34829.79,0,0.5711960200746967,57.11960200746967,1,3,2,1,321,6,Needs Attention,Medium Risk,4756.670000000001,11730.652664274046,2716.990972808708,0.625571925141954,Medium,Personalized re-engagement campaign,158
C01006,medium,organic,Bangalore,28,female,1,2,52988,52458.12,39564.76,12893.36,24.58,52458.12,2025-08-12,2025-08-12,141,0,81,36,26,13,6,3,4,1,1.0,0.321,0.1605,0.0741,3,32868.6,0,0.35593829087579093,35.593829087579095,0,1,1,2,112,4,Hibernating,Low Risk,12893.36,18860.45815692641,4589.240522046288,0.5151620278737202,Monitor,Re-engagement monitoring,159
C00705,medium,referral,Kolkata,27,female,1,1,40708,39486.76,28016.44,11470.320000000003,29.05,39486.76,2025-12-29,2025-12-29,2,0,16,8,7,0,1,3,3,1,1.0,0.4375,0.0,0.0625,5,110959.14,0,0.3259256888944386,32.59256888944386,0,5,1,1,511,7,Recent Customers,Low Risk,11470.320000000003,13267.782943514807,3738.4719478396582,0.48982210419248884,Monitor,Monitor engagement and purchase activity,160
C01193,medium,referral,Bangalore,45,female,1,3,13950,12694.5,9481.53,3212.97,25.31,12694.5,2025-12-25,2025-12-25,6,0,4,3,1,0,0,2,2,1,1.0,0.25,0.0,0.0,2,20557.89,0,0.38345630064380065,38.34563006438007,0,4,1,1,411,6,Recent Customers,Low Risk,3212.97,5349.215393981019,1232.033590279512,0.4846551565138454,Monitor,Monitor engagement and purchase activity,161
C01180,medium,ads,Hyderabad,36,male,5,8,71472,68958.36,49072.15,19886.21,28.84,13791.67,2025-11-23,2025-12-24,7,31,24,12,4,8,0,2,3,1,58.87,0.1667,0.3333,0.0,5,90186.13,0,0.2735147907647907,27.35147907647907,0,4,2,2,422,8,Recent Customers,Low Risk,19886.21,19548.64912554112,5439.172567254688,0.47178442801007187,Monitor,Monitor engagement and purchase activity,162
C00717,medium,organic,Mumbai,18,female,1,2,81416,75716.87999999999,56032.88,19683.999999999996,26.0,75716.88,2025-12-29,2025-12-29,2,0,7,1,3,2,1,3,4,1,1.0,0.4286,0.2857,0.1429,2,22411.48,0,0.25787695984570963,25.787695984570963,0,5,1,2,512,8,Recent Customers,Low Risk,19683.999999999996,20995.310562798295,5076.050077602948,0.4599307439601147,Monitor,Monitor engagement and purchase activity,163
C01122,medium,ads,Pune,18,male,19,38,254514,236484.44,181478.19,55006.24999999999,23.26,12446.55,2024-05-13,2025-12-06,25,572,276,137,79,33,27,3,4,1,12.12,0.2862,0.1196,0.0978,6,114092.93,0,0.20634022921522913,20.634022921522913,0,3,4,3,343,10,Potential Loyalists,Low Risk,55006.24999999999,52516.47709848483,11350.002233270196,0.45778814580993277,Monitor,Monitor engagement and purchase activity,164
C00286,medium,referral,Bhubaneswar,30,male,2,4,21506,20551.72,14885.96,5665.7599999999975,27.57,10275.86,2025-11-29,2025-12-04,27,5,19,16,3,0,0,2,2,1,146.0,0.1579,0.0,0.0,2,136389.34,0,0.3010773532023531,30.107735320235314,0,2,1,1,211,4,Hibernating,Low Risk,5665.7599999999975,6474.969557969806,1705.8320246797634,0.44685872419531714,Monitor,Monitor engagement and purchase activity,165
C01104,medium,ads,Bangalore,32,female,1,2,5222,5117.56,3895.96,1221.5999999999997,23.87,5117.56,2025-12-31,2025-12-31,0,0,5,3,1,0,1,2,3,1,1.0,0.2,0.0,0.2,4,12695.64,0,0.3780113150738151,37.801131507381506,0,5,1,1,511,7,Recent Customers,Low Risk,1221.5999999999997,1973.9750873154624,461.7786224941724,0.44633442031111203,Monitor,Monitor engagement and purchase activity,166
C00122,medium,organic,Pune,29,other,5,9,41650,36951.98,28876.31,8075.669999999998,21.85,7390.4,2025-06-24,2025-09-24,98,92,103,54,20,21,8,3,4,1,19.84,0.1942,0.2039,0.0777,3,140766.96000000002,0,0.2769138888888887,27.691388888888866,0,1,2,1,121,4,Hibernating,Low Risk,8075.669999999998,11533.463472222214,2236.2651850833313,0.44204047325047413,Monitor,Re-engagement monitoring,167
C01060,medium,organic,Ahmedabad,22,male,21,45,277234,257105.97,189120.77,67985.19999999998,26.44,12243.14,2024-04-12,2025-11-26,35,593,359,181,81,63,34,3,4,1,12.93,0.2256,0.1755,0.0947,5,23226.27,0,0.16963996052966632,16.963996052966632,0,2,4,3,243,9,Needs Attention,Low Risk,67985.19999999998,47029.96481748151,11533.006644601468,0.436340075693984,Low,Low-touch retention monitoring,168
C00500,medium,ads,Hyderabad,21,male,6,12,81560,75394.85,58232.84,17162.010000000002,22.76,12565.81,2025-01-22,2025-12-07,24,319,182,91,40,32,19,3,4,1,6.87,0.2198,0.1758,0.1044,3,16882.44,0,0.22702818709068695,22.702818709068694,0,3,2,2,322,7,Needs Attention,Low Risk,17162.010000000002,18516.41893911643,3896.2600171322406,0.4319619415987609,Monitor,Monitor engagement and purchase activity,169
C01023,high,organic,Kolkata,56,male,1,3,28323,21525.48,18637.26,2888.219999999997,13.42,21525.48,2025-12-30,2025-12-30,1,0,10,6,0,2,2,3,3,1,1.0,0.0,0.2,0.2,11,196644.31,0,0.31343515512265513,31.343515512265512,0,5,1,1,511,7,Recent Customers,Low Risk,2888.219999999997,8877.423898538962,905.269683728354,0.4316291239499018,Monitor,Monitor engagement and purchase activity,170
C00502,medium,ads,Delhi,45,female,1,2,5266,5213.34,3725.62,1487.7200000000005,28.54,5213.34,2025-12-28,2025-12-28,3,0,12,6,3,1,2,3,4,1,1.0,0.25,0.0833,0.1667,5,42146.41,0,0.34661981074481046,34.66198107448105,0,5,1,1,511,7,Recent Customers,Low Risk,1487.7200000000005,1825.299923382172,515.6732248412696,0.43143997415990676,Monitor,Monitor engagement and purchase activity,171
C01070,medium,ads,Mumbai,30,female,32,62,809239,732028.3,597862.98,134165.32,18.33,22875.88,2024-04-16,2025-12-20,11,613,295,160,76,37,22,3,4,1,19.05,0.2576,0.1254,0.0746,5,66842.61,0,0.1323409715284715,13.234097152847148,0,4,5,5,455,14,Champions,Low Risk,134165.32,107095.47545872875,17755.568794228268,0.429393730820696,Low,Low-touch retention monitoring,172
C00574,medium,referral,Kolkata,22,male,20,40,209944,190665.35,148470.81,42194.53999999999,22.13,9533.27,2024-06-22,2025-10-25,67,490,273,148,53,45,27,3,4,1,14.9,0.1941,0.1648,0.0989,1,1681.68,0,0.18147882326007317,18.147882326007316,0,1,4,3,143,8,Needs Attention,Low Risk,42194.53999999999,38100.3900705128,7657.415467200087,0.4287958864193669,Low,Low-touch retention monitoring,173
C00863,medium,ads,Bangalore,37,male,24,52,598652,551157.0599999999,437840.23,113316.82999999996,20.56,22964.88,2024-01-08,2025-10-23,69,654,352,184,103,45,20,3,4,1,13.39,0.2926,0.1278,0.0568,5,64974.89,0,0.13098819236319229,13.098819236319228,0,1,4,5,145,10,At Risk High Value,Low Risk,113316.82999999996,78416.34333460979,14843.166726027153,0.4221739711823754,Low,Low-touch retention monitoring,174
C00603,medium,organic,Jaipur,18,female,14,32,292196,248333.76,211964.94,36368.82,14.65,17738.13,2024-08-21,2025-12-17,14,483,215,107,58,25,25,3,4,1,10.58,0.2698,0.1163,0.1163,3,42247.31,0,0.17883874458874455,17.883874458874455,0,3,3,3,333,9,Potential Loyalists,Low Risk,36368.82,52255.9658138528,6504.154110974025,0.42137385349571527,Low,Low-touch retention monitoring,175
C00181,medium,organic,Chennai,37,male,25,47,418962,358186.12,298933.15,59252.96999999998,16.54,14327.44,2024-10-22,2025-11-30,31,404,238,124,50,40,24,3,4,1,22.59,0.2101,0.1681,0.1008,2,39131.62,0,0.15726180661658593,15.726180661658592,0,2,4,4,244,10,At Risk High Value,Low Risk,59252.96999999998,65886.72102369808,9318.229109598364,0.42128637005967823,Low,Low-touch retention monitoring,176
C00669,medium,referral,Pune,25,male,18,37,269811,256409.84,195868.77,60541.06999999999,23.61,14244.99,2024-08-21,2025-12-04,27,470,230,119,46,43,22,3,4,1,13.98,0.2,0.187,0.0957,3,62620.98,0,0.1517775869963369,15.177758699633689,0,2,3,3,233,8,Needs Attention,Low Risk,60541.06999999999,40951.262525068654,9188.77751877632,0.417495484928768,Low,Low-touch retention monitoring,177
C00520,medium,ads,Hyderabad,25,male,17,33,185417,169166.93,128061.71,41105.22,24.3,9951.0,2024-04-14,2025-11-26,35,591,267,144,59,41,23,3,4,1,10.5,0.221,0.1536,0.0861,5,73886.09999999999,0,0.16838730019980017,16.838730019980016,0,2,3,2,232,7,Needs Attention,Low Risk,41105.22,31221.868041146347,6921.59701991883,0.41732772669712587,Low,Low-touch retention monitoring,178
C01084,medium,ads,Bangalore,25,male,22,39,244257,221013.02,179985.18,41027.84,18.56,10046.05,2024-01-16,2025-12-12,19,696,318,167,72,50,29,3,4,1,11.54,0.2264,0.1572,0.0912,3,207394.8,0,0.1656048881673881,16.56048881673881,0,3,4,3,343,10,Potential Loyalists,Low Risk,41027.84,40450.153169101715,6794.410854949492,0.4149949844737831,Low,Low-touch retention monitoring,179
C00554,medium,organic,Jaipur,18,female,22,51,483033,416013.07,346951.75,69061.31999999998,16.6,18909.69,2024-04-18,2025-09-13,109,513,323,175,73,45,30,3,4,1,15.65,0.226,0.1393,0.0929,5,35243.79,0,0.1406349206349206,14.063492063492061,0,1,4,4,144,9,At Risk High Value,Low Risk,69061.31999999998,67931.30761904761,9712.433257142853,0.4127921736804654,Low,Low-touch retention monitoring,180
C01167,medium,organic,Hyderabad,22,female,1,1,4638,4359.719999999999,3494.01,865.7099999999991,19.86,4359.72,2025-12-26,2025-12-26,5,0,6,1,2,2,1,3,4,1,1.0,0.3333,0.3333,0.1667,2,135381.33,0,0.34663450091575077,34.66345009157508,0,4,1,1,411,6,Recent Customers,Low Risk,865.7099999999991,1607.690815247252,300.0849537877743,0.4121324937240896,Monitor,Monitor engagement and purchase activity,181
C00980,medium,organic,Hyderabad,32,male,24,41,421973,397404.41,297447.76,99956.64999999997,25.15,16558.52,2024-01-14,2025-09-17,105,612,352,159,103,59,31,3,4,1,14.31,0.2926,0.1676,0.0881,2,52238.9,0,0.12259018759018758,12.259018759018758,0,1,4,4,144,9,At Risk High Value,Low Risk,99956.64999999997,51729.74922799422,12253.704474386719,0.41027821894023664,Low,Low-touch retention monitoring,182
C01056,medium,ads,Kolkata,46,male,14,32,217328,203004.46,152615.92,50388.53999999999,24.82,14500.32,2024-07-28,2025-06-05,209,312,238,139,40,35,24,3,4,1,16.38,0.1681,0.1471,0.1008,5,64970.1,0,0.15036291486291486,15.036291486291486,0,1,3,3,133,7,Needs Attention,Low Risk,50388.53999999999,32678.07156132756,7576.5677500865795,0.40974672337029283,Low,Low-touch retention monitoring,183
C00982,medium,organic,Jaipur,25,male,3,5,221765,218838.49,165736.4,53102.08999999998,24.27,72946.16,2025-10-17,2025-11-12,49,26,32,20,8,3,1,3,4,1,42.12,0.25,0.0938,0.0313,2,17484.0,0,0.14744887057387052,14.744887057387052,0,2,1,3,213,6,Hibernating,Low Risk,53102.08999999998,32698.998782814397,7829.843195612021,0.4091743306167208,Low,Low-touch retention monitoring,184
C00379,medium,ads,Bangalore,18,male,13,27,304879,291089.78,216802.33,74287.45000000001,25.52,22391.52,2025-02-19,2025-09-27,95,220,150,73,38,28,11,3,4,1,21.57,0.2533,0.1867,0.0733,2,128118.27,0,0.13197041479762067,13.197041479762067,0,1,3,3,133,7,Needs Attention,Low Risk,74287.45000000001,40235.008093083794,9803.745590757508,0.4079281571246382,Low,Low-touch retention monitoring,185
C00770,medium,ads,Jaipur,29,female,3,6,57251,53860.52,43300.85,10559.669999999998,19.61,17953.51,2025-11-30,2025-12-07,24,7,17,10,2,2,3,3,4,1,156.43,0.1176,0.1176,0.1765,3,40548.0,0,0.21675450937950935,21.675450937950934,0,3,1,2,312,6,Needs Attention,Low Risk,10559.669999999998,12409.41241648629,2288.856090059523,0.40677594598031735,Monitor,Monitor engagement and purchase activity,186
C01175,medium,organic,Mumbai,46,male,25,58,560539,512143.26,394644.8,117498.46,22.94,20485.73,2024-06-08,2025-12-12,19,552,261,129,69,43,20,3,4,1,16.53,0.2644,0.1648,0.0766,5,159166.61,0,0.11096890262515259,11.09689026251526,0,3,4,4,344,11,High Value,Low Risk,117498.46,62202.39770860041,13038.675166345387,0.4055262729925498,Low,Low-touch retention monitoring,187
C00534,medium,organic,Chennai,38,female,1,1,10349,9728.06,7510.77,2217.289999999999,22.79,9728.06,2025-12-29,2025-12-29,2,0,3,2,0,1,0,2,2,1,1.0,0.0,0.3333,0.0,5,75585.02,0,0.2897197663447662,28.971976634476622,0,5,1,1,511,7,Recent Customers,Low Risk,2217.289999999999,2998.3098619019856,642.3927407185864,0.40514584522502306,Monitor,Monitor engagement and purchase activity,188
C00632,medium,ads,Jaipur,22,female,19,43,489133,409073.88,346340.02,62733.85999999998,15.34,21530.2,2024-07-07,2025-12-13,18,524,256,134,69,36,17,3,4,1,13.23,0.2695,0.1406,0.0664,4,165122.0,0,0.1321959776334776,13.21959776334776,0,3,4,4,344,11,High Value,Low Risk,62733.85999999998,64661.41512779579,8293.163953421712,0.4020787072811216,Low,Low-touch retention monitoring,189
C00248,medium,organic,Bhubaneswar,28,male,14,32,275153,253589.31,188413.41,65175.9,25.7,18113.52,2025-02-16,2025-11-22,39,279,148,80,25,21,22,3,4,1,18.32,0.1689,0.1419,0.1486,3,21716.37,0,0.12664799783549777,12.664799783549777,0,2,3,3,233,8,Needs Attention,Low Risk,65175.9,34847.57654843072,8254.397242126619,0.398582340736559,Low,Low-touch retention monitoring,190
C01115,medium,referral,Hyderabad,33,male,5,10,59219,54863.1,43967.79,10895.309999999996,19.86,10972.62,2025-09-17,2025-11-25,36,69,53,26,13,10,4,3,4,1,26.45,0.2453,0.1887,0.0755,6,60751.8,0,0.20435462454212444,20.435462454212445,0,2,2,2,222,6,Hibernating,Low Risk,10895.309999999996,12101.676510760068,2226.506984320053,0.3983485579066219,Monitor,Monitor engagement and purchase activity,191
C00403,medium,organic,Mumbai,34,male,1,1,37838,35946.1,24884.77,11061.329999999998,30.77,35946.1,2025-12-04,2025-12-04,27,0,14,9,4,0,1,3,3,1,1.0,0.2857,0.0,0.0714,3,73705.84,0,0.20343825618825612,20.343825618825612,0,2,1,1,211,4,Hibernating,Low Risk,11061.329999999998,7697.696737651235,2250.2976863228428,0.39817874658917574,Monitor,Monitor engagement and purchase activity,192
C00923,medium,organic,Pune,55,male,5,10,28995,25697.08,20151.79,5545.29,21.58,5139.42,2025-09-08,2025-10-13,79,35,54,27,15,8,4,3,4,1,52.14,0.2778,0.1481,0.0741,3,75130.20000000001,0,0.23489402958152955,23.489402958152954,0,1,2,1,121,4,Hibernating,Low Risk,5545.29,6810.752387716449,1302.55551329816,0.3975072364777138,Monitor,Re-engagement monitoring,193
C00123,medium,referral,Jaipur,27,male,9,21,112787,96627.06,77944.44,18682.62,19.33,10736.34,2025-03-05,2025-08-11,142,159,165,80,48,20,17,3,4,1,20.66,0.2909,0.1212,0.103,5,188598.04,0,0.1768343253968254,17.68343253968254,0,1,2,2,122,5,Hibernating,Low Risk,18682.62,19944.613058531744,3303.728504345238,0.3959465040542876,Low,Low-touch retention monitoring,194
C00648,medium,organic,Mumbai,23,male,11,24,201911,185990.11,132179.04,53811.06999999998,28.93,16908.19,2025-01-04,2025-11-30,31,330,172,94,41,18,19,3,4,1,12.17,0.2384,0.1047,0.1105,5,44195.87,0,0.13034314296814295,13.034314296814294,0,2,3,3,233,8,Needs Attention,Low Risk,53811.06999999998,26317.71433984071,7013.903990278745,0.39497503927044736,Low,Low-touch retention monitoring,195
C00098,medium,organic,Jaipur,30,male,21,41,543957,496527.2,394607.95,101919.24999999996,20.53,23644.15,2024-02-06,2025-06-26,188,506,341,174,90,47,30,3,4,1,15.15,0.2639,0.1378,0.088,3,148196.81999999998,0,0.1044136904761905,10.44136904761905,0,1,4,4,144,9,At Risk High Value,Low Risk,101919.24999999996,56796.55783035715,10641.765023065473,0.39432773295732026,Low,Low-touch retention monitoring,196
C01142,medium,organic,Delhi,24,female,11,25,327247,289208.47,234746.83,54461.63999999999,18.83,26291.68,2025-03-12,2025-12-29,2,292,145,77,31,15,22,3,4,1,13.75,0.2138,0.1034,0.1517,4,41405.21,0,0.12830493117993116,12.830493117993116,0,5,3,3,533,11,Recent Customers,Low Risk,54461.63999999999,41987.40381383894,6987.6969721461855,0.39361822968732213,Low,Low-touch retention monitoring,197
C00265,medium,organic,Mumbai,21,male,21,42,521414,471157.77,376014.5,95143.27,20.19,22436.08,2024-05-23,2025-09-19,103,484,278,133,65,51,29,3,4,1,15.84,0.2338,0.1835,0.1043,3,54491.67,0,0.10615665584415583,10.615665584415583,0,1,4,4,144,9,At Risk High Value,Low Risk,95143.27,55351.56655032467,10100.091369277596,0.39350501515004443,Low,Low-touch retention monitoring,198
C00054,medium,referral,Bangalore,47,male,24,53,600259,570799.5599999999,422636.36,148163.19999999998,25.96,23783.31,2024-02-26,2025-11-18,43,631,330,175,85,36,34,3,4,1,13.88,0.2576,0.1091,0.103,2,8284.32,0,0.08954554473304473,8.954554473304473,0,2,4,5,245,11,At Risk High Value,Low Risk,148163.19999999998,53750.51913591269,13267.354453391052,0.39329412152262555,Low,Low-touch retention monitoring,199
C01030,medium,referral,Bhubaneswar,18,male,18,37,196880,180374.82,132993.04,47381.77999999999,26.27,10020.82,2024-05-19,2025-12-23,8,583,283,144,69,40,30,3,4,1,11.27,0.2438,0.1413,0.106,4,29709.0,0,0.1327522269397269,13.27522269397269,0,4,3,3,433,10,Recent Customers,Low Risk,47381.77999999999,26136.258439893434,6290.0368113682125,0.3925247695549711,Low,Low-touch retention monitoring,200
C00628,medium,ads,Ahmedabad,32,female,32,57,536079,457530.29,394161.05,63369.24,13.85,14297.82,2024-03-16,2025-11-02,59,596,307,145,75,58,29,3,4,1,19.6,0.2443,0.1889,0.0945,3,32552.96,0,0.12054960317460313,12.054960317460313,0,1,5,4,154,10,At Risk High Value,Low Risk,63369.24,64624.11072023807,7639.136735476187,0.39215287891928013,Low,Low-touch retention monitoring,201
C01015,medium,organic,Pune,33,male,11,24,200344,189446.65,135672.73,53773.920000000006,28.38,17222.42,2025-06-17,2025-12-24,7,190,94,46,19,23,6,3,4,1,21.13,0.2021,0.2447,0.0638,8,127682.53,0,0.12662930819180812,12.662930819180811,0,4,3,3,433,10,Recent Customers,Low Risk,53773.920000000006,25369.422120379608,6809.354288361636,0.39168820943761745,Low,Low-touch retention monitoring,202
C00276,medium,ads,Jaipur,18,female,21,34,389082,359240.65,287446.29000000004,71794.35999999999,19.99,17106.7,2024-01-13,2025-12-15,16,702,329,158,75,65,31,3,4,1,10.92,0.228,0.1976,0.0942,3,7746.0,0,0.11340268759018757,11.340268759018757,0,3,4,4,344,11,High Value,Low Risk,71794.35999999999,44122.94449296536,8141.673377817458,0.3901433694352756,Low,Low-touch retention monitoring,203
C00598,medium,ads,Kolkata,46,female,3,8,174802,162065.2,118530.53,43534.67000000001,26.86,54021.73,2025-08-22,2025-10-17,75,56,67,30,23,4,10,3,4,1,19.55,0.3433,0.0597,0.1493,3,9799.31,0,0.13238895132645137,13.238895132645137,0,1,1,2,112,4,Hibernating,Low Risk,43534.67000000001,23141.853469766353,5763.509307643124,0.38918032170121014,Low,Low-touch retention monitoring,204
C00078,medium,organic,Chennai,42,male,18,47,359287,325957.81,252986.05,72971.76,22.39,18108.77,2024-07-02,2025-11-13,48,499,244,119,69,37,19,3,4,1,13.17,0.2828,0.1516,0.0779,3,14415.28,0,0.11073286435786434,11.073286435786434,0,2,3,4,234,9,At Risk High Value,Low Risk,72971.76,39784.878636544,8080.37200203463,0.38827116768648867,Low,Low-touch retention monitoring,205
C01051,medium,organic,Chennai,41,female,32,62,697197,627775.83,493015.65,134760.18,21.47,19617.99,2024-02-17,2025-12-16,15,668,371,211,73,56,31,3,4,1,17.49,0.1968,0.1509,0.0836,1,26466.45,0,0.0877265581640582,8.77265581640582,0,3,5,5,355,13,High Value,Low Risk,134760.18,61162.69317230688,11822.04676896895,0.3880773694284571,Low,Low-touch retention monitoring,206
C00208,medium,referral,Mumbai,34,other,2,4,60729,52501.29,43348.9,9152.39,17.43,26250.65,2025-09-23,2025-10-09,83,16,49,25,15,3,6,3,4,1,45.63,0.3061,0.0612,0.1224,3,57278.95,0,0.19862229437229437,19.862229437229438,0,1,1,2,112,4,Hibernating,Low Risk,9152.39,12062.133314935065,1817.868700790043,0.38765977274477026,Low,Low-touch retention monitoring,207
C01172,medium,referral,Bhubaneswar,33,male,24,44,354392,325427.46,246775.88,78651.58,24.17,13559.48,2024-03-08,2025-11-08,53,610,323,144,92,54,33,3,4,1,14.36,0.2848,0.1672,0.1022,2,57146.97,0,0.10678255772005776,10.678255772005777,0,2,4,4,244,10,At Risk High Value,Low Risk,78651.58,37842.88419552671,8398.61688112374,0.38728256867981536,Low,Low-touch retention monitoring,208
C01043,medium,ads,Bhubaneswar,19,male,1,1,21340,18992.6,14781.73,4210.869999999999,22.17,18992.6,2025-10-17,2025-10-17,75,0,73,39,16,9,9,3,4,1,1.0,0.2192,0.1233,0.1233,5,122203.9,0,0.23359167915417903,23.359167915417903,0,1,1,1,111,3,Hibernating,Low Risk,4210.869999999999,4984.84643315018,983.6241939999576,0.3866891743811721,Monitor,Re-engagement monitoring,209
C00296,medium,ads,Delhi,18,male,9,23,325964,304420.61,225070.25,79350.36,26.07,33824.51,2025-06-17,2025-11-30,31,166,94,56,20,9,9,3,4,1,19.79,0.2128,0.0957,0.0957,6,125201.69,0,0.10508653846153843,10.508653846153843,0,2,2,3,223,7,Hibernating,Low Risk,79350.36,34254.42842307691,8338.65465807692,0.3860086926023937,Low,Low-touch retention monitoring,210
C00757,medium,ads,Hyderabad,36,female,24,45,317310,298660.61,229367.76,69292.84999999998,23.2,12444.19,2024-02-28,2025-12-10,21,651,343,169,89,56,29,3,4,1,13.46,0.2595,0.1633,0.0845,2,2866.71,0,0.10940836940836941,10.940836940836942,0,3,4,3,343,10,Potential Loyalists,Low Risk,69292.84999999998,34716.3696969697,7581.217730158728,0.38519593947668973,Low,Low-touch retention monitoring,211
C00145,medium,ads,Delhi,18,male,6,12,226592,212481.56,159798.42,52683.14,24.79,35413.59,2025-08-31,2025-12-14,17,105,65,31,17,13,4,3,4,1,20.86,0.2615,0.2,0.0615,1,11048.4,0,0.11973737373737375,11.973737373737375,0,3,2,3,323,8,Needs Attention,Low Risk,52683.14,27131.530989898994,6308.140823838385,0.38481864599153215,Low,Low-touch retention monitoring,212
C00182,medium,organic,Delhi,58,female,4,9,94441,78145.41,60633.280000000006,17512.129999999997,22.41,19536.35,2025-01-01,2025-10-09,83,281,140,65,40,16,19,3,4,1,5.2,0.2857,0.1143,0.1357,3,151312.05000000002,0,0.16562698412698407,16.562698412698406,0,1,2,2,122,5,Hibernating,Low Risk,17512.129999999997,15641.978007936503,2900.481277539681,0.3845672816338769,Low,Low-touch retention monitoring,213
C01083,high,referral,Delhi,47,male,2,2,19255,17670.85,11757.5,5913.349999999999,33.46,8835.42,2025-11-26,2025-12-06,25,10,39,20,9,5,5,3,4,1,73.0,0.2308,0.1282,0.1282,11,131936.89,0,0.2144045121545121,21.44045121545121,0,2,1,1,211,4,Hibernating,Low Risk,5913.349999999999,4128.35888153513,1267.848921948884,0.3842482655460886,Monitor,Monitor engagement and purchase activity,214
C00456,medium,organic,Ahmedabad,32,male,15,32,415109,377615.93,302418.2,75197.73,19.91,25174.4,2025-05-31,2025-11-13,48,166,145,76,43,17,9,3,4,1,32.98,0.2966,0.1172,0.0621,4,8478.539999999999,0,0.10407242063492063,10.407242063492063,0,2,3,4,234,9,At Risk High Value,Low Risk,75197.73,43201.39845734127,7826.0097873511895,0.3831309461297368,Low,Low-touch retention monitoring,215
C01110,high,organic,Hyderabad,37,female,59,122,1583517,1437408.27,1167186.24,270222.03,18.8,24362.85,2024-08-09,2025-12-31,0,509,488,240,128,70,50,3,4,1,42.31,0.2623,0.1434,0.1025,9,112085.12,0,0.05928869047619046,5.928869047619046,0,5,5,5,555,15,Champions,Low Risk,270222.03,93884.64927678568,16021.110296517854,0.38188574147884924,Low,Low-touch retention monitoring,216
C00221,medium,ads,Bhubaneswar,28,male,19,33,390775,358217.58,282709.49,75508.09,21.08,18853.56,2024-07-14,2025-12-27,4,531,292,145,85,34,28,3,4,1,13.06,0.2911,0.1164,0.0959,3,42014.29,0,0.10230565961815963,10.230565961815962,0,4,4,4,444,12,Champions,Low Risk,75508.09,39978.494137286325,7724.9049539573625,0.38160582661316866,Low,Low-touch retention monitoring,217
C01000,medium,ads,Mumbai,23,male,6,10,31232,29468.9,22749.71,6719.189999999998,22.8,4911.48,2025-09-04,2025-12-03,28,90,48,24,11,9,4,3,4,1,24.33,0.2292,0.1875,0.0833,2,21956.41,0,0.2048720372764489,20.48720372764489,0,2,2,1,221,5,Hibernating,Low Risk,6719.189999999998,6398.563468218052,1376.5741441475423,0.3814695503036908,Monitor,Monitor engagement and purchase activity,218
C00654,medium,ads,Chennai,24,male,8,20,264244,242508.95,193019.45,49489.49999999999,20.41,30313.62,2024-09-22,2025-12-06,25,440,218,107,54,33,24,3,4,1,6.64,0.2477,0.1514,0.1101,4,124307.37,0,0.11821505577755577,11.821505577755577,0,3,2,3,323,8,Needs Attention,Low Risk,49489.49999999999,31237.619198884448,5850.404002903346,0.38121115646732295,Low,Low-touch retention monitoring,219
C00279,medium,ads,Delhi,18,female,5,8,204295,191592.17,156126.81,35465.359999999986,18.51,38318.43,2025-10-28,2025-11-26,35,29,38,22,9,4,3,3,4,1,62.93,0.2368,0.1053,0.0789,3,6888.53,0,0.13128968253968257,13.128968253968257,0,2,2,3,223,7,Hibernating,Low Risk,35465.359999999986,26821.82569444445,4656.235855555555,0.38089115472030954,Low,Low-touch retention monitoring,220
C00826,medium,organic,Delhi,28,male,14,28,485205,430864.04,346002.36000000004,84861.67999999998,19.7,30776.0,2024-08-18,2025-10-27,65,435,253,131,70,27,25,3,4,1,11.75,0.2767,0.1067,0.0988,4,35293.59,0,0.09717839105339104,9.717839105339104,0,1,3,4,134,8,At Risk High Value,Low Risk,84861.67999999998,47151.4412310606,8246.721524487732,0.3808673031697906,Low,Low-touch retention monitoring,221
C01092,medium,ads,Bangalore,25,male,14,28,258898,237095.16,173003.34,64091.82,27.03,16935.37,2024-05-18,2025-09-17,105,487,266,136,68,40,22,3,4,1,10.49,0.2556,0.1504,0.0827,3,20145.48,0,0.10725080801551394,10.725080801551394,0,1,3,3,133,7,Needs Attention,Low Risk,64091.82,27767.019693600527,6873.899482184876,0.38039852071609903,Low,Low-touch retention monitoring,222
C00484,medium,organic,Delhi,35,male,17,34,329390,309530.48,230298.02,79232.45999999999,25.6,18207.68,2024-07-20,2025-12-03,28,501,257,144,52,35,26,3,4,1,12.39,0.2023,0.1362,0.1012,5,125446.46,0,0.09875465057817998,9.875465057817998,0,2,3,3,233,8,Needs Attention,Low Risk,79232.45999999999,32528.7943539467,7824.573901749621,0.379933721445368,Low,Low-touch retention monitoring,223
C01069,medium,ads,Bhubaneswar,37,male,16,36,536921,478272.89,381552.48,96720.41,20.22,29892.06,2025-03-20,2025-11-07,54,232,141,65,36,27,13,3,4,1,25.17,0.2553,0.1915,0.0922,2,9171.0,0,0.09119174575424578,9.119174575424578,0,2,3,4,234,9,At Risk High Value,Low Risk,96720.41,48962.7633221154,8820.103037966412,0.379679396281893,Low,Low-touch retention monitoring,224
C01033,medium,referral,Pune,47,female,22,43,560830,516384.97,394775.84,121609.13,23.55,23472.04,2024-04-29,2025-10-22,70,541,278,144,73,39,22,3,4,1,14.84,0.2626,0.1403,0.0791,4,123419.37,0,0.08296999007936508,8.296999007936508,0,1,4,4,144,9,At Risk High Value,Low Risk,121609.13,46532.05953621032,10089.908309660219,0.37955693752540076,Low,Low-touch retention monitoring,225
C00407,medium,ads,Bangalore,40,male,20,36,329394,312477.69,232901.97000000003,79575.71999999997,25.47,15623.88,2024-06-28,2025-10-25,67,484,256,125,64,48,19,3,4,1,15.08,0.25,0.1875,0.0742,4,121678.13,0,0.09781307907778497,9.781307907778498,0,1,4,3,143,8,Needs Attention,Low Risk,79575.71999999997,32219.0413697479,7783.546193031672,0.3791807527315985,Low,Low-touch retention monitoring,226
C00771,medium,ads,Ahmedabad,24,male,9,21,163217,145920.33,120698.93,25221.399999999983,17.28,16213.37,2025-04-17,2025-12-31,0,258,137,66,26,27,18,3,4,1,12.73,0.1898,0.1971,0.1314,2,4839.31,0,0.1420898268398268,14.20898268398268,0,5,2,2,522,9,Recent Customers,Low Risk,25221.399999999983,23191.47526731601,3583.7043586580053,0.3780086581662998,Low,Low-touch retention monitoring,227
C01081,medium,ads,Bhubaneswar,32,female,24,50,440319,414929.95,305322.91,109607.03999999998,26.42,17288.75,2024-08-30,2025-12-14,17,471,262,132,71,38,21,3,4,1,18.6,0.271,0.145,0.0802,1,2919.35,0,0.08494390331890335,8.494390331890335,0,3,4,4,344,11,High Value,Low Risk,109607.03999999998,37402.4145654762,9310.44980883117,0.37786575655819366,Low,Low-touch retention monitoring,228
C00806,medium,ads,Bangalore,18,female,10,19,143183,136973.88999999998,102823.57,34150.31999999999,24.93,13697.39,2025-05-13,2025-10-01,91,141,164,90,32,16,26,3,4,1,25.89,0.1951,0.0976,0.1585,5,58827.45,0,0.12872680056871239,12.87268005687124,0,1,2,2,122,5,Hibernating,Low Risk,34150.31999999999,18431.489485829945,4396.061431997709,0.37729718042716803,Low,Low-touch retention monitoring,229
C01035,medium,ads,Chennai,18,female,18,37,461960,425050.53,352722.36,72328.17,17.02,23613.92,2024-11-03,2025-12-18,13,410,192,82,66,30,14,3,4,1,16.02,0.3438,0.1563,0.0729,3,83266.56,0,0.09913257575757575,9.913257575757575,0,3,3,4,334,10,High Value,Low Risk,72328.17,45795.28469696969,7170.077791931818,0.3770363099709736,Low,Low-touch retention monitoring,230
C00390,medium,ads,Jaipur,27,female,2,3,51795,48429.70999999999,32403.9,16025.809999999994,33.09,24214.85,2025-11-23,2025-12-03,28,10,18,9,5,3,1,3,4,1,73.0,0.2778,0.1667,0.0556,5,155380.52999999997,0,0.1581649531024531,15.81649531024531,0,2,1,1,211,4,Hibernating,Low Risk,16025.809999999994,8192.153745941558,2534.721487078823,0.3752703378935291,Low,Low-touch retention monitoring,231
C00268,medium,ads,Chennai,41,female,5,8,17090,14642.37,12327.47,2314.9,15.81,2928.47,2025-08-26,2025-11-09,52,75,85,45,14,7,19,3,4,1,24.33,0.1647,0.0824,0.2235,2,28702.8,0,0.24577838787029951,24.57783878702995,0,2,2,1,221,5,Hibernating,Low Risk,2314.9,4200.352648703419,568.9523900809563,0.37444563940970493,Monitor,Monitor engagement and purchase activity,232
C00132,medium,organic,Delhi,24,male,3,5,38218,27753.26,29876.93,-2123.670000000001,-7.65,9251.09,2025-10-04,2025-11-07,54,34,36,17,13,2,4,3,4,1,32.21,0.3611,0.0556,0.1111,2,16113.06,0,0.12086309523809526,12.086309523809526,0,2,1,1,211,4,Hibernating,Low Risk,38218.0,4619.145773809524,4619.145773809524,0.37434919304952424,Low,Low-touch retention monitoring,233
C01173,high,ads,Delhi,18,male,3,6,108943,100661.9,70867.64,29794.26,29.6,33553.97,2025-11-03,2025-12-11,20,38,63,37,13,4,9,3,4,1,28.82,0.2063,0.0635,0.1429,10,230609.92,0,0.130751443001443,13.0751443001443,0,3,1,2,312,6,Needs Attention,Low Risk,29794.26,14244.454454906205,3895.6424881601733,0.3741902269104805,Low,Low-touch retention monitoring,234
C00292,medium,ads,Bhubaneswar,18,male,21,48,445279,413331.77,304065.65,109266.12,26.44,19682.47,2024-05-16,2025-12-10,21,573,285,148,62,39,36,3,4,1,13.38,0.2175,0.1368,0.1263,4,145215.25999999998,0,0.08095337301587303,8.095337301587303,0,3,4,4,344,11,High Value,Low Risk,109266.12,36046.83698313493,8845.460970357144,0.37363905194413877,Low,Low-touch retention monitoring,235
C00149,medium,ads,Hyderabad,28,male,21,45,444262,406206.93,313394.11,92812.81999999998,22.85,19343.19,2024-08-20,2025-10-25,67,431,232,117,58,40,17,3,4,1,17.78,0.25,0.1724,0.0733,3,118413.75,0,0.08654014041514042,8.654014041514042,0,1,4,4,144,9,At Risk High Value,Low Risk,92812.81999999998,38446.495861111114,8032.034475125151,0.373540939668083,Low,Low-touch retention monitoring,236
C00781,medium,organic,Pune,23,male,11,18,233660,217483.89,154344.88,63139.01000000001,29.03,19771.26,2024-08-15,2025-09-28,94,409,246,113,83,29,21,3,4,1,9.82,0.3374,0.1179,0.0854,3,24797.52,0,0.09968533549783551,9.968533549783551,0,1,3,3,133,7,Needs Attention,Low Risk,63139.01000000001,23292.475492424244,6294.0333948511925,0.3727073513358705,Low,Low-touch retention monitoring,237
C00479,medium,ads,Ahmedabad,30,male,12,25,440318,385507.55,332126.28,53381.26999999997,13.85,32125.63,2024-10-19,2025-12-06,25,413,209,109,49,34,17,3,4,1,10.61,0.2344,0.1627,0.0813,8,87942.05,0,0.10598376623376624,10.598376623376623,0,3,3,4,334,10,High Value,Low Risk,53381.26999999997,46666.55998051948,5657.548040941555,0.37267358570685627,Low,Low-touch retention monitoring,238
C00240,medium,referral,Bangalore,32,male,6,14,134389,123175.17,101490.93,21684.24,17.6,20529.19,2025-09-10,2025-12-27,4,108,53,34,6,6,7,3,4,1,20.28,0.1132,0.1132,0.1321,2,106173.96,0,0.14192911949161943,14.192911949161942,0,4,2,2,422,8,Recent Customers,Low Risk,21684.24,19073.712439359242,3077.625090044954,0.37246833709842764,Low,Low-touch retention monitoring,239
C00251,medium,ads,Ahmedabad,18,male,21,38,319447,273467.29,214964.97,58502.32,21.39,13022.25,2024-07-08,2025-12-25,6,535,271,126,71,50,24,3,4,1,14.33,0.262,0.1845,0.0886,5,19869.95,0,0.10139718614718614,10.139718614718614,0,4,4,3,443,11,Loyal Customers,Low Risk,58502.32,32391.02692316017,5931.97063108225,0.37161560929187887,Low,Low-touch retention monitoring,240
C00635,high,referral,Bhubaneswar,43,female,2,2,9406,8766.3,6710.22,2056.08,23.45,4383.15,2025-12-25,2025-12-26,5,1,14,6,5,2,1,3,4,1,730.0,0.3571,0.1429,0.0714,12,82977.68,0,0.24755395299145289,24.755395299145288,0,4,1,1,411,6,Recent Customers,Low Risk,2056.08,2328.4924818376057,508.9907316666664,0.37153480715802256,Monitor,Monitor engagement and purchase activity,241
C00486,medium,ads,Ahmedabad,56,male,1,3,68748,65998.08,46434.78,19563.300000000003,29.64,65998.08,2025-11-20,2025-11-20,41,0,32,19,6,5,2,3,4,1,1.0,0.1875,0.1563,0.0625,5,248350.55,0,0.1449196012321012,14.49196012321012,0,2,1,2,212,5,Hibernating,Low Risk,19563.300000000003,9962.932745504493,2835.105634783966,0.37132767671799716,Low,Low-touch retention monitoring,242
C00423,medium,ads,Bhubaneswar,19,male,24,48,486524,456999.76,342549.61,114450.14999999997,25.04,19041.66,2024-07-17,2025-12-03,28,504,222,105,53,43,21,3,4,1,17.38,0.2387,0.1937,0.0946,2,103708.44,0,0.07646816378066379,7.646816378066379,0,2,4,4,244,10,At Risk High Value,Low Risk,114450.14999999997,37203.59691522367,8751.792814921535,0.3705671699504718,Low,Low-touch retention monitoring,243
C00177,medium,ads,Delhi,24,male,10,17,219886,200487.32,154507.76,45979.56,22.93,20048.73,2025-01-14,2025-12-13,18,333,148,80,29,25,14,3,4,1,10.96,0.1959,0.1689,0.0946,4,72995.69,0,0.10943641774891771,10.943641774891772,0,3,2,3,323,8,Needs Attention,Low Risk,45979.56,24063.53615313852,5031.838336071427,0.37055356630565306,Low,Low-touch retention monitoring,244
C00213,medium,ads,Kolkata,18,male,21,43,409740,393852.85,281916.13,111936.72,28.42,18754.9,2024-01-06,2025-12-16,15,710,318,152,87,45,34,3,4,1,10.8,0.2736,0.1415,0.1069,5,76753.81,0,0.07683531746031748,7.683531746031748,0,3,4,4,344,11,High Value,Low Risk,111936.72,31482.502976190484,8600.693416666669,0.37016457782866213,Low,Low-touch retention monitoring,245
C00684,medium,organic,Bhubaneswar,31,male,10,19,325637,292074.79,236948.51,55126.279999999984,18.87,29207.48,2025-07-26,2025-12-10,21,137,90,48,21,14,7,3,4,1,26.64,0.2333,0.1556,0.0778,1,25410.6,0,0.10200646575646573,10.200646575646573,0,3,2,3,323,8,Needs Attention,Low Risk,55126.279999999984,33217.07948953823,5623.23699310134,0.3700696527275481,Low,Low-touch retention monitoring,246
C00021,medium,ads,Chennai,32,male,12,27,136964,127109.85,97193.13,29916.719999999998,23.54,10592.49,2025-01-03,2025-10-17,75,287,184,82,50,37,15,3,4,1,15.26,0.2717,0.2011,0.0815,3,16639.05,0,0.12381688450438451,12.381688450438451,0,1,3,2,132,6,Needs Attention,Low Risk,29916.719999999998,16958.45576925852,3704.19506499001,0.3682274359887483,Low,Low-touch retention monitoring,247
C00119,medium,organic,Chennai,38,female,8,14,115446,109029.98,73071.64,35958.34,32.98,13628.75,2024-08-08,2025-08-24,129,381,238,130,57,27,24,3,4,1,7.66,0.2395,0.1134,0.1008,2,71509.76,0,0.1162914862914863,11.62914862914863,0,1,2,2,122,5,Hibernating,Low Risk,35958.34,13425.386926406929,4181.648803174603,0.3680478019794227,Low,Low-touch retention monitoring,248
C00509,medium,ads,Delhi,53,female,20,42,243676,220715.59,164640.38,56075.20999999999,25.41,11035.78,2024-03-19,2025-12-27,4,648,327,185,72,28,42,3,4,1,11.27,0.2202,0.0856,0.1284,2,26524.92,0,0.09852379564879567,9.852379564879566,0,4,4,3,443,11,Loyal Customers,Low Risk,56075.20999999999,24007.884428515932,5524.742531003302,0.3673480835234147,Low,Low-touch retention monitoring,249
C00069,medium,referral,Jaipur,21,other,24,47,371317,348290.3,256310.98,91979.31999999998,26.41,14512.1,2024-01-18,2025-12-08,23,690,336,173,92,36,35,3,4,1,12.7,0.2738,0.1071,0.1042,1,1783.6,0,0.07998929716117216,7.998929716117216,0,3,4,4,344,11,High Value,Low Risk,91979.31999999998,29701.38585399496,7357.3611601625435,0.3664725316875772,Low,Low-touch retention monitoring,250
C00029,medium,organic,Pune,39,male,22,47,472192,446991.92,330148.76,116843.16,26.14,20317.81,2025-01-03,2025-12-24,7,355,211,107,58,30,16,3,4,1,22.62,0.2749,0.1422,0.0758,5,45984.31,0,0.07195033846872083,7.195033846872083,0,4,4,4,444,12,Champions,Low Risk,116843.16,33974.37422222223,8406.904909754903,0.36641851424329885,Low,Low-touch retention monitoring,251
C00087,medium,referral,Hyderabad,29,female,13,24,277383,255858.64,203033.63,52825.01,20.65,19681.43,2024-10-27,2025-12-10,21,409,195,88,55,37,15,3,4,1,11.6,0.2821,0.1897,0.0769,1,733.1999999999999,0,0.0996077967171717,9.96077967171717,0,3,3,3,333,9,Potential Loyalists,Low Risk,52825.01,27629.509476799238,5261.7828576625625,0.3662544357099816,Low,Low-touch retention monitoring,252
C00833,medium,referral,Bangalore,40,male,15,35,294312,265248.74,215094.02,50154.71999999997,18.91,17683.25,2025-02-26,2025-12-29,2,306,149,68,40,29,12,3,4,1,17.89,0.2685,0.1946,0.0805,6,35350.32,0,0.10147113997113996,10.147113997113996,0,5,3,3,533,11,Recent Customers,Low Risk,50154.71999999997,29864.174147186146,5089.25661333333,0.3661801762048243,Low,Low-touch retention monitoring,253
C01119,medium,organic,Chennai,18,male,14,33,380924,343307.52,262731.68,80575.83999999998,23.47,24521.97,2024-12-10,2025-11-30,31,355,180,87,44,28,21,3,4,1,14.39,0.2444,0.1556,0.1167,1,6084.54,0,0.0839584235209235,8.39584235209235,0,2,3,4,234,9,At Risk High Value,Low Risk,80575.83999999998,31981.778521284265,6765.020500274168,0.3658520650881439,Low,Low-touch retention monitoring,254
C00447,medium,ads,Hyderabad,30,male,3,7,89019,81373.32,63677.04,17696.28,21.75,27124.44,2025-11-04,2025-11-08,53,4,41,24,10,2,5,3,4,1,273.75,0.2439,0.0488,0.122,4,71581.76,0,0.14258812021312017,14.258812021312018,0,2,1,2,212,5,Hibernating,Low Risk,17696.28,12693.051873251745,2523.279299965034,0.3657624656742819,Low,Low-touch retention monitoring,255
C00511,medium,ads,Pune,25,male,17,36,306811,282028.17,206572.22,75455.95,26.75,16589.89,2024-11-07,2025-12-29,2,417,214,104,57,36,17,3,4,1,14.88,0.2664,0.1682,0.0794,4,126675.0,0,0.08580612075832661,8.580612075832661,0,5,3,3,533,11,Recent Customers,Low Risk,75455.95,26326.261715982946,6474.582357634255,0.36539130308640433,Low,Low-touch retention monitoring,256
C01077,medium,referral,Bangalore,41,male,9,20,282720,254574.74,197058.39,57516.34999999999,22.59,28286.08,2025-06-15,2025-11-26,35,164,86,40,19,20,7,3,4,1,20.03,0.2209,0.2326,0.0814,6,57030.15,0,0.0947883297258297,9.478832972582971,0,2,2,3,223,7,Hibernating,Low Risk,57516.34999999999,26798.556580086573,5451.878748426225,0.3646319984674036,Low,Low-touch retention monitoring,257
C00492,medium,ads,Ahmedabad,25,male,14,23,231833,214746.42,156047.39,58699.02999999999,27.33,15339.03,2024-12-14,2025-12-26,5,377,203,97,47,37,22,3,4,1,13.55,0.2315,0.1823,0.1084,4,18814.08,0,0.09400519251989838,9.400519251989838,0,4,3,3,433,10,Recent Customers,Low Risk,58699.02999999999,21793.5057974656,5518.013615881289,0.36459333690910767,Low,Low-touch retention monitoring,258
C01148,medium,ads,Hyderabad,42,male,26,58,507782,463629.18,360378.1,103251.08,22.27,17831.89,2024-05-04,2025-11-30,31,575,291,147,81,41,22,3,4,1,16.5,0.2784,0.1409,0.0756,4,95984.64,0,0.07417506105006105,7.4175061050061055,0,2,4,4,244,10,At Risk High Value,Low Risk,103251.08,37664.760850122104,7658.655162484738,0.3644194187970778,Low,Low-touch retention monitoring,259
C00328,medium,organic,Delhi,37,female,23,39,438236,408386.28,298691.84,109694.44,26.86,17755.93,2024-02-09,2025-12-06,25,666,305,147,79,50,29,3,4,1,12.61,0.259,0.1639,0.0951,5,263728.02,0,0.07204554473304475,7.2045544733044755,0,3,4,4,344,11,High Value,Low Risk,109694.44,31572.9513416306,7902.995683986293,0.3642649298622897,Low,Low-touch retention monitoring,260
C01025,medium,organic,Chennai,18,other,29,55,553518,513781.89,403831.01,109950.87999999998,21.4,17716.62,2024-01-19,2025-12-24,7,705,328,163,93,46,26,3,4,1,15.01,0.2835,0.1402,0.0793,7,172116.08,0,0.07177777777777779,7.177777777777779,0,4,4,4,444,12,Champions,Low Risk,109950.87999999998,39730.29200000001,7892.02983111111,0.36405460901369224,Low,Low-touch retention monitoring,261
C00786,medium,ads,Delhi,31,female,22,40,397484,363016.07,295608.7,67407.37,18.57,16500.73,2024-06-13,2025-12-24,7,559,286,149,63,42,32,3,4,1,14.36,0.2203,0.1469,0.1119,7,221198.51,0,0.08811309523809525,8.811309523809525,0,4,4,4,444,12,Champions,Low Risk,67407.37,35023.545547619055,5939.472012559524,0.36369035179835807,Low,Low-touch retention monitoring,262
C00163,medium,ads,Bhubaneswar,22,female,2,4,50882,49454.26,34963.46,14490.800000000005,29.3,24727.13,2025-12-02,2025-12-09,22,7,39,16,11,10,2,3,4,1,104.29,0.2821,0.2564,0.0513,3,23769.300000000003,0,0.1485786505161505,14.857865051615049,0,3,1,1,311,5,Needs Attention,Low Risk,14490.800000000005,7559.978895562769,2153.023508899434,0.3636830597404813,Low,Low-touch retention monitoring,263
C01091,medium,ads,Bhubaneswar,33,male,3,9,29037,25770.09,20798.46,4971.63,19.29,8590.03,2025-11-15,2025-12-31,0,46,19,8,8,3,0,2,3,1,23.8,0.4211,0.1579,0.0,1,2984.8,0,0.19582128941320118,19.582128941320118,0,5,1,1,511,7,Recent Customers,Low Risk,4971.63,5686.0627806911225,973.5509970853534,0.363659113765129,Low,Low-touch retention monitoring,264
C00641,medium,ads,Ahmedabad,40,female,3,9,176301,171172.28999999998,134675.94,36496.34999999998,21.32,57057.43,2025-11-02,2025-11-25,36,23,33,15,5,10,3,3,4,1,47.61,0.1515,0.303,0.0909,4,78248.28,0,0.11053950216450213,11.053950216450213,0,2,1,2,212,5,Hibernating,Low Risk,36496.34999999998,19488.22477110389,4034.288359821425,0.3633136603698177,Low,Low-touch retention monitoring,265
C00049,medium,organic,Mumbai,18,male,18,34,426523,389667.08,284408.7,105258.38000000002,27.01,21648.17,2024-06-16,2025-12-17,14,549,252,120,64,44,24,3,4,1,11.97,0.254,0.1746,0.0952,2,6140.8,0,0.07245337301587303,7.245337301587303,0,3,3,4,334,10,High Value,Low Risk,105258.38000000002,30903.03001884921,7626.324669186511,0.3632351067377211,Low,Low-touch retention monitoring,266
C01155,medium,organic,Bhubaneswar,39,female,7,13,185821,169475.36000000002,120210.36000000002,49265.0,29.07,24210.77,2025-03-27,2025-09-29,93,186,177,97,37,21,22,3,4,1,13.74,0.209,0.1186,0.1243,4,77054.44,0,0.09897023809523808,9.897023809523809,0,1,2,2,122,5,Hibernating,Low Risk,49265.0,18390.748613095235,4875.768779761905,0.3631470681402397,Low,Low-touch retention monitoring,267
C00658,medium,organic,Mumbai,22,female,20,34,451566,411513.26,331636.35,79876.91,19.41,20575.66,2024-05-09,2025-12-25,6,595,271,117,77,46,31,3,4,1,12.27,0.2841,0.1697,0.1144,4,96197.44,0,0.08122039072039074,8.122039072039074,0,4,4,4,444,12,Champions,Low Risk,79876.91,36676.36695604397,6487.633839737487,0.36271188606761623,Low,Low-touch retention monitoring,268
C00813,medium,referral,Bhubaneswar,23,male,21,41,225233,207787.57,163700.96,44086.60999999999,21.22,9894.65,2024-07-28,2025-12-24,7,514,223,109,62,28,24,3,4,1,14.91,0.278,0.1256,0.1076,3,16162.02,0,0.10265476190476192,10.26547619047619,0,4,4,3,443,11,Loyal Customers,Low Risk,44086.60999999999,23121.23998809524,4525.700452738095,0.3626933119193432,Low,Low-touch retention monitoring,269
C00713,medium,referral,Kolkata,49,male,12,24,341488,297783.04,250244.77,47538.26999999998,15.96,24815.25,2024-09-25,2025-11-04,57,405,223,115,50,35,23,3,4,1,10.81,0.2242,0.157,0.1031,3,37990.2,0,0.09967559523809526,9.967559523809525,0,2,3,3,233,8,Needs Attention,Low Risk,47538.26999999998,34038.019666666674,4738.405358839284,0.36254829917620457,Low,Low-touch retention monitoring,270
C00365,medium,referral,Chennai,33,female,26,51,369379,341507.23,252751.91,88755.31999999999,25.99,13134.89,2024-06-07,2025-11-21,40,532,294,141,80,54,19,3,4,1,17.84,0.2721,0.1837,0.0646,4,207312.01,0,0.07677688783846874,7.677688783846874,0,2,4,4,244,10,At Risk High Value,Low Risk,88755.31999999999,28359.770052885746,6814.357248707401,0.3618030243993625,Low,Low-touch retention monitoring,271
C01111,medium,ads,Chennai,37,male,26,49,338871,308637.23,244202.56,64434.669999999984,20.88,11870.66,2024-06-10,2025-11-21,40,529,266,135,79,29,23,3,4,1,17.94,0.297,0.109,0.0865,2,24436.74,0,0.08773918442668442,8.773918442668442,0,2,4,3,243,9,Needs Attention,Low Risk,64434.669999999984,29732.265165854977,5653.445394602549,0.361700892916133,Low,Low-touch retention monitoring,272
C00179,medium,referral,Pune,27,male,1,3,53763,52150.11,42164.04,9986.07,19.15,52150.11,2025-12-17,2025-12-17,14,0,40,21,10,5,4,3,4,1,1.0,0.25,0.125,0.1,5,124397.72,0,0.16177741702741702,16.177741702741702,0,3,1,2,312,6,Needs Attention,Low Risk,9986.07,8697.639271645021,1615.5206108549783,0.3613342147453455,Low,Low-touch retention monitoring,273
C00452,medium,ads,Chennai,32,male,23,43,400181,371702.81,293092.84,78609.96999999997,21.15,16160.99,2024-08-26,2025-10-27,65,427,217,113,50,30,24,3,4,1,19.66,0.2304,0.1382,0.1106,4,102753.53,0,0.07925183558271795,7.925183558271795,0,1,4,4,144,9,At Risk High Value,Low Risk,78609.96999999997,31715.07881532765,6229.984417602388,0.3600814474151673,Low,Low-touch retention monitoring,274
C00552,medium,ads,Bangalore,21,male,20,43,569005,527104.11,415612.21,111491.9,21.15,26355.21,2024-08-07,2025-11-01,60,451,226,113,63,31,19,3,4,1,16.19,0.2788,0.1372,0.0841,1,19925.84,0,0.06761851343101342,6.761851343101342,0,1,4,4,144,9,At Risk High Value,Low Risk,111491.9,38475.27223481379,7538.916537599205,0.3599219079098555,Low,Low-touch retention monitoring,275
C01088,medium,organic,Delhi,24,male,17,34,465200,413590.25,337428.98000000004,76161.26999999999,18.41,24328.84,2024-06-18,2025-12-27,4,557,262,128,63,43,28,3,4,1,11.14,0.2405,0.1641,0.1069,6,35938.35,0,0.08012265512265512,8.012265512265513,0,4,3,4,434,11,High Value,Low Risk,76161.26999999999,37273.059163059166,6102.2431699134195,0.3598630040177072,Low,Low-touch retention monitoring,276
C00521,medium,referral,Jaipur,27,female,6,14,267763,248403.69,185200.11,63203.57999999999,25.44,41400.61,2025-09-13,2025-12-29,2,107,62,22,20,15,5,3,4,1,20.47,0.3226,0.2419,0.0806,4,187532.82,0,0.0864357031857032,8.64357031857032,0,5,2,3,523,10,Recent Customers,Low Risk,63203.57999999999,23144.283192113446,5463.0458811538465,0.35969360162828307,Low,Low-touch retention monitoring,277
C00756,medium,referral,Kolkata,39,male,30,60,504756,480243.51,349717.55,130525.95999999998,27.18,16008.12,2024-02-23,2025-12-30,1,676,358,190,96,40,32,3,4,1,16.2,0.2682,0.1117,0.0894,3,7473.58,0,0.06250799894549895,6.250799894549895,0,5,5,4,554,14,Champions,Low Risk,130525.95999999998,31551.287515734268,8158.916570040237,0.35968222327773647,Low,Low-touch retention monitoring,278
C00155,medium,ads,Delhi,22,male,22,38,423247,408463.48,289847.63,118615.85,29.04,18566.52,2024-07-13,2025-12-16,15,521,279,160,57,40,22,3,4,1,15.41,0.2043,0.1434,0.0789,5,100993.61,0,0.06544137806637808,6.544137806637808,0,3,4,4,344,11,High Value,Low Risk,118615.85,27697.86694246032,7762.384684514793,0.3596603633404494,Low,Low-touch retention monitoring,279
C00686,medium,organic,Ahmedabad,53,male,1,3,14274,14274.0,10391.55,3882.4500000000007,27.2,14274.0,2025-10-17,2025-10-17,75,0,30,11,5,5,9,3,4,1,1.0,0.1667,0.1667,0.3,4,56055.44,0,0.20114321789321787,20.11432178932179,0,1,1,1,111,3,Hibernating,Low Risk,3882.4500000000007,2871.118292207792,780.9284863095239,0.3589752948170417,Monitor,Re-engagement monitoring,280
C00921,high,organic,Bhubaneswar,23,male,17,28,304081,277574.26,210438.34,67135.91999999998,24.19,16327.9,2025-07-13,2025-12-12,19,152,166,93,33,32,8,3,4,1,40.82,0.1988,0.1928,0.0482,15,223920.18,0,0.08356619769119772,8.356619769119773,0,3,3,3,333,9,Potential Loyalists,Low Risk,67135.91999999998,25410.892960137095,5610.293562900433,0.358923077801695,Low,Low-touch retention monitoring,281
C01165,medium,referral,Bhubaneswar,25,male,24,44,376138,353142.4,266218.84,86923.55999999998,24.61,14714.27,2024-02-09,2025-11-21,40,651,328,165,81,44,38,3,4,1,13.46,0.247,0.1341,0.1159,2,144408.99,0,0.0744749902874903,7.44749902874903,0,2,4,4,244,10,At Risk High Value,Low Risk,86923.55999999998,28012.873896756028,6473.631286754079,0.35858737090865644,Low,Low-touch retention monitoring,282
C00706,medium,ads,Delhi,18,male,7,11,182541,146638.57,121952.69,24685.88,16.83,20948.37,2025-05-18,2025-12-28,3,224,104,51,22,19,12,3,4,1,11.41,0.2115,0.1827,0.1154,2,85283.04000000001,0,0.12054473304473307,12.054473304473307,0,5,2,2,522,9,Recent Customers,Low Risk,24685.88,22004.35611471862,2975.7528145743154,0.35843405254306493,Low,Low-touch retention monitoring,283
C00183,high,organic,Chennai,38,male,5,12,49951,42535.94,34385.91,8150.029999999999,19.16,8507.19,2025-12-15,2025-12-25,6,10,22,11,4,6,1,3,4,1,182.5,0.1818,0.2727,0.0455,11,110333.03,0,0.1669258866133866,16.692588661338657,0,4,2,1,421,7,Recent Customers,Low Risk,8150.029999999999,8338.114962225274,1360.4509836756988,0.3582807411026219,Low,Low-touch retention monitoring,284
C00391,medium,organic,Bhubaneswar,33,male,25,53,562087,515220.22,374451.28,140768.93999999997,27.32,20608.81,2024-02-25,2025-12-31,0,675,293,139,75,52,27,3,4,1,13.52,0.256,0.1775,0.0922,2,22400.66,0,0.0585952380952381,5.85952380952381,0,5,4,4,544,13,Champions,Low Risk,140768.93999999997,32935.6215952381,8248.389555714286,0.3577246447824871,Low,Low-touch retention monitoring,285
C00467,medium,organic,Bangalore,22,male,21,37,331101,300185.04,229163.11,71021.93,23.66,14294.53,2024-04-29,2025-12-07,24,587,267,138,60,35,34,3,4,1,13.06,0.2247,0.1311,0.1273,3,146663.77,0,0.0802792207792208,8.02792207792208,0,3,4,3,343,10,Potential Loyalists,Low Risk,71021.93,26580.530279220784,5701.585198636364,0.35752815549052996,Low,Low-touch retention monitoring,286
C01214,high,ads,Mumbai,33,female,9,19,251800,229745.97,170345.38,59400.58999999999,25.85,25527.33,2025-11-11,2025-12-28,3,47,44,25,7,11,1,3,4,1,69.89,0.1591,0.25,0.0227,7,131205.46,0,0.08645932539682538,8.645932539682539,0,5,2,3,523,10,Recent Customers,Low Risk,59400.58999999999,21770.45813492063,5135.734939573411,0.3574982129578762,Low,Low-touch retention monitoring,287
C00830,medium,ads,Mumbai,32,male,20,38,386988,365357.49,271945.4,93412.09,25.57,18267.87,2024-03-22,2025-11-22,39,610,319,165,75,48,31,3,4,1,11.97,0.2351,0.1505,0.0972,3,185428.85,0,0.07088527077497668,7.088527077497668,0,2,4,4,244,10,At Risk High Value,Low Risk,93412.09,27431.749166666676,6621.541293306491,0.35724148816311385,Low,Low-touch retention monitoring,288
C00958,medium,organic,Pune,37,female,22,48,465684,430487.27,334090.63,96396.64,22.39,19567.6,2024-06-15,2025-12-24,7,557,272,135,79,31,27,3,4,1,14.42,0.2904,0.114,0.0993,2,36274.92,0,0.06938308913308913,6.938308913308913,0,4,4,4,444,12,Champions,Low Risk,96396.64,32310.59447985348,6688.2966652503055,0.3566989336267454,Low,Low-touch retention monitoring,289
C00775,medium,ads,Kolkata,56,male,23,46,358617,324328.75,252132.69,72196.06,22.26,14101.25,2024-02-27,2025-11-25,36,637,325,173,66,58,28,3,4,1,13.18,0.2031,0.1785,0.0862,6,108104.96,0,0.07808165445665448,7.8081654456654475,0,2,4,4,244,10,At Risk High Value,Low Risk,72196.06,28001.40867628206,5637.187810051894,0.35580338220733576,Low,Low-touch retention monitoring,290
C00481,high,ads,Jaipur,36,female,78,147,1433005,1327614.83,997201.11,330413.72,24.89,17020.7,2024-01-29,2025-11-05,56,646,636,327,142,101,66,3,4,1,44.07,0.2233,0.1588,0.1038,12,346577.41000000003,0,0.03499702380952381,3.4997023809523813,0,2,5,5,255,12,At Risk High Value,Low Risk,330413.72,50150.91010416667,11563.496825833334,0.3556487462455218,Low,Low-touch retention monitoring,291
C00499,medium,organic,Kolkata,38,male,1,3,7569,7341.929999999999,4880.25,2461.6799999999994,33.53,7341.93,2025-11-16,2025-11-16,45,0,21,8,9,2,2,3,4,1,1.0,0.4286,0.0952,0.0952,5,54040.8,0,0.21740604881229866,21.740604881229867,0,2,1,1,211,4,Hibernating,Low Risk,2461.6799999999994,1645.5463834602886,535.1841222402593,0.3552375929459233,Monitor,Monitor engagement and purchase activity,292
C00463,medium,organic,Mumbai,49,female,27,56,433828,417797.56,295010.17,122787.38999999998,29.39,15473.98,2024-04-18,2025-12-17,14,608,287,137,85,41,24,3,4,1,16.21,0.2962,0.1429,0.0836,2,70219.95,0,0.060591575091575096,6.05915750915751,0,3,4,4,344,11,High Value,Low Risk,122787.38999999998,26286.32183882784,7439.881361483516,0.35523280461220735,Low,Low-touch retention monitoring,293
C00887,medium,referral,Bhubaneswar,50,male,7,14,200195,163216.17,140728.46000000002,22487.709999999995,13.78,23316.6,2025-06-29,2025-12-27,4,181,110,64,30,8,8,3,4,1,14.12,0.2727,0.0727,0.0727,3,50304.27,0,0.11989926739926741,11.98992673992674,0,4,2,3,423,9,Recent Customers,Low Risk,22487.709999999995,24003.23383699634,2696.259954487179,0.35452000027828945,Low,Low-touch retention monitoring,294
C00768,medium,organic,Jaipur,47,female,23,45,418011,400413.31,285352.81,115060.5,28.74,17409.27,2024-06-06,2025-12-26,5,568,279,143,62,51,23,3,4,1,14.78,0.2222,0.1828,0.0824,4,97008.39,0,0.06189087301587302,6.189087301587302,0,4,4,4,444,12,Champions,Low Risk,115060.5,25871.065720238097,7121.194794642857,0.3544466225065544,Low,Low-touch retention monitoring,295
C00629,medium,ads,Hyderabad,28,male,23,48,378122,351499.12,269221.92,82277.19999999998,23.41,15282.57,2024-09-23,2025-11-01,60,404,220,106,54,38,22,3,4,1,20.78,0.2455,0.1727,0.1,4,49114.49,0,0.07226236263736265,7.226236263736265,0,1,4,4,144,9,At Risk High Value,Low Risk,82277.19999999998,27323.989085164838,5945.544863186813,0.3542164603724348,Low,Low-touch retention monitoring,296
C00560,medium,ads,Bhubaneswar,40,female,25,49,602711,578959.4,423986.93,154972.46999999997,26.77,23158.38,2024-01-23,2025-12-31,0,708,342,177,84,51,30,3,4,1,12.89,0.2456,0.1491,0.0877,1,1868.76,0,0.05281610750360751,5.281610750360751,0,5,4,5,545,14,Champions,Low Risk,154972.46999999997,31832.848969606788,8185.0426356195885,0.3539814313721482,Low,Low-touch retention monitoring,297
C00152,medium,organic,Bhubaneswar,23,other,8,16,284003,258789.24,189116.99,69672.25,26.92,32348.66,2025-06-25,2025-11-11,50,139,93,47,26,13,7,3,4,1,21.01,0.2796,0.1398,0.0753,3,100970.94,0,0.07727543290043291,7.727543290043291,0,2,2,3,223,7,Hibernating,Low Risk,69672.25,21946.45477002165,5383.953279897187,0.35367588539175404,Low,Low-touch retention monitoring,298
C01220,medium,ads,Bangalore,21,male,20,40,339390,317777.66,245641.67,72135.98999999998,22.7,15888.88,2024-06-14,2025-12-31,0,565,236,115,51,42,28,3,4,1,12.92,0.2161,0.178,0.1186,6,100354.88,0,0.07598157398157399,7.598157398157398,0,5,4,3,543,12,Loyal Customers,Low Risk,72135.98999999998,25787.386393606394,5481.00606091908,0.3535385054345795,Low,Low-touch retention monitoring,299
C00018,medium,organic,Mumbai,41,female,24,46,357654,337738.87,246121.15,91617.72,27.13,14072.45,2024-05-12,2025-12-19,12,586,288,157,60,43,28,3,4,1,14.95,0.2083,0.1493,0.0972,1,28578.4,0,0.06713939165409755,6.713939165409755,0,3,4,4,344,11,High Value,Low Risk,91617.72,24012.671982654603,6151.157985535446,0.3523585817927917,Low,Low-touch retention monitoring,300
C00533,high,organic,Bhubaneswar,27,female,35,65,630798,530981.24,446249.58,84731.66000000002,15.96,15170.89,2025-03-05,2025-12-14,17,284,291,150,76,42,23,3,4,1,44.98,0.2612,0.1443,0.079,11,393487.25,0,0.06905257936507937,6.905257936507938,0,3,5,5,355,13,High Value,Low Risk,84731.66000000002,43558.22895833334,5850.939676884923,0.35171694505240625,Low,Low-touch retention monitoring,301
C00882,medium,organic,Bhubaneswar,27,female,20,38,523238,503653.8,360612.14,143041.66,28.4,25182.69,2025-01-22,2025-12-07,24,319,189,80,48,39,22,3,4,1,22.88,0.254,0.2063,0.1164,4,13471.29,0,0.05317704517704518,5.317704517704518,0,3,4,4,344,11,High Value,Low Risk,143041.66,27824.25076434677,7606.532816019537,0.35157637193951713,Low,Low-touch retention monitoring,302
C00797,medium,organic,Delhi,26,other,3,5,45234,41359.89,30428.870000000003,10931.019999999997,26.43,13786.63,2025-06-17,2025-12-07,24,173,116,63,30,14,9,3,4,1,6.33,0.2586,0.1207,0.0776,1,1770.86,0,0.1457742604617604,14.57742604617604,0,3,1,1,311,5,Needs Attention,Low Risk,10931.019999999997,6593.952897727269,1593.4613565927116,0.3512408414850115,Low,Low-touch retention monitoring,303
C01046,high,ads,Jaipur,48,female,66,121,1519586,1325620.96,1078260.25,247360.70999999996,18.66,20085.17,2024-06-03,2025-12-26,5,571,582,288,151,75,68,3,4,1,42.19,0.2595,0.1289,0.1168,11,193613.29,0,0.03864880952380953,3.864880952380953,0,4,5,5,455,14,Champions,Low Risk,247360.70999999996,58730.18986904763,9560.196964464285,0.3510354573348139,Low,Low-touch retention monitoring,304
C00607,medium,ads,Kolkata,32,male,24,45,382018,359602.78,270600.95,89001.82999999999,24.75,14983.45,2024-09-08,2025-11-18,43,436,240,123,52,41,24,3,4,1,20.09,0.2167,0.1708,0.1,4,46372.99,0,0.06686782212885155,6.686782212885155,0,2,4,4,244,10,At Risk High Value,Low Risk,89001.82999999999,25544.71167401961,5951.358537582283,0.3510146894536993,Low,Low-touch retention monitoring,305
C01067,medium,ads,Chennai,34,male,20,41,522951,481055.47,370608.76,110446.71,22.96,24052.77,2024-06-06,2025-12-09,22,551,288,145,64,51,28,3,4,1,13.25,0.2222,0.1771,0.0972,5,150323.01,0,0.060207070707070695,6.020707070707069,0,3,4,4,344,11,High Value,Low Risk,110446.71,31485.347833333326,6649.672878333333,0.35098619081601923,Low,Low-touch retention monitoring,306
C00995,medium,referral,Hyderabad,47,male,10,18,91063,84854.9,61868.130000000005,22986.769999999997,27.09,8485.49,2024-06-22,2025-08-18,135,422,246,130,54,41,21,3,4,1,8.65,0.2195,0.1667,0.0854,5,19970.8,0,0.11474340569561159,11.474340569561159,0,1,2,2,122,5,Hibernating,Low Risk,22986.769999999997,10448.878752859478,2637.580275741713,0.3506397131026941,Low,Low-touch retention monitoring,307
C00406,medium,ads,Ahmedabad,35,male,18,35,330944,317238.6,227188.68,90049.92000000001,28.39,17624.37,2024-08-05,2025-10-31,61,452,281,137,80,34,30,3,4,1,14.54,0.2847,0.121,0.1068,5,65001.48,0,0.06607652763902765,6.607652763902765,0,1,3,3,133,7,Needs Attention,Low Risk,90049.92000000001,21867.630362970365,5950.186027772229,0.35053286606209716,Low,Low-touch retention monitoring,308
C01123,medium,organic,Delhi,53,other,2,4,25827,24843.84,17268.260000000002,7575.579999999998,30.49,12421.92,2025-10-10,2025-10-11,81,1,58,31,17,5,5,3,4,1,730.0,0.2931,0.0862,0.0862,3,38677.52,0,0.1602914862914863,16.02914862914863,0,1,1,1,111,3,Hibernating,Low Risk,7575.579999999998,4139.848216450217,1214.3009777200575,0.35023811848752695,Low,Low-touch retention monitoring,309
C00164,medium,ads,Kolkata,33,male,23,42,285492,268856.17,194146.07,74710.09999999999,27.79,11689.4,2024-02-09,2025-12-01,30,661,328,161,88,53,26,3,4,1,12.7,0.2683,0.1616,0.0793,4,33986.19,0,0.07152362547583137,7.152362547583137,0,2,4,3,243,9,Needs Attention,Low Risk,74710.09999999999,20419.422884346048,5343.537211661908,0.3499553234590539,Low,Low-touch retention monitoring,310
C00975,medium,organic,Chennai,19,female,17,39,345331,319386.76,241877.13,77509.62999999999,24.27,18787.46,2024-09-04,2025-10-20,72,411,245,123,67,36,19,3,4,1,15.1,0.2735,0.1469,0.0776,4,56812.73,0,0.06998502886002886,6.9985028860028855,0,1,3,4,134,8,At Risk High Value,Low Risk,77509.62999999999,24168.000001262626,5424.513692480158,0.3495700571162548,Low,Low-touch retention monitoring,311
C01168,medium,ads,Delhi,35,female,10,21,340836,299674.9,249241.03000000003,50433.86999999997,16.83,29967.49,2025-05-28,2025-11-27,34,183,115,54,33,19,9,3,4,1,19.95,0.287,0.1652,0.0783,5,63287.48,0,0.08415665584415585,8.415665584415585,0,2,2,3,223,7,Hibernating,Low Risk,50433.86999999997,28683.617951298704,4244.345840478894,0.3492991053858416,Low,Low-touch retention monitoring,312
C00006,high,ads,Chennai,29,male,6,13,66848,63302.92,46767.41,16535.509999999995,26.12,10550.49,2025-12-01,2025-12-30,1,29,32,16,6,8,2,3,4,1,75.52,0.1875,0.25,0.0625,11,86907.79,0,0.1261038267288267,12.61038267288267,0,5,2,2,522,9,Recent Customers,Low Risk,16535.509999999995,8429.788609168607,2085.1910879127804,0.3490536227940263,Low,Low-touch retention monitoring,313
C01147,medium,organic,Mumbai,40,male,20,34,225486,207788.84,160855.12,46933.71999999999,22.59,10389.44,2024-11-25,2025-12-14,17,384,196,91,56,34,15,3,4,1,19.01,0.2857,0.1735,0.0765,4,46557.44,0,0.08636904761904762,8.636904761904763,0,3,4,3,343,10,Potential Loyalists,Low Risk,46933.71999999999,19475.011071428573,4053.6206976190465,0.34898234469421646,Low,Low-touch retention monitoring,314
C01223,medium,ads,Bhubaneswar,55,male,22,46,445211,413055.56,320305.4,92750.15999999996,22.45,18775.25,2024-03-05,2025-12-29,2,664,317,178,78,44,17,3,4,1,12.09,0.2461,0.1388,0.0536,4,59649.7,0,0.06346410533910533,6.346410533910533,0,5,4,4,544,13,Champions,Low Risk,92750.15999999996,28254.917802128424,5886.305924458871,0.34857938460028737,Low,Low-touch retention monitoring,315
C00536,medium,ads,Chennai,24,female,2,4,6065,5793.87,3792.230000000001,2001.6399999999992,34.55,2896.93,2025-12-05,2025-12-22,9,17,27,12,8,5,2,3,4,1,42.94,0.2963,0.1852,0.0741,7,60238.41,0,0.21765335359085355,21.765335359085356,0,4,1,1,411,6,Recent Customers,Low Risk,2001.6399999999992,1320.0675895285267,435.6636586815959,0.3480419394538938,Monitor,Monitor engagement and purchase activity,316
C00189,high,referral,Mumbai,27,female,57,110,1107345,1014730.29,774253.81,240476.48,23.7,17802.29,2024-08-12,2025-11-09,52,454,514,254,140,68,52,3,4,1,45.83,0.2724,0.1323,0.1012,15,619120.13,0,0.03717633928571429,3.717633928571429,0,2,5,5,255,12,At Risk High Value,Low Risk,240476.48,41167.03342633929,8940.035210714286,0.3477532028751333,Low,Low-touch retention monitoring,317
C00350,high,ads,Pune,39,female,80,162,1560309,1476823.0799999998,1103418.29,373404.7899999999,25.28,18460.29,2024-02-06,2025-11-26,35,659,712,386,175,93,58,3,4,1,44.31,0.2458,0.1306,0.0815,13,199083.56,0,0.02748800505050505,2.748800505050505,0,2,5,5,255,12,At Risk High Value,Low Risk,373404.7899999999,42889.78167234849,10264.152753402775,0.346880126873903,Low,Low-touch retention monitoring,318
C01065,medium,organic,Chennai,40,male,22,45,498737,461157.41,341706.38,119451.02999999998,25.9,20961.7,2024-09-19,2025-11-29,32,436,237,114,72,35,16,3,4,1,18.42,0.3038,0.1477,0.0675,4,37382.61,0,0.05326283846872081,5.326283846872081,0,2,4,4,244,10,At Risk High Value,Low Risk,119451.02999999998,26564.14826937441,6362.300915812323,0.345239675341196,Low,Low-touch retention monitoring,319
C00335,medium,referral,Chennai,22,male,6,13,69951,67013.75,48186.55,18827.2,28.09,11168.96,2025-11-10,2025-12-28,3,48,29,16,8,1,4,3,4,1,45.63,0.2759,0.0345,0.1379,3,71811.36,0,0.11422351953601952,11.422351953601952,0,5,2,2,522,9,Recent Customers,Low Risk,18827.2,7990.049415064102,2150.5090470085465,0.3430282016092366,Low,Low-touch retention monitoring,320
C00446,medium,organic,Delhi,27,male,24,48,260282,236595.35,178512.79,58082.55999999998,24.55,9858.14,2024-04-16,2025-09-21,101,523,294,161,74,35,24,3,4,1,16.75,0.2517,0.119,0.0816,4,109647.78,0,0.0733126769064269,7.33126769064269,0,1,4,3,143,8,Needs Attention,Low Risk,58082.55999999998,19081.970170558605,4258.187955178153,0.3429091568371274,Low,Low-touch retention monitoring,321
C01029,medium,organic,Hyderabad,40,male,11,28,393444,359382.56,275615.87,83766.68999999997,23.31,32671.14,2025-07-30,2025-12-09,22,132,79,34,19,12,14,3,4,1,30.42,0.2405,0.1519,0.1772,6,117542.75,0,0.06105654761904763,6.105654761904763,0,3,3,4,334,10,High Value,Low Risk,83766.68999999997,24022.332321428574,5114.504896874999,0.34210840429644446,Low,Low-touch retention monitoring,322
C00253,medium,organic,Chennai,34,male,1,3,6081,5533.71,4274.28,1259.4300000000003,22.76,5533.71,2025-12-25,2025-12-25,6,0,5,4,0,1,0,2,2,1,1.0,0.0,0.2,0.0,3,20360.97,0,0.2309283008658008,23.09283008658008,0,4,1,1,411,6,Recent Customers,Low Risk,1259.4300000000003,1404.2749975649347,290.83802995941556,0.34159299088698036,Monitor,Monitor engagement and purchase activity,323
C00729,medium,organic,Pune,41,other,25,51,488873,454055.33,359788.9,94266.42999999998,20.76,18162.21,2024-06-29,2025-12-22,9,541,290,146,80,44,20,3,4,1,16.87,0.2759,0.1517,0.069,4,116138.29,0,0.05682043650793652,5.682043650793652,0,4,4,4,444,12,Champions,Low Risk,94266.42999999998,27777.97725694445,5356.259700644841,0.34121845747809043,Low,Low-touch retention monitoring,324
C00311,medium,organic,Ahmedabad,46,male,19,37,312168,282068.03,215149.52,66918.51,23.72,14845.69,2024-07-02,2025-11-27,34,513,252,134,63,35,20,3,4,1,13.52,0.25,0.1389,0.0794,2,52733.53,0,0.06718988997113996,6.718988997113996,0,2,4,3,243,9,Needs Attention,Low Risk,66918.51,20974.53357251082,4496.247323932629,0.341180891459356,Low,Low-touch retention monitoring,325
C01108,medium,organic,Chennai,29,male,11,22,456829,436715.41,319748.08,116967.33,26.78,39701.4,2025-01-02,2025-12-15,16,347,150,84,37,20,9,3,4,1,11.57,0.2467,0.1333,0.06,5,56320.64,0,0.05065873015873017,5.0658730158730165,0,3,3,4,334,10,High Value,Low Risk,116967.33,23142.377039682542,5925.416407857144,0.3411329986282988,Low,Low-touch retention monitoring,326
C00892,high,organic,Kolkata,47,male,13,31,389091,359020.18,274039.83,84980.35,23.67,27616.94,2025-10-07,2025-12-29,2,83,84,33,24,20,7,3,4,1,57.17,0.2857,0.2381,0.0833,8,154575.57,0,0.059740710678210684,5.974071067821068,0,5,3,4,534,12,High Value,Low Risk,84980.35,23244.572858495674,5076.786502683081,0.3410541824730233,Low,Low-touch retention monitoring,327
C00832,medium,organic,Chennai,18,female,24,48,396609,373304.3,278539.67,94764.63,25.39,15554.35,2024-02-29,2025-11-09,52,619,338,161,92,43,42,3,4,1,14.15,0.2722,0.1272,0.1243,6,158463.74,0,0.05643939393939393,5.643939393939393,0,2,4,4,244,10,At Risk High Value,Low Risk,94764.63,22384.371590909086,5348.458284090908,0.34093770494815084,Low,Low-touch retention monitoring,328
C00917,medium,referral,Bangalore,30,male,22,41,469911,434184.1,335203.28,98980.82,22.8,19735.64,2024-03-17,2025-12-15,16,638,329,169,72,48,40,3,4,1,12.59,0.2188,0.1459,0.1216,4,40554.85,0,0.05498160866910868,5.498160866910868,0,3,4,4,344,11,High Value,Low Risk,98980.82,25836.46271130953,5442.124710987486,0.340683924147073,Low,Low-touch retention monitoring,329
C00374,high,organic,Delhi,41,male,4,7,183955,172858.47,126792.3,46066.16999999999,26.65,43214.62,2025-11-03,2025-11-22,39,19,98,47,31,11,9,3,4,1,76.84,0.3163,0.1122,0.0918,10,256782.64,0,0.07896699134199134,7.8966991341991335,0,2,2,2,222,6,Hibernating,Low Risk,46066.16999999999,14526.372892316016,3637.7068475487004,0.3406697982295814,Low,Low-touch retention monitoring,330
C00175,medium,ads,Mumbai,25,female,22,45,211698,194779.28,148365.08,46414.2,23.83,8853.6,2024-08-16,2025-12-05,26,476,239,121,57,41,20,3,4,1,16.87,0.2385,0.1715,0.0837,2,56321.74,0,0.07866071428571429,7.866071428571429,0,2,4,3,243,9,Needs Attention,Low Risk,46414.2,16652.315892857143,3650.974125,0.3406162166078753,Low,Low-touch retention monitoring,331
C00330,medium,organic,Ahmedabad,34,female,18,39,390392,364437.36,283097.58,81339.77999999998,22.32,20246.52,2024-11-02,2025-12-05,26,398,206,95,49,45,17,3,4,1,16.51,0.2379,0.2184,0.0825,4,103037.35,0,0.06036950549450549,6.036950549450549,0,2,3,4,234,9,At Risk High Value,Low Risk,81339.77999999998,23567.771989010987,4910.442295631867,0.3402400491295855,Low,Low-touch retention monitoring,332
C00605,medium,organic,Delhi,42,male,17,37,391444,353825.68,270783.19,83042.48999999999,23.47,20813.28,2024-09-08,2025-12-18,13,466,250,138,56,36,20,3,4,1,13.32,0.224,0.144,0.08,2,48608.99,0,0.059723214285714296,5.97232142857143,0,3,3,4,334,10,High Value,Low Risk,83042.48999999999,23378.293892857146,4959.564425089286,0.3402082504582283,Low,Low-touch retention monitoring,333
C00940,medium,organic,Ahmedabad,24,female,15,23,359533,337535.72,270788.47000000003,66747.24999999999,19.77,22502.38,2025-04-14,2025-12-01,30,231,176,83,46,36,11,3,4,1,23.7,0.2614,0.2045,0.0625,3,27234.85,0,0.06633460289710288,6.633460289710288,0,2,3,4,234,9,At Risk High Value,Low Risk,66747.24999999999,23849.47878340409,4427.65232322365,0.34011793220791275,Low,Low-touch retention monitoring,334
C00028,high,ads,Jaipur,28,female,31,61,513835,455435.51,376381.23,79054.27999999998,17.36,14691.47,2025-04-07,2025-12-21,10,258,238,123,67,31,17,3,4,1,43.86,0.2815,0.1303,0.0714,13,131185.66999999998,0,0.060997023809523813,6.099702380952381,0,4,5,4,454,13,Champions,Low Risk,79054.27999999998,31342.40572916667,4822.075799404762,0.3399671327823872,Low,Low-touch retention monitoring,335
C01140,medium,ads,Bangalore,31,male,19,31,271906,245664.47,191349.41,54315.06,22.11,12929.71,2025-01-18,2025-11-14,47,300,172,80,45,28,19,3,4,1,23.12,0.2616,0.1628,0.1105,6,58716.47,0,0.07219567605597016,7.219567605597016,0,2,4,3,243,9,Needs Attention,Low Risk,54315.06,19630.43749367462,3921.3124767205823,0.33929163481421176,Low,Low-touch retention monitoring,336
C00737,medium,organic,Delhi,51,male,23,44,455109,418208.57,329899.59,88308.97999999998,21.12,18182.98,2024-06-01,2025-10-18,74,504,278,148,69,42,19,3,4,1,16.66,0.2482,0.1511,0.0683,3,132241.55,0,0.05655208333333334,5.655208333333334,0,1,4,4,144,9,At Risk High Value,Low Risk,88308.97999999998,25737.362093750005,4994.0567960416665,0.3385534292802603,Low,Low-touch retention monitoring,337
C00733,high,ads,Bangalore,18,female,3,9,21552,20818.23,16646.91,4171.319999999998,20.04,6939.41,2025-11-24,2025-12-21,10,27,34,18,10,4,2,3,4,1,40.56,0.2941,0.1176,0.0588,14,256405.41,0,0.17176030219780214,17.176030219780213,0,4,2,1,421,7,Recent Customers,Low Risk,4171.319999999998,3701.778032967032,716.4671837637356,0.3382680595774471,Low,Low-touch retention monitoring,338
C00364,medium,referral,Delhi,34,male,21,45,469220,410728.44,320341.69,90386.75,22.01,19558.5,2024-12-02,2025-12-10,21,373,207,86,58,36,27,3,4,1,20.55,0.2802,0.1739,0.1304,2,32239.65,0,0.05554166666666667,5.554166666666667,0,3,4,4,344,11,High Value,Low Risk,90386.75,26061.260833333334,5020.230739583333,0.3381341221149207,Low,Low-touch retention monitoring,339
C00893,medium,referral,Mumbai,56,male,14,30,360544,318933.32,273630.96,45302.35999999999,14.2,22780.95,2025-04-29,2025-12-16,15,231,103,53,27,19,4,3,4,1,22.12,0.2621,0.1845,0.0388,4,55317.35,0,0.07677976190476193,7.677976190476193,0,3,3,4,334,10,High Value,Low Risk,45302.35999999999,27682.482476190486,3478.3044145238105,0.3377551217716547,Low,Low-touch retention monitoring,340
C00567,medium,ads,Delhi,28,female,17,38,457534,414037.71,331680.16000000003,82357.55,19.89,24355.16,2024-10-15,2025-11-10,51,391,219,132,46,27,14,3,4,1,15.87,0.21,0.1233,0.0639,3,92985.66,0,0.05746221139971141,5.746221139971141,0,2,3,4,234,9,At Risk High Value,Low Risk,82357.55,26290.91543055556,4732.446948462302,0.3371752706713198,Low,Low-touch retention monitoring,341
C00458,medium,ads,Ahmedabad,31,female,21,44,582281,532410.04,429430.03,102980.01,19.34,25352.86,2024-10-17,2025-12-02,29,411,241,127,54,36,24,3,4,1,18.65,0.2241,0.1494,0.0996,3,25099.44,0,0.050903769841269854,5.090376984126985,0,2,4,5,245,11,At Risk High Value,Low Risk,102980.01,29640.298006944453,5242.070727291668,0.3368977900185481,Low,Low-touch retention monitoring,342
C00851,medium,referral,Kolkata,30,female,17,38,337154,311975.89,242258.34,69717.55,22.35,18351.52,2024-03-05,2025-12-04,27,639,304,144,73,51,36,3,4,1,9.71,0.2401,0.1678,0.1184,4,44348.87,0,0.062033482142857144,6.203348214285715,0,2,3,3,233,8,Needs Attention,Low Risk,69717.55,20914.83663839286,4324.82239296875,0.3366969200583762,Low,Low-touch retention monitoring,343
C01050,medium,ads,Mumbai,41,female,34,66,893755,845315.21,626208.48,219106.73,25.92,24862.21,2024-04-25,2025-11-05,56,559,290,133,75,53,29,3,4,1,22.2,0.2586,0.1828,0.1,5,242974.68,0,0.032407738095238094,3.2407738095238092,0,2,5,5,255,12,At Risk High Value,Low Risk,219106.73,28964.577961309522,7100.753520744048,0.33665393198290433,Low,Low-touch retention monitoring,344
C00925,medium,organic,Jaipur,25,male,2,3,12735,12189.2,9279.95,2909.249999999999,23.87,6094.6,2025-11-25,2025-12-30,1,35,20,9,4,3,4,3,4,1,20.86,0.2,0.15,0.2,4,26868.79,0,0.18544258519258516,18.544258519258516,0,5,1,1,511,7,Recent Customers,Low Risk,2909.249999999999,2361.611322427572,539.4988409715282,0.3363462046990934,Low,Low-touch retention monitoring,345
C00678,medium,ads,Bhubaneswar,27,female,15,31,270043,223082.77,207318.1,15764.669999999987,7.07,14872.18,2024-11-09,2025-12-28,3,414,202,114,42,23,23,3,4,1,13.22,0.2079,0.1139,0.1139,1,7440.099999999999,0,0.11371599927849926,11.371599927849926,0,5,3,3,533,11,Recent Customers,Low Risk,15764.669999999987,30708.209593163778,1792.6952023457775,0.3362174780562007,Low,Low-touch retention monitoring,346
C00139,medium,ads,Pune,52,female,35,67,727933,688589.63,543068.9500000001,145520.67999999996,21.13,19673.99,2024-01-17,2025-12-26,5,709,342,173,82,52,35,3,4,1,18.02,0.2398,0.152,0.1023,1,11994.48,0,0.041419642857142856,4.141964285714286,0,4,5,5,455,14,Champions,Low Risk,145520.67999999996,30150.72488392857,6027.41459392857,0.33619993286412264,Low,Low-touch retention monitoring,347
C00660,medium,ads,Mumbai,32,female,19,38,652501,614253.87,451773.27,162480.6,26.45,32329.15,2024-04-05,2025-12-19,12,623,305,166,66,43,30,3,4,1,11.13,0.2164,0.141,0.0984,6,132692.24,0,0.038625457875457875,3.8625457875457876,0,3,4,5,345,12,High Value,Low Risk,162480.6,25203.149889194137,6275.887570879121,0.3359681674516525,Low,Low-touch retention monitoring,348
C00839,medium,organic,Bhubaneswar,33,male,15,35,310786,258028.22,217268.48,40759.740000000005,15.8,17201.88,2025-02-15,2025-12-30,1,318,149,67,41,22,19,3,4,1,17.22,0.2752,0.1477,0.1275,3,17623.52,0,0.07846744227994229,7.846744227994229,0,5,3,3,533,11,Recent Customers,Low Risk,40759.740000000005,24386.582516414146,3198.312545795455,0.3357667785314829,Low,Low-touch retention monitoring,349
C01072,medium,referral,Ahmedabad,39,female,16,39,430359,393799.88,304009.91,89789.97,22.8,24612.49,2024-12-20,2025-10-29,63,313,207,96,61,40,10,3,4,1,18.66,0.2947,0.1932,0.0483,3,33902.73,0,0.05378645833333334,5.3786458333333345,0,1,3,4,134,8,At Risk High Value,Low Risk,89789.97,23147.486421875004,4829.484480156251,0.3356956968550509,Low,Low-touch retention monitoring,350
C01156,medium,organic,Jaipur,38,male,18,35,342648,302313.35000000003,231020.11,71293.24000000002,23.58,16795.19,2024-09-02,2025-11-27,34,451,273,130,67,42,34,3,4,1,14.57,0.2454,0.1538,0.1245,3,11748.68,0,0.06002711871461872,6.002711871461872,0,2,3,3,233,8,Needs Attention,Low Risk,71293.24000000002,20568.172173326675,4279.527781029806,0.33511659158346935,Low,Low-touch retention monitoring,351
C00097,high,organic,Mumbai,26,male,74,157,1474307,1368866.68,1053382.07,315484.6099999999,23.05,18498.2,2024-06-15,2025-12-31,0,564,575,289,153,87,46,3,4,1,47.89,0.2661,0.1513,0.08,11,270262.28,0,0.0245,2.45,0,5,5,5,555,15,Champions,Low Risk,315484.6099999999,36120.5215,7729.372944999998,0.3349431109523167,Low,Low-touch retention monitoring,352
C00104,medium,ads,Chennai,33,male,12,23,273513,255639.24,179461.53,76177.70999999999,29.8,21303.27,2025-04-17,2025-12-30,1,257,121,60,32,20,9,3,4,1,17.04,0.2645,0.1653,0.0744,5,108246.84,0,0.057771978021978025,5.7771978021978025,0,5,3,3,533,11,Recent Customers,Low Risk,76177.70999999999,15801.387024725276,4400.9369878846155,0.3347639271505949,Low,Low-touch retention monitoring,353
C00025,medium,ads,Bhubaneswar,44,female,23,48,422924,363567.95,282050.65,81517.3,22.42,15807.3,2024-07-26,2025-12-23,8,515,246,136,56,34,20,3,4,1,16.3,0.2276,0.1382,0.0813,6,61316.14,0,0.05570815295815296,5.570815295815295,0,4,4,4,444,12,Champions,Low Risk,81517.3,23560.31488167388,4541.178217135643,0.33464744229344595,Low,Low-touch retention monitoring,354
C00939,medium,ads,Bhubaneswar,29,male,10,14,122178,113797.15,86540.83,27256.32,23.95,11379.72,2025-06-17,2025-11-27,34,163,106,55,27,13,11,3,4,1,22.39,0.2547,0.1226,0.1038,6,82795.85,0,0.09097870144561321,9.097870144561321,0,2,2,2,222,6,Hibernating,Low Risk,27256.32,11115.59578522213,2479.7445997860964,0.33417453445762973,Low,Low-touch retention monitoring,355
C00063,medium,organic,Mumbai,22,other,9,21,185629,174796.3,137894.23,36902.07,21.11,19421.81,2025-05-31,2025-11-24,37,177,98,48,31,15,4,3,4,1,18.56,0.3163,0.1531,0.0408,3,16638.44,0,0.08018999750249751,8.018999750249751,0,2,2,2,222,6,Hibernating,Low Risk,36902.07,14885.589046391111,2959.1769011369884,0.3340214725502697,Low,Low-touch retention monitoring,356
C00548,medium,organic,Bhubaneswar,25,male,11,18,105888,94056.52,78473.4,15583.119999999995,16.57,8550.59,2025-01-28,2025-12-12,19,318,175,82,40,27,26,3,4,1,12.63,0.2286,0.1543,0.1486,2,16330.4,0,0.11162427849927849,11.162427849927848,0,3,3,2,332,8,Potential Loyalists,Low Risk,15583.119999999995,11819.671601731601,1739.454526767676,0.3338846486979168,Low,Low-touch retention monitoring,357
C00539,medium,ads,Delhi,18,female,25,41,345685,328420.75,243185.17,85235.57999999999,25.95,13136.83,2024-09-24,2025-11-18,43,420,264,129,66,44,25,3,4,1,21.73,0.25,0.1667,0.0947,4,30928.97,0,0.05233925429146018,5.2339254291460175,0,2,4,4,244,10,At Risk High Value,Low Risk,85235.57999999999,18092.89511974341,4461.166696300096,0.33199039565807814,Low,Low-touch retention monitoring,358
C00956,high,organic,Bhubaneswar,24,male,89,188,1714602,1589550.59,1206719.03,382831.56,24.08,17860.12,2024-01-12,2025-12-28,3,716,754,372,213,88,81,3,4,1,45.37,0.2825,0.1167,0.1074,7,29435.61,0,0.019999999999999997,1.9999999999999998,0,5,5,5,555,15,Champions,Low Risk,382831.56,34292.03999999999,7656.631199999999,0.33190492924478127,Low,Low-touch retention monitoring,359
C00934,medium,ads,Pune,38,male,22,43,428183,391322.12,303022.62,88299.49999999997,22.56,17787.37,2024-10-10,2025-11-06,55,392,200,87,60,36,17,3,4,1,20.48,0.3,0.18,0.085,6,100670.62,0,0.051190934065934085,5.119093406593408,0,2,4,4,244,10,At Risk High Value,Low Risk,88299.49999999997,21919.087721153854,4520.133882554946,0.3317710014469387,Low,Low-touch retention monitoring,360
C01182,medium,organic,Delhi,45,male,8,17,108854,99774.61,75195.27,24579.33999999999,24.63,12471.83,2025-09-26,2025-12-30,1,95,53,25,9,13,6,3,4,1,30.74,0.1698,0.2453,0.1132,2,144635.37,0,0.09192830086580087,9.192830086580086,0,5,2,2,522,9,Recent Customers,Low Risk,24579.33999999999,10006.763262445887,2259.5369626028128,0.33141927110806835,Low,Low-touch retention monitoring,361
C00290,medium,organic,Hyderabad,45,female,16,34,472438,434037.16,327686.59,106350.57,24.5,27127.32,2025-03-13,2025-11-06,55,238,136,67,27,29,13,3,4,1,24.54,0.1985,0.2132,0.0956,3,10837.01,0,0.04552678571428572,4.552678571428572,0,2,3,4,234,9,At Risk High Value,Low Risk,106350.57,21508.583589285718,4841.799610982144,0.33083097071607237,Low,Low-touch retention monitoring,362
C00609,medium,organic,Delhi,44,female,14,27,395827,347049.17,282235.8,64813.36999999998,18.68,24789.23,2025-02-07,2025-12-06,25,302,153,75,37,24,17,3,4,1,16.92,0.2418,0.1569,0.1111,4,41516.88,0,0.05896590909090909,5.896590909090909,0,3,3,4,334,10,High Value,Low Risk,64813.36999999998,23340.298897727273,3821.7792832954533,0.3304343614284728,Low,Low-touch retention monitoring,363
C01128,medium,referral,Chennai,19,male,12,19,193232,180976.13,134720.42,46255.71,25.56,15081.34,2024-10-26,2025-12-31,0,431,206,105,51,28,22,3,4,1,10.16,0.2476,0.1359,0.1068,5,14360.16,0,0.06933815490065491,6.933815490065491,0,5,3,3,533,11,Recent Customers,Low Risk,46255.71,13398.35034776335,3207.2855850197725,0.3303893881831911,Low,Low-touch retention monitoring,364
C00318,medium,ads,Mumbai,31,male,10,20,139559,113224.3,95088.54,18135.76,16.02,11322.43,2025-04-17,2025-12-25,6,252,101,52,29,9,11,3,4,1,14.48,0.2871,0.0891,0.1089,6,283721.91,0,0.10175207431457432,10.175207431457432,0,4,2,2,422,8,Recent Customers,Low Risk,18135.76,14200.417739267677,1845.3511992712843,0.33007406665297956,Low,Low-touch retention monitoring,365
C00274,medium,ads,Chennai,35,male,29,59,389559,365226.99,265056.38,100170.61,27.43,12594.03,2024-02-11,2025-12-12,19,670,310,165,75,37,33,3,4,1,15.8,0.2419,0.1194,0.1065,3,14368.41,0,0.04651686507936509,4.651686507936509,0,3,5,4,354,12,High Value,Low Risk,100170.61,18121.063443452385,4659.622750287699,0.3300534676993419,Low,Low-touch retention monitoring,366
C00278,medium,ads,Bhubaneswar,24,female,23,45,440976,393266.31,316529.42,76736.88999999997,19.51,17098.54,2024-07-22,2025-11-11,50,477,279,133,78,42,26,3,4,1,17.6,0.2796,0.1505,0.0932,7,69152.66,0,0.05356349206349207,5.356349206349207,0,2,4,4,244,10,At Risk High Value,Low Risk,76736.88999999997,23620.21447619048,4110.295798492062,0.3297955348491529,Low,Low-touch retention monitoring,367
C00222,medium,organic,Mumbai,33,male,17,30,183263,169782.28,130492.72,39289.55999999999,23.14,9987.19,2024-03-27,2025-11-09,52,592,306,156,78,39,33,3,4,1,10.48,0.2549,0.1275,0.1078,4,173822.5,0,0.07410939754689756,7.410939754689756,0,2,3,2,232,7,Needs Attention,Low Risk,39289.55999999999,13581.510522637089,2911.725621482684,0.32979508302261296,Low,Low-touch retention monitoring,368
C01117,medium,referral,Bangalore,27,male,12,23,230720,199841.99,160402.29,39439.69999999999,19.74,16653.5,2025-04-27,2025-12-27,4,244,135,66,30,28,11,3,4,1,17.95,0.2222,0.2074,0.0815,2,8644.529999999999,0,0.07397691891441892,7.397691891441892,0,4,3,3,433,10,Recent Customers,Low Risk,39439.69999999999,17067.954731934733,2917.627488909007,0.3297880003691297,Low,Low-touch retention monitoring,369
C01054,medium,ads,Mumbai,28,male,11,25,181182,162536.93,122231.67,40305.25999999999,24.8,14776.08,2025-08-31,2025-12-19,12,110,79,47,22,7,3,3,4,1,36.5,0.2785,0.0886,0.038,5,200399.19,0,0.07307278138528141,7.307278138528141,0,3,3,2,332,8,Potential Loyalists,Low Risk,40305.25999999999,13239.472676948057,2945.2174526569265,0.32958206293966313,Low,Low-touch retention monitoring,370
C00868,high,ads,Pune,40,male,45,101,1147551,989193.66,807507.23,181686.43,18.37,21982.08,2024-11-24,2025-12-27,4,398,366,178,95,58,35,3,4,1,41.27,0.2596,0.1585,0.0956,9,268250.91,0,0.03205952380952381,3.2059523809523807,0,5,5,5,555,15,Champions,Low Risk,181686.43,36789.93860714285,5824.780428452381,0.3293608560564652,Low,Low-touch retention monitoring,371
C01200,medium,ads,Bhubaneswar,53,male,5,11,196784,191315.16,142232.02000000002,49083.13999999999,25.66,38263.03,2025-05-08,2025-12-29,2,235,117,53,25,17,22,3,4,1,7.77,0.2137,0.1453,0.188,2,11413.64,0,0.06633664252414252,6.633664252414253,0,5,2,3,523,10,Recent Customers,Low Risk,49083.13999999999,13053.989862470862,3256.0107121424403,0.3291276414561752,Low,Low-touch retention monitoring,372
C00989,high,referral,Pune,35,male,5,9,263311,243506.07,195212.58,48293.48999999998,19.83,48701.21,2025-11-26,2025-12-30,1,34,41,25,10,3,3,3,4,1,53.68,0.2439,0.0732,0.0732,8,152660.62,0,0.06664024170274171,6.664024170274171,0,5,2,3,523,10,Recent Customers,Low Risk,48293.48999999998,17547.108682990623,3218.289846268939,0.3288931186891007,Low,Low-touch retention monitoring,373
C00015,medium,ads,Mumbai,41,male,9,14,98642,86796.91,66761.31,20035.6,23.08,9644.1,2025-02-08,2025-09-30,92,234,148,82,38,16,12,3,4,1,14.04,0.2568,0.1081,0.0811,5,126556.53,0,0.09645924908424912,9.645924908424911,0,1,2,2,122,5,Hibernating,Low Risk,20035.6,9514.933248168501,1932.6189309523816,0.32855028749669124,Low,Low-touch retention monitoring,374
C00466,medium,ads,Chennai,37,female,14,33,379378,358883.18,269072.79000000004,89810.38999999997,25.02,25634.51,2024-08-25,2025-11-06,55,438,224,111,62,22,29,3,4,1,11.67,0.2768,0.0982,0.1295,6,68282.20000000001,0,0.04810010822510823,4.810010822510823,0,2,3,4,234,9,At Risk High Value,Low Risk,89810.38999999997,18248.12285822511,4319.889478739176,0.3282960827489031,Low,Low-touch retention monitoring,375
C00267,medium,ads,Bangalore,24,female,3,5,110849,105269.75,81419.83,23849.919999999987,22.66,35089.92,2025-09-27,2025-12-23,8,87,54,29,16,6,3,3,4,1,12.59,0.2963,0.1111,0.0556,3,13737.5,0,0.08953250915750915,8.953250915750916,0,4,1,2,412,7,Recent Customers,Low Risk,23849.919999999987,9924.589107600732,2135.3431808058594,0.3279605638305887,Low,Low-touch retention monitoring,376
C00735,medium,organic,Mumbai,51,female,6,14,80011,69626.95999999999,57604.19,12022.77,17.27,11604.49,2025-10-04,2025-12-17,14,74,41,18,6,12,5,3,4,1,29.59,0.1463,0.2927,0.122,5,27993.66,0,0.11456592712842711,11.456592712842712,0,3,2,2,322,7,Needs Attention,Low Risk,12022.77,9166.534395472581,1377.3997917018396,0.32730731633145754,Low,Low-touch retention monitoring,377
C00721,medium,referral,Hyderabad,39,male,13,26,317305,292771.15,235190.57,57580.57999999998,19.67,22520.86,2024-09-22,2025-11-30,31,434,200,96,57,26,21,3,4,1,10.93,0.285,0.13,0.105,1,4266.96,0,0.05986805555555555,5.986805555555555,0,2,3,3,233,8,Needs Attention,Low Risk,57580.57999999998,18996.433368055554,3447.2373623611097,0.32728727217997633,Low,Low-touch retention monitoring,378
C01127,high,organic,Ahmedabad,53,female,27,60,490331,451751.67,343991.94,107759.73,23.85,16731.54,2025-04-25,2025-12-15,16,234,259,127,74,38,20,3,4,1,42.12,0.2857,0.1467,0.0772,14,193265.77,0,0.04251091269841271,4.251091269841271,0,3,4,4,344,11,High Value,Low Risk,107759.73,20844.4183343254,4580.964474434525,0.3270410511818647,Low,Low-touch retention monitoring,379
C00198,medium,organic,Chennai,38,male,1,1,6138,5892.48,4817.89,1074.5899999999992,18.24,5892.48,2025-12-02,2025-12-02,29,0,19,9,6,2,2,3,4,1,1.0,0.3158,0.1053,0.1053,2,51569.06,0,0.2190918734043733,21.90918734043733,0,2,1,1,211,4,Hibernating,Low Risk,1074.5899999999992,1344.7859189560434,235.43393624160535,0.326960532090545,Monitor,Monitor engagement and purchase activity,380
C00288,high,organic,Bangalore,18,male,13,30,515459,492945.92,362927.45,130018.47,26.38,37918.92,2025-09-06,2025-12-21,10,106,158,82,39,19,18,3,4,1,44.76,0.2468,0.1203,0.1139,8,220128.99,0,0.037798611111111116,3.779861111111112,0,4,3,4,434,11,High Value,Low Risk,130018.47,19483.634284722226,4914.517584791667,0.3267271802575846,Low,Low-touch retention monitoring,381
C00590,medium,organic,Bangalore,29,male,14,32,163213,152131.72,110974.82,41156.9,27.05,10866.55,2025-02-03,2025-12-16,15,316,145,72,35,26,12,3,4,1,16.17,0.2414,0.1793,0.0828,5,99294.33,0,0.06954697712418302,6.9546977124183025,0,3,3,2,332,8,Potential Loyalists,Low Risk,41156.9,11350.970777369283,2862.3379828022885,0.3264459253379167,Low,Low-touch retention monitoring,382
C00105,medium,organic,Chennai,30,male,26,55,626123,575557.07,437955.01,137602.06,23.91,22136.81,2024-03-17,2025-12-16,15,639,313,140,82,51,40,3,4,1,14.85,0.262,0.1629,0.1278,1,5235.9,0,0.03602678571428572,3.602678571428572,0,3,4,5,345,12,High Value,Low Risk,137602.06,22557.199151785717,4957.359929464286,0.32597449357153413,Low,Low-touch retention monitoring,383
C00321,medium,ads,Bhubaneswar,45,female,2,4,28681,27672.49,21111.620000000003,6560.869999999997,23.71,13836.24,2025-12-16,2025-12-18,13,2,28,13,8,6,1,3,4,1,365.0,0.2857,0.2143,0.0357,2,16583.6,0,0.13744047619047622,13.744047619047622,0,3,1,1,311,5,Needs Attention,Low Risk,6560.869999999997,3941.9302976190484,901.7290970238093,0.3258922988801817,Low,Low-touch retention monitoring,384
C00173,medium,organic,Hyderabad,43,male,16,32,322438,300507.39,227638.45,72868.93999999999,24.25,18781.71,2024-08-19,2025-12-12,19,480,231,111,68,29,23,3,4,1,12.17,0.2944,0.1255,0.0996,5,47527.62,0,0.05195156926406927,5.195156926406927,0,3,3,3,333,9,Potential Loyalists,Low Risk,72868.93999999999,16751.16009036797,3785.655783609307,0.32588614311182224,Low,Low-touch retention monitoring,385
C00106,medium,organic,Ahmedabad,21,male,27,54,565258,529576.68,417713.84,111862.83999999998,21.12,19613.95,2024-06-29,2025-12-08,23,527,297,137,85,41,34,3,4,1,18.7,0.2862,0.138,0.1145,6,64661.33,0,0.040796568627450985,4.079656862745098,0,3,4,4,344,11,High Value,Low Risk,111862.83999999998,23060.58678921569,4563.6200289215685,0.32587678610299675,Low,Low-touch retention monitoring,386
C00439,medium,organic,Hyderabad,37,male,25,47,602980,552094.91,418603.62,133491.29,24.18,22083.8,2024-05-14,2025-12-29,2,594,275,143,58,49,25,3,4,1,15.36,0.2109,0.1782,0.0909,1,4572.52,0,0.03656295787545787,3.6562957875457873,0,5,4,5,545,14,Champions,Low Risk,133491.29,22046.732339743587,4880.836413010531,0.3257398503596921,Low,Low-touch retention monitoring,387
C00875,medium,organic,Bangalore,26,male,29,59,539283,506547.61,363903.06,142644.55,28.16,17467.16,2024-03-20,2025-12-02,29,622,322,158,75,55,34,3,4,1,17.02,0.2329,0.1708,0.1056,7,215656.35,0,0.03499891774891775,3.499891774891775,0,2,4,4,244,10,At Risk High Value,Low Risk,142644.55,18874.32136038961,4992.404872781385,0.32560969851367905,Low,Low-touch retention monitoring,388
C00435,medium,ads,Jaipur,21,male,4,9,27712,22249.64,17591.37,4658.27,20.94,5562.41,2025-09-07,2025-12-17,14,101,52,30,10,7,5,3,4,1,14.46,0.1923,0.1346,0.0962,2,9812.2,0,0.15141233766233766,15.141233766233766,0,3,2,1,321,6,Needs Attention,Low Risk,4658.27,4195.938701298702,705.3195501623377,0.3254991466748281,Low,Low-touch retention monitoring,389
C00944,high,organic,Ahmedabad,23,male,11,24,191792,178833.36,142248.90000000002,36584.45999999999,20.46,16257.58,2025-10-28,2025-12-17,14,50,68,30,21,12,5,3,4,1,80.3,0.3088,0.1765,0.0735,9,71940.45,0,0.07176091269841271,7.1760912698412715,0,3,3,3,333,9,Potential Loyalists,Low Risk,36584.45999999999,13763.16896825397,2625.3342401785712,0.3246838184114505,Low,Low-touch retention monitoring,390
C00758,medium,ads,Ahmedabad,28,male,3,4,25759,24551.04,16784.56,7766.479999999998,31.63,8183.68,2025-11-16,2025-12-30,1,44,21,14,5,1,1,3,4,1,24.89,0.2381,0.0476,0.0476,1,4086.6,0,0.1290554163973282,12.90554163973282,0,5,2,1,521,8,Recent Customers,Low Risk,7766.479999999998,3324.3384709787774,1002.3063103415212,0.3246397476978137,Low,Low-touch retention monitoring,391
C00453,medium,ads,Jaipur,34,male,15,28,306955,279149.93,222831.45,56318.47999999998,20.17,18610.0,2024-12-13,2025-12-18,13,370,190,90,52,26,22,3,4,1,14.8,0.2737,0.1368,0.1158,1,16858.600000000002,0,0.058301316738816736,5.830131673881674,0,3,3,3,333,9,Potential Loyalists,Low Risk,56318.47999999998,17895.880679563492,3283.4415407287147,0.3246064401124696,Low,Low-touch retention monitoring,392
C00825,medium,referral,Jaipur,44,male,14,32,293396,264399.4,212544.0,51855.4,19.61,18885.67,2024-07-26,2025-12-25,6,517,249,115,63,44,27,3,4,1,9.88,0.253,0.1767,0.1084,3,146621.3,0,0.060727182539682546,6.0727182539682545,0,4,3,3,433,10,Recent Customers,Low Risk,51855.4,17817.1124484127,3149.0323414682543,0.32456736093421135,Low,Low-touch retention monitoring,393
C00638,medium,referral,Bangalore,35,male,16,35,330395,308870.91,226344.83,82526.07999999999,26.72,19304.43,2024-05-21,2025-12-29,2,587,274,125,81,33,35,3,4,1,9.95,0.2956,0.1204,0.1277,6,125699.31,0,0.04757771395271395,4.757771395271395,0,5,3,3,533,11,Recent Customers,Low Risk,82526.07999999999,15719.438801406926,3926.402227878787,0.32456724368806406,Low,Low-touch retention monitoring,394
C00066,medium,organic,Bhubaneswar,34,male,30,66,692057,650578.88,476806.75,173772.12999999998,26.71,21685.96,2024-04-25,2025-11-17,44,571,297,136,79,42,40,3,4,1,19.18,0.266,0.1414,0.1347,1,3308.2,0,0.03020033846872082,3.020033846872082,0,2,5,5,255,12,At Risk High Value,Low Risk,173772.12999999998,20900.355639647525,5247.9771424305545,0.3245160037523295,Low,Low-touch retention monitoring,395
C00004,medium,organic,Bangalore,38,male,28,52,523309,503765.64,366189.6,137576.03999999998,27.31,17991.63,2024-05-06,2025-10-26,66,538,275,121,79,49,26,3,4,1,19.0,0.2873,0.1782,0.0945,3,33631.600000000006,0,0.035092171717171716,3.5092171717171716,0,1,4,4,144,9,At Risk High Value,Low Risk,137576.03999999998,18364.049289141414,4827.842019848484,0.32446696040676654,Low,Low-touch retention monitoring,396
C00045,medium,referral,Pune,30,female,26,54,637473,582289.88,440213.11,142076.77,24.4,22395.76,2024-06-27,2025-12-12,19,533,260,127,68,44,21,3,4,1,17.8,0.2615,0.1692,0.0808,2,23168.16,0,0.03433506944444444,3.4335069444444444,0,3,4,5,345,12,High Value,Low Risk,142076.77,21887.679723958332,4878.21576439236,0.32438391038552394,Low,Low-touch retention monitoring,397
C00366,medium,organic,Mumbai,39,male,28,59,300340,275573.05,209962.63,65610.41999999998,23.81,9841.89,2024-01-28,2025-11-30,31,672,309,142,87,49,31,3,4,1,15.21,0.2816,0.1586,0.1003,2,65875.98,0,0.05329497585747586,5.329497585747586,0,2,4,3,243,9,Needs Attention,Low Risk,65610.41999999998,16006.6130490343,3496.7057498988506,0.3238529303959444,Low,Low-touch retention monitoring,398
C00730,medium,ads,Bangalore,51,male,10,19,274181,255011.34,200995.17,54016.169999999984,21.18,25501.13,2024-10-22,2025-12-12,19,416,179,101,37,24,17,3,4,1,8.77,0.2067,0.1341,0.095,1,2657.8,0,0.058716179653679645,5.871617965367965,0,3,2,3,323,8,Needs Attention,Low Risk,54016.169999999984,16098.86085362554,3171.6231419236997,0.3236163701244917,Low,Low-touch retention monitoring,399
C01017,medium,organic,Delhi,42,male,17,37,363542,337285.18,263594.6,73690.57999999999,21.85,19840.3,2024-11-23,2025-11-25,36,367,190,102,41,27,20,3,4,1,16.91,0.2158,0.1421,0.1053,4,168457.0,0,0.04989285714285715,4.989285714285715,0,2,3,4,234,9,At Risk High Value,Low Risk,73690.57999999999,18138.149071428572,3676.6335807142855,0.32360594823018946,Low,Low-touch retention monitoring,400
C00719,medium,ads,Ahmedabad,32,female,27,63,449050,400512.02,310783.36,89728.65999999999,22.4,14833.78,2024-01-11,2025-12-30,1,719,384,215,75,54,40,3,4,1,13.71,0.1953,0.1406,0.1042,4,67593.52,0,0.044562500000000005,4.456250000000001,0,5,4,4,544,13,Champions,Low Risk,89728.65999999999,20010.790625,3998.53341125,0.32340910659366834,Low,Low-touch retention monitoring,401
C00016,medium,ads,Mumbai,30,female,27,58,281474,262940.23,185324.98,77615.24999999999,29.52,9738.53,2024-04-18,2025-12-12,19,603,250,125,52,50,23,3,4,1,16.34,0.208,0.2,0.092,1,3948.8,0,0.0482421802054155,4.82421802054155,0,3,4,3,343,10,Potential Loyalists,Low Risk,77615.24999999999,13578.919431139122,3744.3288771883745,0.3232679792870018,Low,Low-touch retention monitoring,402
C00188,high,ads,Ahmedabad,18,male,8,15,59070,53878.18,43524.9,10353.28,19.22,6734.77,2025-11-11,2025-12-23,8,42,46,23,12,7,4,3,4,1,69.52,0.2609,0.1522,0.087,11,110758.02,0,0.11572422716172712,11.572422716172712,0,4,2,2,422,8,Recent Customers,Low Risk,10353.28,6835.830098443221,1198.1253265889661,0.32301847145928486,Low,Low-touch retention monitoring,403
C00107,medium,ads,Bhubaneswar,40,female,17,36,590657,549401.04,418548.33,130852.71,23.82,32317.71,2025-05-14,2025-11-25,36,195,120,53,30,25,12,3,4,1,31.82,0.25,0.2083,0.1,3,43854.44,0,0.035212301587301584,3.5212301587301584,0,2,3,5,235,10,At Risk High Value,Low Risk,130852.71,20798.39241865079,4607.625088035714,0.3228694109591541,Low,Low-touch retention monitoring,404
C00680,medium,ads,Ahmedabad,39,female,25,53,476781,421029.96,335326.13,85703.82999999999,20.36,16841.2,2024-07-22,2025-12-15,16,511,291,137,69,58,27,3,4,1,17.86,0.2371,0.1993,0.0928,3,23915.14,0,0.0453452380952381,4.53452380952381,0,3,4,4,344,11,High Value,Low Risk,85703.82999999999,21619.747964285714,3886.260577023809,0.322860277703916,Low,Low-touch retention monitoring,405
C00741,medium,ads,Bhubaneswar,31,male,8,16,153607,133272.61,107138.92,26133.69,19.61,16659.08,2025-06-04,2025-12-20,11,199,102,54,29,12,7,3,4,1,14.67,0.2843,0.1176,0.0686,6,150577.74,0,0.08117000360750361,8.11700036075036,0,4,2,2,422,8,Recent Customers,Low Risk,26133.69,12468.280744137806,2121.2717115773808,0.3227066764803506,Low,Low-touch retention monitoring,406
C01210,medium,referral,Pune,31,male,9,19,267814,252977.41,187975.4,65002.01,25.69,28108.6,2025-05-18,2025-11-25,36,191,111,50,29,19,13,3,4,1,17.2,0.2613,0.1712,0.1171,3,103648.05,0,0.052285082972582976,5.228508297258298,0,2,2,3,223,7,Hibernating,Low Risk,65002.01,14002.677211219338,3398.6354862346684,0.3222297384386162,Low,Low-touch retention monitoring,407
C00622,high,organic,Hyderabad,20,female,8,13,164987,157401.25999999998,115145.02,42256.23999999999,26.85,19675.16,2025-11-09,2025-12-27,4,48,77,31,25,9,12,3,4,1,60.83,0.3247,0.1169,0.1558,9,278984.34,0,0.06457242063492064,6.457242063492064,0,4,2,2,422,8,Recent Customers,Low Risk,42256.23999999999,10653.609963293651,2728.587703730158,0.3217500578610656,Low,Low-touch retention monitoring,408
C01076,medium,ads,Jaipur,26,male,9,19,344559,297052.83,253782.41,43270.419999999984,14.57,33005.87,2025-06-10,2025-12-29,2,202,116,58,35,16,7,3,4,1,16.26,0.3017,0.1379,0.0603,8,171090.44999999998,0,0.06352750721500722,6.352750721500722,0,5,2,3,523,10,Recent Customers,Low Risk,43270.419999999984,21888.97435849567,2748.8619187463914,0.3213878101793086,Low,Low-touch retention monitoring,409
C01219,medium,ads,Bangalore,20,male,7,16,136802,129831.98,93726.89,36105.09,27.81,18547.43,2025-06-20,2025-12-18,13,181,96,50,26,12,8,3,4,1,14.12,0.2708,0.125,0.0833,4,48337.44,0,0.06917063492063492,6.917063492063493,0,3,2,2,322,7,Needs Attention,Low Risk,36105.09,9462.681198412698,2497.4119991666666,0.32134353691675943,Low,Low-touch retention monitoring,410
C01073,medium,organic,Chennai,30,female,23,38,587062,529459.26,403950.93,125508.33,23.71,23019.97,2024-09-11,2025-12-14,17,459,242,125,63,34,20,3,4,1,18.29,0.2603,0.1405,0.0826,2,18223.11,0,0.035125,3.5125,0,3,4,5,345,12,High Value,Low Risk,125508.33,20620.552750000003,4408.48009125,0.3212369824077061,Low,Low-touch retention monitoring,411
C00549,medium,referral,Delhi,44,male,1,3,780,709.8000000000001,541.23,168.57000000000005,23.75,709.8,2025-12-06,2025-12-06,25,0,18,7,6,3,2,3,4,1,1.0,0.3333,0.1667,0.1111,4,134152.77,0,0.3002603056665554,30.026030566655542,0,2,1,1,211,4,Hibernating,Low Risk,168.57000000000005,234.20303841991324,50.614879726211264,0.3212251370650539,Monitor,Monitor engagement and purchase activity,412
C00257,medium,organic,Chennai,28,male,13,26,290689,266569.01,214327.74,52241.26999999998,19.6,20505.31,2024-12-04,2025-12-24,7,385,166,80,41,24,21,3,4,1,12.32,0.247,0.1446,0.1265,12,97308.79,0,0.057681186868686875,5.768118686868688,0,4,3,3,433,10,Recent Customers,Low Risk,52241.26999999998,16767.286529671717,3013.3384571275246,0.32116473966690817,Low,Low-touch retention monitoring,413
C01205,medium,ads,Ahmedabad,25,female,30,52,494487,441260.93,335011.82,106249.11,24.08,14708.7,2024-02-21,2025-11-16,45,634,360,167,102,56,35,3,4,1,17.27,0.2833,0.1556,0.0972,7,40137.61,0,0.03881493506493506,3.881493506493506,0,2,5,4,254,11,At Risk High Value,Low Risk,106249.11,19193.480795454543,4124.052305357142,0.3210658872866941,Low,Low-touch retention monitoring,414
C00657,medium,ads,Delhi,18,female,9,23,149068,137041.63,110372.94,26668.69,19.46,15226.85,2025-02-22,2025-10-24,68,244,156,81,41,20,14,3,4,1,13.46,0.2628,0.1282,0.0897,3,11004.76,0,0.07846035214785216,7.846035214785216,0,1,2,2,122,5,Hibernating,Low Risk,26668.69,11695.927773976025,2092.434808721903,0.3205915233416146,Low,Low-touch retention monitoring,415
C00817,medium,ads,Bangalore,29,female,4,7,54450,43287.88,38034.68,5253.199999999999,12.14,10821.97,2025-11-19,2025-12-22,9,33,33,17,6,9,1,3,4,1,44.24,0.1818,0.2727,0.0303,5,147940.74,0,0.14035804473304478,14.035804473304477,0,4,2,2,422,8,Recent Customers,Low Risk,5253.199999999999,7642.495535714288,737.3288805916307,0.32045194211071193,Low,Low-touch retention monitoring,416
C00206,medium,ads,Bhubaneswar,27,male,12,26,245168,233231.78,169920.76,63311.01999999999,27.15,19435.98,2025-02-01,2025-12-08,23,310,160,85,36,21,18,3,4,1,14.13,0.225,0.1313,0.1125,3,88334.69999999998,0,0.051514880952380965,5.151488095238096,0,3,3,3,333,9,Potential Loyalists,Low Risk,63311.01999999999,12629.800333333336,3261.45965827381,0.32029437688158857,Low,Low-touch retention monitoring,417
C01059,medium,ads,Chennai,40,male,8,14,102266,92755.99,74279.18000000001,18476.810000000005,19.92,11594.5,2025-05-23,2025-11-07,54,168,103,54,26,15,8,3,4,1,17.38,0.2524,0.1456,0.0777,2,28524.48,0,0.09098223998223999,9.098223998223999,0,2,2,2,222,6,Hibernating,Low Risk,18476.810000000005,9304.389754023754,1681.061561526252,0.3202787433260597,Low,Low-touch retention monitoring,418
C00444,medium,organic,Bhubaneswar,28,male,4,6,37885,34709.03,23700.890000000003,11008.139999999998,31.72,8677.26,2025-10-06,2025-11-07,54,32,40,23,8,4,5,3,4,1,45.63,0.2,0.1,0.125,3,39582.06,0,0.11031132756132755,11.031132756132756,0,2,2,1,221,5,Hibernating,Low Risk,11008.139999999998,4179.144644660894,1214.322537380952,0.3202506578050412,Low,Low-touch retention monitoring,419
C00738,medium,ads,Ahmedabad,32,male,11,18,124068,115995.16,85775.7,30219.460000000003,26.05,10545.01,2025-05-26,2025-12-06,25,194,98,51,22,19,6,3,4,1,20.7,0.2245,0.1939,0.0612,3,31326.03,0,0.07396002567693745,7.396002567693745,0,3,3,2,332,8,Potential Loyalists,Low Risk,30219.460000000003,9176.072465686275,2235.0320375431843,0.3202484341498064,Low,Low-touch retention monitoring,420
C00234,medium,organic,Pune,32,male,15,29,195030,183419.94,133435.88,49984.06,27.25,12228.0,2024-10-20,2025-12-27,4,433,220,114,53,38,15,3,4,1,12.64,0.2409,0.1727,0.0682,3,73320.54,0,0.05805590569561158,5.805590569561158,0,4,3,3,433,10,Recent Customers,Low Risk,49984.06,11322.643287815126,2901.869873643791,0.3200417492135193,Low,Low-touch retention monitoring,421
C00994,medium,ads,Mumbai,23,female,24,53,385587,333957.76,263395.23,70562.53,21.13,13914.91,2024-01-18,2025-12-25,6,707,319,164,77,43,35,3,4,1,12.39,0.2414,0.1348,0.1097,2,22026.52,0,0.04835119047619048,4.835119047619048,0,4,4,4,444,12,Champions,Low Risk,70562.53,18643.59048214286,3411.782328511905,0.32000746240163414,Low,Low-touch retention monitoring,422
C00649,medium,ads,Jaipur,18,female,20,37,364505,337741.08,239023.05,98718.03,29.23,16887.05,2024-01-16,2025-12-24,7,708,337,168,80,58,31,3,4,1,10.31,0.2374,0.1721,0.092,2,29920.29,0,0.03962733426704015,3.962733426704015,0,4,4,4,444,12,Champions,Low Risk,98718.03,14444.36147700747,3911.9323729936973,0.3196649849934293,Low,Low-touch retention monitoring,423
C00440,medium,ads,Jaipur,38,female,19,43,352321,307045.56,245153.46,61892.10000000001,20.16,16160.29,2024-06-01,2025-11-18,43,535,260,132,68,38,22,3,4,1,12.96,0.2615,0.1462,0.0846,3,110130.0,0,0.05164574314574314,5.164574314574314,0,2,4,4,244,10,At Risk High Value,Low Risk,61892.10000000001,18195.879870851368,3196.4634993506497,0.31965307992668884,Low,Low-touch retention monitoring,424
C00972,medium,referral,Kolkata,35,female,10,20,132532,127116.17,86629.6,40486.56999999999,31.85,12711.62,2025-02-23,2025-09-19,103,208,149,78,35,21,15,3,4,1,17.55,0.2349,0.1409,0.1007,4,36139.87,0,0.06396205357142856,6.396205357142856,0,1,2,2,122,5,Hibernating,Low Risk,40486.56999999999,8477.018883928571,2589.604159263392,0.319514531751743,Low,Low-touch retention monitoring,425
C00909,medium,referral,Bangalore,35,male,26,51,507224,461316.32,351715.65,109600.66999999998,23.76,17742.94,2024-03-17,2025-12-12,19,635,312,161,76,44,31,3,4,1,14.94,0.2436,0.141,0.0994,1,22937.46,0,0.03702024711399711,3.702024711399711,0,3,4,4,344,11,High Value,Low Risk,109600.66999999998,18777.55782215007,4057.443887259649,0.319406776537008,Low,Low-touch retention monitoring,426
C00610,medium,organic,Hyderabad,36,other,5,10,220926,214027.12,146884.56,67142.56,31.37,42805.42,2025-10-19,2025-12-15,16,57,49,23,11,7,8,3,4,1,32.02,0.2245,0.1429,0.1633,1,21075.66,0,0.04922321428571428,4.922321428571428,0,3,2,3,323,8,Needs Attention,Low Risk,67142.56,10874.687839285712,3304.972618571428,0.3193933008944756,Low,Low-touch retention monitoring,427
C01208,high,organic,Hyderabad,20,female,69,139,1331751,1253851.59,929369.0,324482.59,25.88,18171.76,2024-06-24,2025-12-30,1,554,518,245,131,92,50,3,4,1,45.46,0.2529,0.1776,0.0965,10,83319.55,0,0.017345238095238098,1.7345238095238098,0,5,5,5,555,15,Champions,Low Risk,324482.59,23099.53817857143,5628.227781309525,0.31930464308416556,Low,Low-touch retention monitoring,428
C00491,medium,ads,Delhi,37,female,30,62,378055,348132.16,268336.6,79795.55999999998,22.92,11604.41,2024-01-27,2025-12-10,21,683,341,184,69,56,32,3,4,1,16.03,0.2023,0.1642,0.0938,2,44587.14,0,0.0445436507936508,4.45436507936508,0,3,5,4,354,12,High Value,Low Risk,79795.55999999998,16839.949900793654,3554.385559523809,0.3191871940702563,Low,Low-touch retention monitoring,429
C00943,medium,referral,Delhi,45,male,6,10,100175,95266.25,65046.07,30220.179999999997,31.72,15877.71,2025-09-04,2025-11-12,49,69,59,30,14,11,4,3,4,1,31.74,0.2373,0.1864,0.0678,2,4499.4,0,0.07292261904761906,7.292261904761905,0,2,2,2,222,6,Hibernating,Low Risk,30220.179999999997,7305.023363095239,2203.734673690476,0.31912179062891866,Low,Low-touch retention monitoring,430
C00059,medium,ads,Bangalore,21,male,35,69,445846,420344.95,321503.95,98841.0,23.51,12009.86,2024-04-23,2025-12-31,0,617,279,124,74,48,33,3,4,1,20.71,0.2652,0.172,0.1183,1,10939.66,0,0.039221382783882784,3.9221382783882786,0,5,5,4,554,14,Champions,Low Risk,98841.0,17486.696628663005,3876.6806957417584,0.3190977037639249,Low,Low-touch retention monitoring,431
C00685,medium,organic,Hyderabad,24,female,15,34,327534,304442.83,226963.3,77479.52999999998,25.45,20296.19,2024-09-27,2025-12-02,29,431,234,123,57,29,25,3,4,1,12.7,0.2436,0.1239,0.1068,2,12104.84,0,0.04514238539238539,4.514238539238539,0,2,3,3,233,8,Needs Attention,Low Risk,77479.52999999998,14785.666057109556,3497.6108032808847,0.31897063055816655,Low,Low-touch retention monitoring,432
C00938,medium,organic,Jaipur,41,male,5,10,143425,136743.72,93677.78,43065.94,31.49,27348.74,2025-09-19,2025-11-17,44,59,60,35,14,6,5,3,4,1,30.93,0.2333,0.1,0.0833,4,18603.620000000003,0,0.06140764790764793,6.140764790764793,0,2,2,2,222,6,Hibernating,Low Risk,43065.94,8807.391901154404,2644.5780803318917,0.31873299806286787,Low,Low-touch retention monitoring,433
C01209,medium,referral,Pune,38,male,18,35,313865,286892.84,213388.81,73504.03,25.62,15938.49,2024-09-03,2025-10-17,75,409,236,109,51,35,41,3,4,1,16.06,0.2161,0.1483,0.1737,2,41756.58,0,0.045946195144724554,4.5946195144724555,0,1,3,3,133,7,Needs Attention,Low Risk,73504.03,14420.902539098972,3377.230506303688,0.31820047842331295,Low,Low-touch retention monitoring,434
C01032,medium,organic,Ahmedabad,30,male,24,55,542095,501037.89,382036.93,119000.96,23.75,20876.58,2024-02-13,2025-11-07,54,633,327,160,74,54,39,3,4,1,13.84,0.2263,0.1651,0.1193,5,135784.43,0,0.034261904761904764,3.4261904761904765,0,2,4,4,244,10,At Risk High Value,Low Risk,119000.96,18573.207261904765,4077.1995580952384,0.317925468321381,Low,Low-touch retention monitoring,435
C00307,medium,referral,Bangalore,53,male,15,34,438954,387547.0,324405.7,63141.3,16.29,25836.47,2025-02-10,2025-12-24,7,317,157,75,36,23,23,3,4,1,17.27,0.2293,0.1465,0.1465,3,55330.59,0,0.04970815295815296,4.970815295815296,0,4,3,4,434,11,High Value,Low Risk,63141.3,21819.592573593072,3138.6373983766234,0.3178377097994347,Low,Low-touch retention monitoring,436
C00808,medium,ads,Delhi,46,male,13,24,288542,275192.71,192390.65,82802.06000000001,30.09,21168.67,2025-07-31,2025-12-07,24,129,111,53,32,16,10,3,4,1,36.78,0.2883,0.1441,0.0901,2,50989.11,0,0.04252272727272727,4.252272727272727,0,3,3,3,333,9,Potential Loyalists,Low Risk,82802.06000000001,12269.592772727272,3520.969415,0.3176368598683627,Low,Low-touch retention monitoring,437
C00908,medium,organic,Jaipur,21,female,17,30,342731,313354.02,237773.35,75580.66999999998,24.12,18432.59,2025-01-30,2025-12-17,14,321,160,77,51,24,8,3,4,1,19.33,0.3187,0.15,0.05,7,35939.07,0,0.044574404761904766,4.4574404761904765,0,3,3,3,333,9,Potential Loyalists,Low Risk,75580.66999999998,15277.030318452382,3368.963376755952,0.3172897620753457,Low,Low-touch retention monitoring,438
C00970,medium,organic,Pune,34,male,3,5,99256,94572.95,64287.14000000001,30285.81,32.02,31524.32,2025-10-15,2025-12-13,18,59,35,14,8,11,2,3,4,1,18.56,0.2286,0.3143,0.0571,2,52599.85,0,0.07097817460317461,7.0978174603174615,0,3,1,2,312,6,Needs Attention,Low Risk,30285.81,7045.009698412699,2149.6315101785717,0.3170664022665051,Low,Low-touch retention monitoring,439
C00353,medium,referral,Ahmedabad,49,male,5,11,192269,186424.3,143628.21,42796.09,22.96,37284.86,2025-06-13,2025-12-05,26,175,109,57,24,21,7,3,4,1,10.43,0.2202,0.1927,0.0642,1,4814.679999999999,0,0.059979166666666674,5.997916666666668,0,2,2,3,223,7,Hibernating,Low Risk,42796.09,11532.134395833335,2566.873814791667,0.3168095658614175,Low,Low-touch retention monitoring,440
C01018,medium,organic,Chennai,18,female,3,9,54753,53638.59,36649.47,16989.12,31.67,17879.53,2025-08-28,2025-10-19,73,52,70,34,16,14,6,3,4,1,21.06,0.2286,0.2,0.0857,3,109476.81,0,0.09037500000000001,9.037500000000001,0,1,1,2,112,4,Hibernating,Low Risk,16989.12,4948.302375,1535.39172,0.3166742523210521,Low,Low-touch retention monitoring,441
C00694,medium,organic,Kolkata,34,male,32,75,572131,535940.58,400690.99,135249.59,25.24,16748.14,2024-01-19,2025-12-26,5,707,361,177,87,60,37,3,4,1,16.52,0.241,0.1662,0.1025,3,15691.8,0,0.030723214285714288,3.0723214285714286,0,4,5,4,454,13,Champions,Low Risk,135249.59,17577.7033125,4155.302135625,0.3164808113314229,Low,Low-touch retention monitoring,442
C00277,high,organic,Hyderabad,24,male,62,121,1072104,992052.57,771191.53,220861.04,22.26,16000.85,2024-08-20,2025-12-30,1,497,502,253,121,65,63,3,4,1,45.53,0.241,0.1295,0.1255,13,236326.14,0,0.021541666666666667,2.154166666666667,0,5,5,5,555,15,Champions,Low Risk,220861.04,23094.907,4757.7149033333335,0.31581338087947936,Low,Low-touch retention monitoring,443
C00618,medium,ads,Hyderabad,18,female,9,20,103422,96233.64,75673.79,20559.849999999995,21.36,10692.63,2025-05-16,2025-12-21,10,219,112,59,26,19,8,3,4,1,15.0,0.2321,0.1696,0.0714,4,51322.3,0,0.08246518759018759,8.246518759018759,0,4,2,2,422,8,Recent Customers,Low Risk,20559.849999999995,8528.714630952381,1695.4718870761178,0.3154736480392988,Low,Low-touch retention monitoring,444
C00951,medium,organic,Pune,30,female,17,33,398973,372201.5,281248.87,90952.63,24.44,21894.21,2024-09-06,2025-11-08,53,428,232,106,66,37,23,3,4,1,14.5,0.2845,0.1595,0.0991,1,10647.91,0,0.03866666666666667,3.8666666666666667,0,2,3,4,234,9,At Risk High Value,Low Risk,90952.63,15426.956,3516.835026666667,0.31528120929698666,Low,Low-touch retention monitoring,445
C00912,medium,organic,Kolkata,22,other,22,44,248432,234492.6,181190.6,53302.0,22.73,10658.75,2024-06-29,2025-11-28,33,517,260,127,69,41,23,3,4,1,15.53,0.2654,0.1577,0.0885,5,179351.22999999998,0,0.05239136904761907,5.2391369047619065,0,2,4,3,243,9,Needs Attention,Low Risk,53302.0,13015.6925952381,2792.564752976192,0.31527013591087605,Low,Low-touch retention monitoring,446
C00109,medium,ads,Bangalore,60,female,13,27,239181,223051.51,177224.19,45827.31999999999,20.55,17157.81,2025-02-14,2025-10-05,87,233,143,65,42,21,15,3,4,1,20.36,0.2937,0.1469,0.1049,4,34648.6,0,0.05655784493284495,5.655784493284495,0,1,3,3,133,7,Needs Attention,Low Risk,45827.31999999999,13527.561908882788,2591.8944582478634,0.31510361585407753,Low,Low-touch retention monitoring,447
C00232,medium,referral,Delhi,18,male,22,41,177242,166697.71,119811.63,46886.08,28.13,7577.17,2024-06-04,2025-12-28,3,572,298,143,81,45,29,3,4,1,14.04,0.2718,0.151,0.0973,1,14188.2,0,0.05587733426704014,5.587733426704014,0,5,4,2,542,11,Loyal Customers,Low Risk,46886.08,9903.810480158729,2619.8691646311854,0.31507916146912573,Low,Low-touch retention monitoring,448
C00861,medium,ads,Kolkata,40,male,29,56,378784,354599.38,263195.91,91403.47,25.78,12227.56,2024-02-26,2025-12-02,29,645,327,169,83,39,36,3,4,1,16.41,0.2538,0.1193,0.1101,2,104880.84,0,0.03822168803418804,3.822168803418804,0,2,5,4,254,11,At Risk High Value,Low Risk,91403.47,14477.763880341881,3493.5949155822655,0.3147771302206105,Low,Low-touch retention monitoring,449
C00056,medium,ads,Mumbai,32,female,5,8,173442,160496.75,121785.55000000002,38711.19999999999,24.12,32099.35,2025-03-28,2025-10-10,82,196,153,83,28,22,20,3,4,1,9.31,0.183,0.1438,0.1307,6,76411.31,0,0.061209325396825415,6.120932539682541,0,1,2,2,122,5,Hibernating,Low Risk,38711.19999999999,10616.267815476194,2369.4864373015876,0.3146866897740296,Low,Low-touch retention monitoring,450
C00053,medium,referral,Ahmedabad,46,female,19,35,369193,343658.31,253195.4,90462.91,26.32,18087.28,2024-12-13,2025-12-29,2,381,185,90,60,19,16,3,4,1,18.2,0.3243,0.1027,0.0865,6,112234.81,0,0.03766641865079365,3.766641865079365,0,5,4,4,544,13,Champions,Low Risk,90462.91,13906.17810094246,3407.4138404290675,0.31355078341587256,Low,Low-touch retention monitoring,451
C01187,medium,referral,Mumbai,33,female,14,25,193999,177672.27,139761.06,37911.20999999999,21.34,12690.88,2024-12-27,2025-11-30,31,338,142,70,30,27,15,3,4,1,15.12,0.2113,0.1901,0.1056,2,78815.1,0,0.0606483280812325,6.06483280812325,0,2,3,3,233,8,Needs Attention,Low Risk,37911.20999999999,11765.714999431024,2299.2515020365017,0.313274255862687,Low,Low-touch retention monitoring,452
C00465,medium,referral,Chennai,33,female,18,30,289327,271653.23,191405.34,80247.88999999998,29.54,15091.85,2024-11-01,2025-11-22,39,386,204,93,48,42,21,3,4,1,17.02,0.2353,0.2059,0.1029,4,40497.39,0,0.040212632649213535,4.0212632649213536,0,2,3,3,233,8,Needs Attention,Low Risk,80247.88999999998,11634.600366499004,3226.978921444496,0.31313296801146995,Low,Low-touch retention monitoring,453
C00773,medium,referral,Bangalore,54,female,13,30,514494,488648.45,361800.34,126848.11,25.96,37588.34,2024-11-01,2025-11-11,50,375,181,87,42,32,20,3,4,1,12.65,0.232,0.1768,0.1105,2,18012.780000000002,0,0.03008010912698413,3.008010912698413,0,2,3,4,234,9,At Risk High Value,Low Risk,126848.11,15476.035665178573,3815.6049913516867,0.3130450619468798,Low,Low-touch retention monitoring,454
C00153,medium,ads,Chennai,39,male,30,46,588439,533830.8099999999,408217.94,125612.86999999997,23.53,17794.36,2024-02-16,2025-11-02,59,625,341,148,94,55,44,3,4,1,17.52,0.2757,0.1613,0.129,5,130890.15,0,0.0302117673992674,3.02117673992674,0,2,5,5,255,12,At Risk High Value,Low Risk,125612.86999999997,17777.78219665751,3794.986810794413,0.31293029682598844,Low,Low-touch retention monitoring,455
C00584,high,organic,Kolkata,38,female,22,44,317272,287065.85,223919.65,63146.2,22.0,13048.45,2025-07-22,2025-12-19,12,150,151,76,51,13,11,3,4,1,53.53,0.3377,0.0861,0.0728,12,124687.14,0,0.04592361111111111,4.592361111111111,0,3,4,3,343,10,Potential Loyalists,Low Risk,63146.2,14570.275944444444,2899.9015319444443,0.31273810995611107,Low,Low-touch retention monitoring,456
C00911,medium,referral,Delhi,46,female,20,44,372817,345578.49,257075.66,88502.83,25.61,17278.92,2024-06-02,2025-12-15,16,561,275,141,66,40,28,3,4,1,13.01,0.24,0.1455,0.1018,3,128902.62,0,0.03763755862193362,3.763755862193362,0,3,4,4,344,11,High Value,Low Risk,88502.83,14031.921692753425,3331.030452332025,0.3127227407605422,Low,Low-touch retention monitoring,457
C00273,medium,organic,Bhubaneswar,36,male,10,20,190896,144001.75999999998,134138.02,9863.739999999994,6.85,14400.18,2025-04-14,2025-11-16,45,216,126,62,39,11,14,3,4,1,16.9,0.3095,0.0873,0.1111,2,28089.54,0,0.10632133838383837,10.632133838383837,0,2,2,3,223,7,Hibernating,Low Risk,9863.739999999994,20296.31821212121,1048.7260382702013,0.312617106285288,Low,Low-touch retention monitoring,458
C00434,medium,ads,Mumbai,30,male,29,56,562462,533661.7,399282.44,134379.25999999998,25.18,18402.13,2024-05-23,2025-12-12,19,568,272,138,61,49,24,3,4,1,18.64,0.2243,0.1801,0.0882,3,20568.92,0,0.028606060606060607,2.860606060606061,0,3,4,4,344,11,High Value,Low Risk,134379.25999999998,16089.82206060606,3844.0612557575755,0.31242633929354807,Low,Low-touch retention monitoring,459
C00599,high,organic,Pune,22,male,97,182,1683689,1550251.3,1193790.13,356461.1699999999,22.99,15981.97,2024-01-19,2025-12-28,3,709,730,386,184,104,56,3,4,1,49.94,0.2521,0.1425,0.0767,13,108115.81,0,0.013819444444444447,1.3819444444444446,0,5,5,5,555,15,Champions,Low Risk,356461.1699999999,23267.646597222225,4926.095335416667,0.31242383128882867,Low,Low-touch retention monitoring,460
C01012,medium,ads,Jaipur,37,female,21,38,357310,338590.62,248968.25,89622.36999999998,26.47,16123.36,2024-05-18,2025-11-04,57,535,269,145,65,33,26,3,4,1,14.33,0.2416,0.1227,0.0967,3,44430.6,0,0.03709340659340659,3.709340659340659,0,2,4,4,244,10,At Risk High Value,Low Risk,89622.36999999998,13253.84510989011,3324.3990102747243,0.3123249893484273,Low,Low-touch retention monitoring,461
C00243,medium,ads,Pune,20,female,19,42,354585,329158.03,250300.24,78857.79,23.96,17324.11,2024-07-10,2025-10-30,62,477,276,128,67,40,41,3,4,1,14.54,0.2428,0.1449,0.1486,3,36468.34,0,0.04001488095238095,4.001488095238095,0,1,4,4,144,9,At Risk High Value,Low Risk,78857.79,14188.676562499999,3155.4850790178566,0.31221317811592353,Low,Low-touch retention monitoring,462
C00918,high,ads,Chennai,21,female,16,33,331322,296319.26,237319.06,59000.2,19.91,18519.95,2025-09-24,2025-12-15,16,82,113,58,35,11,9,3,4,1,71.22,0.3097,0.0973,0.0796,17,226429.21,0,0.04730059523809524,4.7300595238095235,0,3,3,3,333,9,Potential Loyalists,Low Risk,59000.2,15671.727815476192,2790.7445791666664,0.31219235793057604,Low,Low-touch retention monitoring,463
C00242,medium,organic,Mumbai,39,male,27,54,294121,274205.53,212651.67,61553.85999999999,22.45,10155.76,2024-05-20,2025-11-10,51,539,299,139,82,49,29,3,4,1,18.28,0.2742,0.1639,0.097,6,65374.54,0,0.045829517704517715,4.582951770451771,0,2,4,3,243,9,Needs Attention,Low Risk,61553.85999999999,13479.423576770454,2820.9837166514044,0.3116950723287867,Low,Low-touch retention monitoring,464
C00647,medium,referral,Bangalore,42,male,16,36,351022,326783.91,240462.22,86321.68999999999,26.42,20423.99,2025-04-14,2025-12-29,2,259,147,73,35,25,14,3,4,1,22.55,0.2381,0.1701,0.0952,6,91373.46,0,0.03752713585434173,3.752713585434173,0,5,3,4,534,12,High Value,Low Risk,86321.68999999999,13172.850281862744,3239.405787806372,0.311659109501351,Low,Low-touch retention monitoring,465
C00513,medium,ads,Chennai,49,male,26,51,675160,623930.7999999999,488152.42,135778.37999999998,21.76,23997.34,2024-01-18,2025-12-27,4,709,346,179,82,49,36,3,4,1,13.39,0.237,0.1416,0.104,4,59832.06,0,0.027907738095238097,2.7907738095238095,0,5,4,5,545,14,Champions,Low Risk,135778.37999999998,18842.188452380953,3789.2674680357136,0.3114939450401938,Low,Low-touch retention monitoring,466
C00450,medium,ads,Bangalore,36,male,2,4,39494,34751.36,25545.94,9205.419999999998,26.49,17375.68,2025-09-04,2025-12-11,20,98,67,30,21,6,10,3,4,1,7.45,0.3134,0.0896,0.1493,6,56710.54,0,0.10759346903096903,10.759346903096903,0,3,1,1,311,5,Needs Attention,Low Risk,9205.419999999998,4249.296465909091,990.4430716870627,0.311337112645858,Low,Low-touch retention monitoring,467
C00991,medium,referral,Hyderabad,38,female,12,27,520630,496742.51,342291.18,154451.33,31.09,41395.21,2024-10-14,2025-12-27,4,439,221,116,53,30,22,3,4,1,9.98,0.2398,0.1357,0.0995,4,27910.42,0,0.025404513888888886,2.5404513888888887,0,5,3,4,534,12,High Value,Low Risk,154451.33,13226.352065972222,3923.7609581423603,0.31123925958919396,Low,Low-touch retention monitoring,468
C00829,medium,ads,Delhi,21,female,3,5,48569,42168.65,34399.92,7768.729999999997,18.42,14056.22,2025-11-21,2025-12-22,9,31,34,13,13,7,1,3,4,1,35.32,0.3824,0.2059,0.0294,4,9246.01,0,0.11379464285714289,11.379464285714288,0,4,1,1,411,6,Recent Customers,Low Risk,7768.729999999997,5526.892008928573,884.0398558035713,0.3109969224630825,Low,Low-touch retention monitoring,469
C00085,medium,ads,Mumbai,38,female,22,46,443083,388554.7,297178.77,91375.93,23.52,17661.58,2024-09-09,2025-12-27,4,474,240,115,54,42,29,3,4,1,16.94,0.225,0.175,0.1208,5,96579.82,0,0.03569886363636363,3.569886363636363,0,4,4,4,444,12,Champions,Low Risk,91375.93,15817.559596590907,3262.0168647159085,0.3108108751998298,Low,Low-touch retention monitoring,470
C00036,medium,ads,Jaipur,46,male,2,3,45775,43944.0,35817.14,8126.860000000001,18.49,21972.0,2025-11-16,2025-11-18,43,2,36,17,9,6,4,3,4,1,365.0,0.25,0.1667,0.1111,4,189666.14,0,0.11114484126984127,11.114484126984127,0,2,1,1,211,4,Hibernating,Low Risk,8126.860000000001,5087.655109126984,903.2585647222223,0.31017547023325687,Low,Low-touch retention monitoring,471
C01047,high,ads,Bangalore,30,male,57,114,1023554,904155.7,721840.5,182315.2,20.16,15862.38,2024-08-23,2025-11-11,50,445,460,240,113,59,48,3,4,1,46.75,0.2457,0.1283,0.1043,10,253684.33,0,0.02208379120879121,2.208379120879121,0,2,5,5,255,12,At Risk High Value,Low Risk,182315.2,22603.952826923076,4026.2108109890114,0.3101685608081621,Low,Low-touch retention monitoring,472
C00457,medium,organic,Jaipur,48,male,9,21,173741,163902.75,125173.55,38729.2,23.63,18211.42,2025-08-24,2025-12-31,0,129,69,32,15,11,11,3,4,1,25.47,0.2174,0.1594,0.1594,6,181908.84,0,0.057280844155844154,5.728084415584416,0,5,2,2,522,9,Recent Customers,Low Risk,38729.2,9952.03114448052,2218.441269480519,0.3099745338923327,Low,Low-touch retention monitoring,473
C00344,medium,ads,Chennai,49,male,23,44,455700,422574.1,315518.17,107055.93,25.33,18372.79,2024-06-27,2025-11-07,54,498,256,125,60,42,29,3,4,1,16.86,0.2344,0.1641,0.1133,4,21698.22,0,0.03167045454545455,3.167045454545455,0,2,4,4,244,10,At Risk High Value,Low Risk,107055.93,14432.226136363639,3390.509964886364,0.3097753653039312,Low,Low-touch retention monitoring,474
C00425,medium,organic,Bangalore,23,other,28,65,446605,412296.39,323888.10000000003,88408.28999999998,21.44,14724.87,2024-03-20,2025-12-28,3,648,314,165,62,56,31,3,4,1,15.77,0.1975,0.1783,0.0987,2,20103.5,0,0.03546103896103896,3.5461038961038955,0,5,4,4,544,13,Champions,Low Risk,88408.28999999998,15837.077305194804,3135.04981616883,0.30924854490735587,Low,Low-touch retention monitoring,475
C00062,medium,ads,Chennai,24,female,13,31,203986,176345.32,150509.28,25836.040000000005,14.65,13565.02,2025-03-09,2025-11-17,44,253,133,64,30,26,13,3,4,1,18.75,0.2256,0.1955,0.0977,3,29931.88,0,0.0686666801335919,6.86666801335919,0,2,3,3,233,8,Needs Attention,Low Risk,25836.040000000005,14007.041413730876,1774.0750945986858,0.30881462524527065,Low,Low-touch retention monitoring,476
C01061,medium,organic,Chennai,41,male,4,6,52810,49377.06,37600.68,11776.38,23.85,12344.26,2025-09-25,2025-11-03,58,39,43,18,11,5,9,3,4,1,37.44,0.2558,0.1163,0.2093,1,7366.66,0,0.09554181929181932,9.554181929181931,0,2,2,2,222,6,Hibernating,Low Risk,11776.38,5045.563476800979,1125.1367698717952,0.3086627098730984,Low,Low-touch retention monitoring,477
C00326,medium,referral,Pune,19,female,7,13,186712,177123.04,125695.36,51427.68000000001,29.04,25303.29,2025-09-17,2025-11-08,53,52,134,75,30,16,13,3,4,1,49.13,0.2239,0.1194,0.097,3,49266.72,0,0.048277529761904754,4.827752976190475,0,2,2,2,222,6,Hibernating,Low Risk,51427.68000000001,9013.994136904761,2482.8013517857144,0.30859787944619876,Low,Low-touch retention monitoring,478
C01075,medium,organic,Ahmedabad,19,female,6,10,50324,47412.18,35544.28,11867.9,25.03,7902.03,2025-09-23,2025-12-27,4,95,62,36,10,9,7,3,4,1,23.05,0.1613,0.1452,0.1129,4,157955.96,0,0.09517361111111107,9.517361111111107,0,4,2,1,421,7,Recent Customers,Low Risk,11867.9,4789.516805555553,1129.510899305555,0.3085804522051882,Low,Low-touch retention monitoring,479
C00547,medium,referral,Kolkata,21,male,32,66,552652,508781.06,385386.28,123394.77999999998,24.25,15899.41,2024-02-21,2025-12-12,19,660,344,185,74,55,30,3,4,1,17.7,0.2151,0.1599,0.0872,3,44659.25,0,0.028046130952380954,2.8046130952380954,0,3,5,4,354,12,High Value,Low Risk,123394.77999999998,15499.75036309524,3460.746158720238,0.3083339748835592,Low,Low-touch retention monitoring,480
C00564,medium,referral,Bhubaneswar,18,female,12,23,192324,181509.84,132548.84,48961.0,26.97,15125.82,2025-03-20,2025-12-31,0,286,135,78,33,17,7,3,4,1,15.31,0.2444,0.1259,0.0519,2,7391.44,0,0.0493124046092796,4.9312404609279605,0,5,3,3,533,11,Recent Customers,Low Risk,48961.0,9483.95890407509,2414.3846420749387,0.30821969747764116,Low,Low-touch retention monitoring,481
C00726,medium,referral,Bhubaneswar,35,male,22,45,483616,464010.36,348644.34,115366.02000000002,24.86,21091.38,2024-06-04,2025-12-20,11,564,278,141,71,37,29,3,4,1,14.24,0.2554,0.1331,0.1043,1,60019.74,0,0.029092261904761912,2.909226190476191,0,4,4,4,444,12,Champions,Low Risk,115366.02000000002,14069.483333333337,3356.2584687500016,0.3078653681484895,Low,Low-touch retention monitoring,482
C00779,medium,referral,Bhubaneswar,34,female,3,7,26126,23979.76,19475.47,4504.289999999999,18.78,7993.25,2025-10-19,2025-11-19,42,31,42,17,11,7,7,3,4,1,35.32,0.2619,0.1667,0.1667,3,157056.96,0,0.13203571428571428,13.20357142857143,0,2,1,1,211,4,Hibernating,Low Risk,4504.289999999999,3449.565071428571,594.7271474999999,0.30778212699895235,Low,Low-touch retention monitoring,483
C01153,medium,ads,Bhubaneswar,54,female,4,8,82499,75097.98,55746.18,19351.799999999992,25.77,18774.49,2025-09-13,2025-12-04,27,82,50,24,6,15,5,3,4,1,17.8,0.12,0.3,0.1,4,150070.99,0,0.0771686507936508,7.71686507936508,0,2,2,2,222,6,Hibernating,Low Risk,19351.799999999992,6366.3365218253975,1493.352296428571,0.30775805638569775,Low,Low-touch retention monitoring,484
C00202,medium,ads,Jaipur,25,female,4,10,24020,21605.76,15408.070000000002,6197.689999999998,28.69,5401.44,2025-08-08,2025-12-13,18,127,89,46,14,16,13,3,4,1,11.5,0.1573,0.1798,0.1461,6,149451.69,0,0.11895238095238093,11.895238095238094,0,3,2,1,321,6,Needs Attention,Low Risk,6197.689999999998,2857.23619047619,737.2299819047615,0.30760375219087505,Low,Low-touch retention monitoring,485
C00305,medium,ads,Mumbai,34,male,21,39,427539,400911.26,316167.41000000003,84743.84999999999,21.14,19091.01,2024-06-14,2025-12-26,5,560,275,142,63,44,26,3,4,1,13.69,0.2291,0.16,0.0945,2,12711.71,0,0.035342261904761904,3.5342261904761902,0,4,4,4,444,12,Champions,Low Risk,84743.84999999999,15110.1953125,2995.039341517857,0.30754357603597654,Low,Low-touch retention monitoring,486
C00238,medium,referral,Ahmedabad,51,female,11,23,140948,119677.36,101446.13,18231.23,15.23,10879.76,2025-06-02,2025-12-10,21,191,110,42,40,19,9,3,4,1,21.02,0.3636,0.1727,0.0818,4,67711.29,0,0.07875768849206351,7.8757688492063505,0,3,3,2,332,8,Potential Loyalists,Low Risk,18231.23,11100.738677579368,1435.849533167163,0.30730787638419677,Low,Low-touch retention monitoring,487
C00473,medium,referral,Delhi,28,male,9,17,35480,33860.41,25471.07,8389.339999999998,24.78,3762.27,2025-05-11,2025-12-10,21,213,107,55,21,26,5,3,4,1,15.42,0.1963,0.243,0.0467,4,20683.36,0,0.10681944444444444,10.681944444444444,0,3,2,1,321,6,Needs Attention,Low Risk,8389.339999999998,3789.9538888888887,896.1446380555553,0.3072977141086586,Low,Low-touch retention monitoring,488
C01103,medium,ads,Delhi,36,male,32,57,789041,707216.98,554388.9,152828.08,21.61,22100.53,2024-05-27,2025-12-15,16,567,263,118,73,45,27,3,4,1,20.6,0.2776,0.1711,0.1027,2,53855.01,0,0.023648809523809523,2.364880952380952,0,3,5,5,355,13,High Value,Low Risk,152828.08,18659.88031547619,3614.202153809523,0.3072470805778003,Low,Low-touch retention monitoring,489
C00715,medium,ads,Ahmedabad,43,female,4,9,132468,122209.75,85744.20999999999,36465.54,29.84,30552.44,2025-08-20,2025-10-24,68,65,62,33,10,12,7,3,4,1,22.46,0.1613,0.1935,0.1129,2,170711.47999999998,0,0.056812500000000016,5.681250000000001,0,1,2,2,122,5,Hibernating,Low Risk,36465.54,7525.8382500000025,2071.6984912500006,0.30724673210698455,Low,Low-touch retention monitoring,490
C00129,medium,referral,Mumbai,36,female,6,13,106906,92292.46,71239.26000000001,21053.2,22.81,15382.08,2025-09-07,2025-11-14,47,68,89,42,24,16,7,3,4,1,32.21,0.2697,0.1798,0.0787,5,92271.84,0,0.07385912698412697,7.385912698412697,0,2,2,2,222,6,Hibernating,Low Risk,21053.2,7895.983829365078,1554.970972222222,0.3072176854707276,Low,Low-touch retention monitoring,491
C00929,medium,organic,Chennai,49,female,13,28,244837,230071.66,164611.23,65460.42999999999,28.45,17697.82,2024-11-25,2025-12-29,2,399,191,101,40,30,20,3,4,1,11.89,0.2094,0.1571,0.1047,2,22613.7,0,0.041127334267040155,4.112733426704016,0,5,3,3,533,11,Recent Customers,Low Risk,65460.42999999999,10069.49313993931,2692.2129858741832,0.30720313122108434,Low,Low-touch retention monitoring,492
C00906,high,organic,Mumbai,51,female,83,176,1750875,1609508.32,1268234.14,341274.17999999993,21.2,19391.67,2024-02-04,2025-12-19,12,684,713,335,191,117,70,3,4,1,44.29,0.2679,0.1641,0.0982,7,50567.16,0,0.012654761904761905,1.2654761904761904,0,4,5,5,455,14,Champions,Low Risk,341274.17999999993,22156.90625,4318.743492142857,0.3070193868526203,Low,Low-touch retention monitoring,493
C01215,high,referral,Kolkata,42,male,15,32,351332,323642.97,237293.82,86349.15,26.68,21576.2,2025-10-19,2025-12-22,9,64,89,40,29,13,7,3,4,1,85.55,0.3258,0.1461,0.0787,5,128073.25,0,0.0344781746031746,3.4478174603174603,0,4,3,4,434,11,High Value,Low Risk,86349.15,12113.286039682538,2977.161070535714,0.3068110355777587,Low,Low-touch retention monitoring,494
C00061,high,ads,Mumbai,35,female,32,67,884238,817923.61,634067.42,183856.19,22.48,25560.11,2025-04-01,2025-12-27,4,270,269,141,52,52,24,3,4,1,43.26,0.1933,0.1933,0.0892,12,96526.46,0,0.020462373410902825,2.0462373410902823,0,5,5,5,555,15,Champions,Low Risk,183856.19,18093.608140109893,3762.134013685898,0.306769740005551,Low,Low-touch retention monitoring,495
C01098,high,referral,Mumbai,27,female,90,182,1506135,1391924.33,1078038.67,313885.66,22.55,15465.83,2024-04-02,2025-12-28,3,635,649,301,197,94,57,3,4,1,51.73,0.3035,0.1448,0.0878,11,199240.05,0,0.013253720238095236,1.3253720238095237,0,5,5,5,555,15,Champions,Low Risk,313885.66,19961.89193080357,4160.15272438988,0.30604083540340193,Low,Low-touch retention monitoring,496
C00487,medium,ads,Chennai,50,male,15,35,192848,183657.81,128580.12,55077.69,29.99,12243.85,2025-04-07,2025-12-29,2,266,141,67,37,30,7,3,4,1,20.58,0.2624,0.2128,0.0496,7,97890.92,0,0.04457247899159663,4.457247899159663,0,5,3,3,533,11,Recent Customers,Low Risk,55077.69,8595.713428571427,2454.9491804306717,0.30597147851395834,Low,Low-touch retention monitoring,497
C00968,medium,ads,Bhubaneswar,39,female,24,46,440600,402616.89,311339.92,91276.97,22.67,16775.7,2024-06-28,2025-10-24,68,483,247,111,74,31,31,3,4,1,18.14,0.2996,0.1255,0.1255,1,40580.8,0,0.032779671717171714,3.2779671717171714,0,1,4,4,144,9,At Risk High Value,Low Risk,91276.97,14442.723358585858,2992.029111938131,0.30597006472590466,Low,Low-touch retention monitoring,498
C00794,medium,organic,Hyderabad,42,female,17,38,579951,550029.48,404384.43,145645.04999999996,26.48,32354.68,2024-11-09,2025-12-31,0,417,205,107,51,29,18,3,4,1,14.88,0.2488,0.1415,0.0878,1,5970.24,0,0.023827380952380954,2.3827380952380954,0,5,3,5,535,13,High Value,Low Risk,145645.04999999996,13818.713410714287,3470.340090178571,0.30590172044951713,Low,Low-touch retention monitoring,499
C00392,high,ads,Kolkata,38,male,44,85,746000,692814.64,523163.38,169651.25999999998,24.49,15745.79,2024-11-19,2025-12-11,20,387,376,181,115,44,36,3,4,1,41.5,0.3059,0.117,0.0957,9,239829.82,0,0.021305555555555557,2.1305555555555555,0,3,5,5,355,13,High Value,Low Risk,169651.25999999998,15893.944444444445,3614.5143449999996,0.3058442169611343,Low,Low-touch retention monitoring,500
C00312,medium,ads,Mumbai,48,male,15,32,311920,295569.58,212213.74,83355.84,28.2,19704.64,2024-08-17,2025-12-02,29,472,223,98,66,32,27,3,4,1,11.6,0.296,0.1435,0.1211,1,108143.19,0,0.034601648351648355,3.4601648351648353,0,2,3,3,233,8,Needs Attention,Low Risk,83355.84,10792.946153846155,2884.249463736264,0.3057514111284731,Low,Low-touch retention monitoring,501
C01202,medium,organic,Delhi,18,female,27,64,663341,607336.79,457946.63,149390.15999999997,24.6,22493.96,2024-06-23,2025-10-07,85,471,268,134,62,46,26,3,4,1,20.92,0.2313,0.1716,0.097,3,9185.96,0,0.02324305555555555,2.324305555555555,0,1,4,5,145,10,At Risk High Value,Low Risk,149390.15999999997,15418.071715277774,3472.2837883333323,0.30557114804610175,Low,Low-touch retention monitoring,502
C00143,medium,ads,Ahmedabad,37,male,8,16,152445,142701.53999999998,111447.61,31253.929999999986,21.9,17837.69,2025-08-28,2025-12-24,7,118,87,45,23,12,7,3,4,1,24.75,0.2644,0.1379,0.0805,2,18758.04,0,0.05989069264069265,5.989069264069265,0,4,2,2,422,8,Recent Customers,Low Risk,31253.929999999986,9130.036639610391,1871.8195154437224,0.30546637269133303,Low,Low-touch retention monitoring,503
C01145,medium,ads,Jaipur,48,other,21,49,310667,279690.8,224082.94,55607.86,19.88,13318.61,2024-08-02,2025-12-30,1,515,282,138,61,55,28,3,4,1,14.88,0.2163,0.195,0.0993,4,18072.18,0,0.0438917748917749,4.38917748917749,0,5,4,3,543,12,Loyal Customers,Low Risk,55607.86,13635.726030303033,2440.7276733333338,0.3053553246421568,Low,Low-touch retention monitoring,504
C00853,medium,ads,Kolkata,42,male,11,22,290155,275631.39,201912.15,73719.23999999999,26.75,25057.4,2024-09-27,2025-11-27,34,426,212,107,51,36,18,3,4,1,9.42,0.2406,0.1698,0.0849,4,17750.6,0,0.0370918489190548,3.70918489190548,0,2,3,3,233,8,Needs Attention,Low Risk,73719.23999999999,10762.385423108346,2734.3829125075413,0.30533757728345,Low,Low-touch retention monitoring,505
C00734,medium,ads,Bangalore,40,female,9,17,235331,226308.44,173681.64,52626.8,23.25,25145.38,2025-04-12,2025-12-06,25,238,121,60,36,10,15,3,4,1,13.8,0.2975,0.0826,0.124,3,107335.56,0,0.04524702380952381,4.524702380952381,0,3,2,3,323,8,Needs Attention,Low Risk,52626.8,10648.02736011905,2381.206072619048,0.30528571781351554,Low,Low-touch retention monitoring,506
C00210,medium,referral,Ahmedabad,41,male,24,55,402041,374253.43,281698.92,92554.50999999998,24.73,15593.89,2024-05-19,2025-12-30,1,590,292,147,73,43,29,3,4,1,14.85,0.25,0.1473,0.0993,3,26785.24,0,0.031889880952380954,3.1889880952380953,0,5,4,4,544,13,Champions,Low Risk,92554.50999999998,12821.039627976192,2951.552305505952,0.304949150889124,Low,Low-touch retention monitoring,507
C00732,medium,organic,Ahmedabad,27,female,26,50,404160,373495.64,297495.71,75999.92999999998,20.35,14365.22,2024-08-18,2025-12-12,19,481,241,117,59,37,28,3,4,1,19.73,0.2448,0.1535,0.1162,4,119277.04,0,0.03608080808080808,3.608080808080808,0,3,4,4,344,11,High Value,Low Risk,75999.92999999998,14582.419393939394,2742.138888484848,0.3048322316414581,Low,Low-touch retention monitoring,508
C00796,medium,organic,Delhi,18,female,21,36,406789,371704.76,279761.74,91943.01999999996,24.74,17700.23,2024-07-24,2025-12-12,19,506,242,116,71,33,22,3,4,1,15.15,0.2934,0.1364,0.0909,1,10241.0,0,0.03187346681096681,3.187346681096681,0,3,4,4,344,11,High Value,Low Risk,91943.01999999996,12965.775690566377,2930.5427964700566,0.304683865570121,Low,Low-touch retention monitoring,509
C00200,high,organic,Hyderabad,20,female,31,58,556063,504063.37,406450.73,97612.63999999996,19.37,16260.11,2025-05-12,2025-12-19,12,221,225,111,48,48,18,3,4,1,51.2,0.2133,0.2133,0.08,11,225190.91,0,0.03058577533577533,3.058577533577533,0,3,5,4,354,12,High Value,Low Risk,97612.63999999996,17007.617990537237,2985.558276971915,0.30457631018314996,Low,Low-touch retention monitoring,510
C00381,medium,ads,Ahmedabad,27,female,30,68,578852,532733.38,404974.82,127758.55999999995,23.98,17757.78,2024-06-26,2025-12-26,5,548,246,130,61,39,16,3,4,1,19.98,0.248,0.1585,0.065,3,59928.47,0,0.025463744588744584,2.5463744588744586,0,4,5,5,455,14,Champions,Low Risk,127758.55999999995,14739.73948268398,3253.2113408657992,0.30457314572984956,Low,Low-touch retention monitoring,511
C00429,medium,referral,Kolkata,21,female,4,7,61521,58726.27,46746.29,11979.98,20.4,14681.57,2025-10-03,2025-12-02,29,60,40,25,8,6,1,3,4,1,24.33,0.2,0.15,0.025,5,32865.56,0,0.09055059523809524,9.055059523809524,0,2,2,2,222,6,Hibernating,Low Risk,11979.98,5570.763169642857,1084.794319940476,0.3043630542156308,Low,Low-touch retention monitoring,512
C00585,medium,referral,Bhubaneswar,41,male,27,55,467498,447703.48,330957.12,116746.35999999996,26.08,16581.61,2024-04-03,2025-12-22,9,628,313,167,64,52,30,3,4,1,15.69,0.2045,0.1661,0.0958,2,8170.8,0,0.026976190476190483,2.6976190476190482,0,4,4,4,444,12,Champions,Low Risk,116746.35999999996,12611.315095238098,3149.3720447619044,0.3043206229372553,Low,Low-touch retention monitoring,513
C00963,medium,ads,Mumbai,40,male,20,37,215135,197806.33,156903.45,40902.87999999999,20.68,9890.32,2024-08-06,2025-12-24,7,505,255,132,69,39,15,3,4,1,14.46,0.2706,0.1529,0.0588,3,73362.47,0,0.05108035714285716,5.108035714285716,0,4,4,3,443,11,Loyal Customers,Low Risk,40902.87999999999,10989.172633928576,2089.333718571429,0.3041104999219932,Low,Low-touch retention monitoring,514
C00959,medium,referral,Kolkata,37,female,2,3,9581,7514.91,6183.52,1331.39,17.72,3757.45,2025-09-26,2025-10-31,61,35,64,36,14,7,7,3,4,1,20.86,0.2188,0.1094,0.1094,3,87353.62000000001,0,0.17996121933621928,17.99612193362193,0,1,1,1,111,3,Hibernating,Low Risk,1331.39,1724.208442460317,239.598567812049,0.3041067153824631,Low,Low-touch retention monitoring,515
C00677,medium,referral,Chennai,50,male,24,47,700880,660079.98,490510.46,169569.52,25.69,27503.33,2024-09-03,2025-12-05,26,458,239,120,61,33,25,3,4,1,19.13,0.2552,0.1381,0.1046,4,39631.86,0,0.020463235294117647,2.0463235294117648,0,2,4,5,245,11,At Risk High Value,Low Risk,169569.52,14342.272352941176,3469.940986470588,0.3038791203356576,Low,Low-touch retention monitoring,516
C01174,high,organic,Mumbai,32,male,5,10,40660,36713.42,27818.79,8894.63,24.23,7342.68,2025-10-31,2025-12-29,2,59,50,24,10,10,6,3,4,1,30.93,0.2,0.2,0.12,14,489279.42,0,0.10067318098568095,10.067318098568096,0,5,2,1,521,8,Recent Customers,Low Risk,8894.63,4093.3715388777878,895.4506957906673,0.3035822774185405,Low,Low-touch retention monitoring,517
C01134,high,organic,Bangalore,49,male,40,79,619412,560587.24,431237.98,129349.25999999997,23.07,14014.68,2024-12-15,2025-12-26,5,376,357,166,106,58,27,3,4,1,38.83,0.2969,0.1625,0.0756,12,128386.4,0,0.02445138888888889,2.445138888888889,0,4,5,5,455,14,Champions,Low Risk,129349.25999999997,15145.483694444445,3162.769058749999,0.3029575308230338,Low,Low-touch retention monitoring,518
C00100,high,ads,Chennai,23,male,26,43,341209,316738.77,232945.22,83793.55,26.46,12182.26,2025-06-12,2025-12-31,0,202,206,107,43,30,26,3,4,1,46.98,0.2087,0.1456,0.1262,8,116223.11,0,0.03278174603174603,3.278174603174603,0,5,4,3,543,12,Loyal Customers,Low Risk,83793.55,11185.426781746031,2746.8988751984125,0.3029148094302824,Low,Low-touch retention monitoring,519
C01201,medium,organic,Bangalore,26,male,16,33,385588,366359.13,276819.9,89539.23,24.44,22897.45,2024-10-17,2025-12-27,4,436,228,112,56,39,21,3,4,1,13.39,0.2456,0.1711,0.0921,2,10965.62,0,0.031128336940836946,3.1128336940836947,0,4,3,4,434,11,High Value,Low Risk,89539.23,12002.713184343436,2787.2073208630954,0.30244365247778554,Low,Low-touch retention monitoring,520
C00026,medium,ads,Kolkata,21,female,9,19,320381,308066.9,233954.75,74112.15,24.06,34229.66,2024-11-21,2025-10-30,62,343,201,95,60,23,23,3,4,1,9.58,0.2985,0.1144,0.1144,4,16015.48,0,0.03508820346320347,3.5088203463203467,0,1,2,3,123,6,Hibernating,Low Risk,74112.15,11241.59371374459,2600.4621982954545,0.30233983052639496,Low,Low-touch retention monitoring,521
C00627,medium,organic,Chennai,33,female,28,57,405245,377560.9,292657.52,84903.37999999998,22.49,13484.32,2024-05-31,2025-12-13,18,561,292,142,82,37,31,3,4,1,18.22,0.2808,0.1267,0.1062,7,105597.54,0,0.03213888888888889,3.213888888888889,0,3,4,4,344,11,High Value,Low Risk,84903.37999999998,13024.124027777778,2728.7002961111107,0.30229141424291944,Low,Low-touch retention monitoring,522
C00373,medium,ads,Bangalore,46,female,2,5,20096,18147.86,13483.15,4664.71,25.7,9073.93,2025-11-05,2025-12-26,5,51,27,13,9,2,3,3,4,1,14.31,0.3333,0.0741,0.1111,3,130029.7,0,0.12431033549783553,12.431033549783553,0,4,1,1,411,6,Recent Customers,Low Risk,4664.71,2498.140502164503,579.8716651001084,0.3022436103776247,Low,Low-touch retention monitoring,523
C00561,high,organic,Delhi,40,female,68,138,1688299,1569528.85,1215885.87,353642.98,22.53,23081.31,2024-06-25,2025-12-23,8,546,586,301,152,88,45,3,4,1,45.46,0.2594,0.1502,0.0768,11,190500.43,0,0.010979166666666667,1.0979166666666667,0,4,5,5,455,14,Champions,Low Risk,353642.98,18536.116104166667,3882.7052179166662,0.30220790424704197,Low,Low-touch retention monitoring,524
C01021,medium,organic,Pune,30,female,21,41,346584,329079.7,244694.96,84384.73999999999,25.64,15670.46,2024-10-11,2025-12-12,19,427,213,116,45,31,21,3,4,1,17.95,0.2113,0.1455,0.0986,4,79831.14,0,0.03211857586857587,3.2118575868575867,0,3,4,4,344,11,High Value,Low Risk,84384.73999999999,11131.784498834499,2710.3176738400484,0.3020375276761068,Low,Low-touch retention monitoring,525
C01080,medium,ads,Mumbai,44,male,22,45,525267,474091.31,364343.29,109748.02,23.15,21549.6,2024-06-14,2025-12-31,0,565,251,130,66,34,21,3,4,1,14.21,0.2629,0.1355,0.0837,4,15091.29,0,0.02684935897435898,2.684935897435898,0,5,4,4,544,13,Champions,Low Risk,109748.02,14103.082240384618,2946.6639857051287,0.3018655673874323,Low,Low-touch retention monitoring,526
C00860,medium,organic,Mumbai,21,female,14,28,226920,212593.63,155169.86000000002,57423.76999999999,27.01,15185.26,2024-12-05,2025-10-12,80,311,195,106,44,31,14,3,4,1,16.43,0.2256,0.159,0.0718,4,88434.25,0,0.04062115294835883,4.062115294835883,0,1,3,3,133,7,Needs Attention,Low Risk,57423.76999999999,9217.752027041586,2332.619744041379,0.3017731110123567,Low,Low-touch retention monitoring,527
C00664,medium,ads,Jaipur,37,female,20,30,170361,161806.29,122687.62,39118.67,24.18,8090.31,2024-07-11,2025-12-12,19,519,253,128,64,46,15,3,4,1,14.07,0.253,0.1818,0.0593,4,71258.52,0,0.050263888888888886,5.026388888888889,0,3,4,2,342,9,Potential Loyalists,Low Risk,39118.67,8563.006374999999,1966.256482361111,0.30144997670075696,Low,Low-touch retention monitoring,528
C00254,medium,organic,Pune,27,male,11,24,428644,400570.22,304741.62,95828.59999999996,23.92,36415.47,2025-05-28,2025-12-25,6,211,98,47,28,16,7,3,4,1,19.03,0.2857,0.1633,0.0714,4,126171.87,0,0.02896924603174603,2.896924603174603,0,4,3,4,434,11,High Value,Low Risk,95828.59999999996,12417.493496031746,2776.0822902777763,0.30100519021326,Low,Low-touch retention monitoring,529
C00691,medium,ads,Bangalore,41,male,7,11,110980,104681.75,82824.67,21857.07999999999,20.88,14954.54,2025-04-03,2025-10-20,72,200,174,88,47,23,16,3,4,1,12.78,0.2701,0.1322,0.092,3,145993.08,0,0.06697397741147743,6.697397741147743,0,1,2,2,122,5,Hibernating,Low Risk,21857.07999999999,7432.772013125765,1463.8555822008543,0.3009281399253557,Low,Low-touch retention monitoring,530
C00985,medium,ads,Ahmedabad,49,male,25,52,549425,505812.97,388435.89,117377.08,23.21,20232.52,2024-05-20,2025-12-29,2,588,250,107,65,39,39,3,4,1,15.52,0.26,0.156,0.156,3,35840.27,0,0.025148809523809525,2.5148809523809526,0,5,4,4,544,13,Champions,Low Risk,117377.08,13817.384672619048,2951.8938273809526,0.3009086452772821,Low,Low-touch retention monitoring,531
C01177,medium,ads,Pune,50,male,27,59,802066,757956.53,565637.88,192318.65,25.37,28072.46,2024-03-30,2025-10-29,63,578,320,145,91,52,32,3,4,1,17.05,0.2844,0.1625,0.1,3,96052.71,0,0.01733974358974359,1.7339743589743588,0,1,4,5,145,10,At Risk High Value,Low Risk,192318.65,13907.61878205128,3334.7560785256405,0.30058402440524695,Low,Low-touch retention monitoring,532
C00563,medium,organic,Pune,34,male,6,15,288798,277652.92,208834.16,68818.75999999997,24.79,46275.49,2025-05-23,2025-11-01,60,162,163,90,37,22,14,3,4,1,13.52,0.227,0.135,0.0859,2,60309.96,0,0.035601190476190474,3.560119047619047,0,1,2,3,123,6,Hibernating,Low Risk,68818.75999999997,10281.552607142856,2450.029783095237,0.30051698490479906,Low,Low-touch retention monitoring,533
C00451,medium,ads,Mumbai,40,male,6,14,120300,108838.32,83155.13,25683.189999999995,23.6,18139.72,2025-06-19,2025-12-07,24,171,105,56,28,7,14,3,4,1,12.81,0.2667,0.0667,0.1333,3,187170.67,0,0.06138141025641027,6.138141025641027,0,3,2,2,322,7,Needs Attention,Low Risk,25683.189999999995,7384.183653846156,1576.4704220833335,0.3002219158863387,Low,Low-touch retention monitoring,534
C00950,medium,organic,Pune,23,male,8,17,187706,148227.81,133102.34999999998,15125.46,10.2,18528.48,2025-09-01,2025-12-21,10,111,71,34,20,11,6,3,4,1,26.31,0.2817,0.1549,0.0845,4,28084.14,0,0.07830393217893218,7.830393217893218,0,4,2,2,422,8,Recent Customers,Low Risk,15125.46,14698.117893578645,1184.3829940151516,0.3001539958528139,Low,Low-touch retention monitoring,535
C00666,medium,ads,Bhubaneswar,33,female,35,66,707797,660446.58,490354.91,170091.66999999998,25.75,18869.9,2024-03-22,2025-12-31,0,649,313,145,84,47,37,3,4,1,19.68,0.2684,0.1502,0.1182,1,6931.280000000001,0,0.01882584776334776,1.882584776334776,0,5,5,5,555,15,Champions,Low Risk,170091.66999999998,13324.878569354254,3202.119885233585,0.3000243642328269,Low,Low-touch retention monitoring,536
C00724,medium,ads,Kolkata,29,male,9,17,203918,190921.33,144163.43,46757.9,24.49,21213.48,2025-01-13,2025-12-06,25,327,151,85,32,18,16,3,4,1,10.05,0.2119,0.1192,0.106,4,56105.810000000005,0,0.04436512099012099,4.436512099012099,0,3,2,3,323,8,Needs Attention,Low Risk,46757.9,9046.846742063493,2074.4198907439786,0.2998252386046659,Low,Low-touch retention monitoring,537
C00118,medium,organic,Pune,37,other,24,53,320028,309244.57,225697.24,83547.32999999999,27.02,12885.19,2024-06-28,2025-11-26,35,516,285,159,59,42,25,3,4,1,16.98,0.207,0.1474,0.0877,8,75733.13,0,0.03104058441558442,3.104058441558442,0,2,4,3,243,9,Needs Attention,Low Risk,83547.32999999999,9933.856149350651,2593.357949561688,0.2998134431254172,Low,Low-touch retention monitoring,538
C00090,medium,ads,Kolkata,34,male,11,19,173145,163934.04,121457.38,42476.66,25.91,14903.09,2025-01-21,2025-11-18,43,301,168,81,51,20,16,3,4,1,13.34,0.3036,0.119,0.0952,3,48144.93,0,0.046779227716727725,4.6779227716727725,0,2,3,2,232,7,Needs Attention,Low Risk,42476.66,8099.589383012822,1987.02535078602,0.29973483125682143,Low,Low-touch retention monitoring,539
C01176,medium,ads,Hyderabad,34,other,16,29,171158,158187.47,122885.85,35301.62,22.32,9886.72,2025-04-25,2025-12-18,13,237,141,61,36,31,13,3,4,1,24.64,0.2553,0.2199,0.0922,3,44545.28,0,0.0515267714311832,5.15267714311832,0,3,3,2,332,8,Potential Loyalists,Low Risk,35301.62,8819.219144618453,1818.9785048904855,0.29942427763512613,Low,Low-touch retention monitoring,540
C00545,high,referral,Bangalore,31,female,7,15,128194,121509.67,89494.95,32014.72,26.35,17358.52,2025-10-26,2025-12-31,0,66,59,33,9,12,5,3,4,1,38.71,0.1525,0.2034,0.0847,7,74274.1,0,0.054114454989454996,5.4114454989455,0,5,2,2,522,9,Recent Customers,Low Risk,32014.72,6937.148442918194,1732.4591244400046,0.2992346958154799,Low,Low-touch retention monitoring,541
C00358,high,ads,Ahmedabad,37,female,2,5,65041,51487.47,49631.92,1855.5499999999984,3.6,25743.74,2025-12-06,2025-12-12,19,6,24,12,7,3,2,3,4,1,121.67,0.2917,0.125,0.0833,8,72288.46,0,0.15919206487956492,15.919206487956492,0,3,1,2,312,6,Needs Attention,Low Risk,1855.5499999999984,10354.011091831782,295.3888359872764,0.2991047237621286,Low,Low-touch retention monitoring,542
C00197,high,referral,Bangalore,19,female,58,115,1234984,1108534.38,869565.0,238969.38,21.56,19112.66,2024-08-23,2025-12-30,1,494,486,263,106,79,38,3,4,1,42.85,0.2181,0.1626,0.0782,7,204893.09,0,0.014124751984126983,1.4124751984126982,0,5,5,5,555,15,Champions,Low Risk,238969.38,17443.842704365077,3375.383224300595,0.2990880476036995,Low,Low-touch retention monitoring,543
C01154,medium,ads,Chennai,40,male,20,46,453417,430017.76,324764.07,105253.69,24.48,21500.89,2024-04-09,2025-12-29,2,629,307,146,73,55,33,3,4,1,11.61,0.2378,0.1792,0.1075,6,45640.05,0,0.02598809523809524,2.598809523809524,0,5,4,4,544,13,Champions,Low Risk,105253.69,11783.44417857143,2735.3429198809526,0.2986878765769402,Low,Low-touch retention monitoring,544
C00013,medium,organic,Hyderabad,50,female,10,18,261766,240031.45,181031.69,58999.76,24.58,24003.15,2025-04-29,2025-12-27,4,242,138,59,31,27,21,3,4,1,15.08,0.2246,0.1957,0.1522,3,79176.64,0,0.03779960317460317,3.779960317460317,0,4,2,3,423,9,Recent Customers,Low Risk,58999.76,9894.650924603175,2230.1675153968254,0.2984742783160199,Low,Low-touch retention monitoring,545
C00652,high,referral,Kolkata,18,male,63,122,1125683,1035711.2,807669.97,228041.22999999995,22.02,16439.86,2024-07-10,2025-11-20,41,498,564,290,146,72,56,3,4,1,46.17,0.2589,0.1277,0.0993,10,83810.2,0,0.014386904761904762,1.4386904761904762,0,2,5,5,255,12,At Risk High Value,Low Risk,228041.22999999995,16195.094113095238,3280.8074577976186,0.29822909453342816,Low,Low-touch retention monitoring,546
C00747,medium,ads,Ahmedabad,42,male,3,6,52636,45674.04,36826.05,8847.990000000002,19.37,15224.68,2025-09-15,2025-12-19,12,95,83,50,24,5,4,3,4,1,11.53,0.2892,0.0602,0.0482,6,98685.51,0,0.09486895743145744,9.486895743145745,0,3,1,2,312,6,Needs Attention,Low Risk,8847.990000000002,4993.522443362194,839.3995866639613,0.29779024247276,Low,Low-touch retention monitoring,547
C00275,high,ads,Jaipur,53,male,67,136,1835481,1658547.03,1318969.82,339577.21,20.47,24754.43,2024-06-17,2025-12-31,0,562,556,299,131,69,57,3,4,1,43.51,0.2356,0.1241,0.1025,15,148728.31,0,0.01,1.0,0,5,5,5,555,15,Champions,Low Risk,339577.21,18354.81,3395.7721,0.29682854846409723,Low,Low-touch retention monitoring,548
C00854,medium,ads,Kolkata,33,female,21,43,313657,285587.42,222024.11,63563.309999999976,22.26,13599.4,2024-09-01,2025-12-11,20,466,228,116,59,34,19,3,4,1,16.45,0.2588,0.1491,0.0833,4,129175.39,0,0.035041666666666665,3.5041666666666664,0,3,4,3,343,10,Potential Loyalists,Low Risk,63563.309999999976,10991.064041666667,2227.364321249999,0.2967745478054225,Low,Low-touch retention monitoring,549
C00852,high,referral,Bangalore,18,male,89,171,1510224,1407996.97,1074242.87,333754.1,23.7,15820.19,2024-04-30,2025-12-28,3,607,597,315,148,90,44,3,4,1,53.52,0.2479,0.1508,0.0737,13,192583.13,0,0.010097222222222223,1.0097222222222222,0,5,5,5,555,15,Champions,Low Risk,333754.1,15249.067333333334,3369.9893152777777,0.29661434048650354,Low,Low-touch retention monitoring,550
C00070,medium,ads,Ahmedabad,40,male,14,28,99163,89945.44,69661.59,20283.85,22.55,6424.67,2025-03-27,2025-10-08,84,195,174,94,39,23,18,3,4,1,26.21,0.2241,0.1322,0.1034,3,31692.21,0,0.06523774509803922,6.523774509803921,0,1,3,2,132,6,Needs Attention,Low Risk,20283.85,6469.170517156863,1323.2726359068627,0.296277475952151,Low,Low-touch retention monitoring,551
C00068,medium,referral,Bhubaneswar,31,male,15,32,236662,209287.88,164464.1,44823.77999999999,21.42,13952.53,2025-02-07,2025-12-28,3,324,150,79,32,24,15,3,4,1,16.9,0.2133,0.16,0.1,5,139632.88,0,0.04266305916305915,4.266305916305916,0,5,3,3,533,11,Recent Customers,Low Risk,44823.77999999999,10096.724907647906,1912.3195780519472,0.2958950739947312,Low,Low-touch retention monitoring,552
C00589,high,organic,Hyderabad,22,male,55,111,937269,865322.65,658816.32,206506.33,23.86,15733.14,2024-07-09,2025-12-21,10,530,548,279,128,90,51,3,4,1,37.88,0.2336,0.1642,0.0931,6,250977.54,0,0.014751984126984127,1.4751984126984128,0,4,5,5,455,14,Champions,Low Risk,206506.33,13826.577410714286,3046.378102281746,0.2957971505872993,Low,Low-touch retention monitoring,553
C01166,medium,referral,Ahmedabad,22,female,25,53,432838,403913.41,301872.86,102040.55,25.26,16156.54,2024-07-03,2025-12-13,18,528,264,138,65,38,23,3,4,1,17.28,0.2462,0.1439,0.0871,3,16999.46,0,0.025080560064935066,2.5080560064935065,0,3,4,4,344,11,High Value,Low Risk,102040.55,10855.819457386364,2559.23414333401,0.29576382494701836,Low,Low-touch retention monitoring,554
C00619,high,ads,Bhubaneswar,42,female,43,85,1151527,1066249.23,834847.3,231401.92999999996,21.7,24796.49,2024-12-31,2025-12-29,2,363,354,182,91,56,25,3,4,1,43.24,0.2571,0.1582,0.0706,12,55073.42,0,0.0134375,1.34375,0,5,5,5,555,15,Champions,Low Risk,231401.92999999996,15473.6440625,3109.4634343749995,0.29574138679989626,Low,Low-touch retention monitoring,555
C00977,medium,organic,Ahmedabad,36,female,16,32,160685,147927.99,108179.01,39748.98,26.87,9245.5,2024-09-17,2025-12-14,17,453,284,159,58,43,24,3,4,1,12.89,0.2042,0.1514,0.0845,4,92960.28,0,0.04545372315592904,4.545372315592904,0,3,3,2,332,8,Potential Loyalists,Low Risk,39748.98,7303.7315053104585,1806.7391326505606,0.29553908451588523,Low,Low-touch retention monitoring,556
C00130,medium,referral,Bangalore,20,female,4,8,109165,103953.4,80556.42,23396.97999999999,22.51,25988.35,2025-09-14,2025-11-17,44,64,57,26,16,10,5,3,4,1,22.81,0.2807,0.1754,0.0877,5,78029.98,0,0.06021459096459097,6.021459096459097,0,2,2,2,222,6,Hibernating,Low Risk,23396.97999999999,6573.325822649573,1408.8395805067148,0.2955032171814125,Low,Low-touch retention monitoring,557
C00901,medium,ads,Bhubaneswar,38,female,17,33,397054,380463.43,285024.48,95438.94999999998,25.08,22380.2,2024-06-22,2025-12-10,21,536,240,117,59,36,28,3,4,1,11.58,0.2458,0.15,0.1167,4,81708.79,0,0.026123015873015874,2.6123015873015873,0,3,3,4,334,10,High Value,Low Risk,95438.94999999998,10372.247944444445,2493.153205753968,0.29545394040353945,Low,Low-touch retention monitoring,558
C00591,medium,organic,Hyderabad,44,female,21,47,565950,524611.96,411112.01,113499.95,21.64,24981.52,2024-08-19,2025-12-26,5,494,242,129,61,32,20,3,4,1,15.52,0.2521,0.1322,0.0826,3,14915.34,0,0.02300892857142857,2.300892857142857,0,4,4,4,444,12,Champions,Low Risk,113499.95,13021.903124999999,2611.512242410714,0.2952438802600562,Low,Low-touch retention monitoring,559
C00596,medium,ads,Bangalore,24,female,18,47,652133,622825.95,473520.75,149305.19999999995,23.97,34601.44,2024-10-17,2025-12-29,2,438,233,117,55,33,28,3,4,1,15.0,0.2361,0.1416,0.1202,4,77899.73999999999,0,0.018759081196581196,1.8759081196581195,0,5,3,5,535,13,High Value,Low Risk,149305.19999999995,12233.415897970086,2800.8283698717937,0.2951964170541064,Low,Low-touch retention monitoring,560
C00562,high,organic,Mumbai,22,male,11,22,167857,146002.6,115654.2,30348.4,20.79,13272.96,2025-09-12,2025-12-27,4,106,121,70,30,13,8,3,4,1,37.88,0.2479,0.1074,0.0661,8,92825.97,0,0.052362103174603186,5.236210317460318,0,4,3,2,432,9,Recent Customers,Low Risk,30348.4,8789.345552579367,1589.1060519841274,0.2950957077046348,Low,Low-touch retention monitoring,561
C01194,medium,organic,Bhubaneswar,21,female,10,21,200104,170505.68,133133.23,37372.45,21.92,17050.57,2024-11-19,2025-12-29,2,405,185,94,43,28,20,3,4,1,9.01,0.2324,0.1514,0.1081,6,88061.41,0,0.04665972222222222,4.665972222222222,0,5,2,3,523,10,Recent Customers,Low Risk,37372.45,9336.797055555555,1743.7881357638887,0.29499486829709026,Low,Low-touch retention monitoring,562
C00430,medium,ads,Chennai,45,male,30,56,461115,409160.64,316261.45,92899.19,22.7,13638.69,2024-04-20,2025-11-09,52,568,294,133,77,56,28,3,4,1,19.28,0.2619,0.1905,0.0952,5,51137.17,0,0.026380147630147625,2.6380147630147626,0,2,5,4,254,11,At Risk High Value,Low Risk,92899.19,12164.281774475521,2450.694346921134,0.2949940563602857,Low,Low-touch retention monitoring,563
C00393,medium,organic,Delhi,37,female,7,16,201105,169779.76,140913.17,28866.58999999999,17.0,24254.25,2025-07-27,2025-12-04,27,130,113,57,24,24,8,3,4,1,19.65,0.2124,0.2124,0.0708,1,13218.3,0,0.05351984126984126,5.351984126984126,0,2,2,3,223,7,Hibernating,Low Risk,28866.58999999999,10763.107678571427,1544.9353148015864,0.29478266034248135,Low,Low-touch retention monitoring,564
C00973,medium,organic,Pune,40,female,26,52,574524,523276.2,400527.42,122748.77999999998,23.46,20126.01,2024-05-01,2025-11-03,58,551,285,137,68,43,37,3,4,1,17.22,0.2386,0.1509,0.1298,4,97968.9,0,0.021529581529581527,2.1529581529581527,0,2,4,5,245,11,At Risk High Value,Low Risk,122748.77999999998,12369.261298701298,2642.729866666666,0.29478116060812626,Low,Low-touch retention monitoring,565
C00858,medium,referral,Kolkata,41,male,35,71,859150,813559.91,595398.4,218161.51,26.82,23244.57,2024-02-21,2025-12-18,13,666,324,145,98,50,31,3,4,1,19.18,0.3025,0.1543,0.0957,2,10490.92,0,0.013644782913165265,1.3644782913165265,0,3,5,5,355,13,High Value,Low Risk,218161.51,11722.915239845937,2976.766443958333,0.2943062605196228,Low,Low-touch retention monitoring,566
C00218,medium,referral,Ahmedabad,55,male,14,27,185255,175247.58,135668.65,39578.92999999999,22.58,12517.68,2025-03-11,2025-12-16,15,280,172,79,45,30,18,3,4,1,18.25,0.2616,0.1744,0.1047,5,114297.23,0,0.0446468253968254,4.46468253968254,0,3,3,2,332,8,Potential Loyalists,Low Risk,39578.92999999999,8271.04763888889,1767.0735771031743,0.29426134514827706,Low,Low-touch retention monitoring,567
C00960,high,organic,Delhi,32,male,32,62,711266,668568.01,482597.32,185970.69,27.82,20892.75,2025-06-03,2025-12-30,1,210,251,120,69,42,20,3,4,1,55.62,0.2749,0.1673,0.0797,8,101762.2,0,0.015494047619047619,1.549404761904762,0,5,5,5,555,15,Champions,Low Risk,185970.69,11020.389273809524,2881.438726607143,0.2942519877537342,Low,Low-touch retention monitoring,568
C00712,medium,organic,Mumbai,24,male,7,15,248449,235015.72,170207.45,64808.27,27.58,33573.67,2025-07-11,2025-12-16,15,158,93,44,26,13,10,3,4,1,16.17,0.2796,0.1398,0.1075,5,90394.43,0,0.03307837301587302,3.307837301587302,0,3,2,3,323,8,Needs Attention,Low Risk,64808.27,8218.288697420636,2143.7521295734127,0.29422860042569976,Low,Low-touch retention monitoring,569
C00112,medium,organic,Jaipur,25,female,11,21,99357,89202.59,70590.11,18612.480000000003,20.87,8109.33,2024-10-23,2025-10-16,76,358,214,113,50,34,17,3,4,1,11.22,0.2336,0.1589,0.0794,2,7354.92,0,0.06607417582417584,6.607417582417583,0,1,3,2,132,6,Needs Attention,Low Risk,18612.480000000003,6564.931887362639,1229.8042760439564,0.29416115175138413,Low,Low-touch retention monitoring,570
C00351,medium,ads,Mumbai,27,female,26,49,620799,554686.25,425517.76,129168.49,23.29,21334.09,2024-11-10,2025-12-29,2,414,220,101,56,40,23,3,4,1,22.92,0.2545,0.1818,0.1045,5,44025.92,0,0.02030952380952381,2.030952380952381,0,5,4,5,545,14,Champions,Low Risk,129168.49,12608.13207142857,2623.3505230952383,0.2937859573671479,Low,Low-touch retention monitoring,571
C00455,medium,organic,Hyderabad,37,male,1,2,9872,9477.12,6203.62,3273.499999999999,34.54,9477.12,2025-12-13,2025-12-13,18,0,19,8,4,3,4,3,4,1,1.0,0.2105,0.1579,0.2105,7,138128.43,0,0.1286873543123543,12.86873543123543,0,3,1,1,311,5,Needs Attention,Low Risk,3273.499999999999,1270.4015617715618,421.25805434149174,0.29346238730638935,Low,Low-touch retention monitoring,572
C00094,medium,organic,Bhubaneswar,37,female,14,27,149095,140595.1,99506.43,41088.66999999999,29.22,10042.51,2025-03-06,2025-12-15,16,284,164,94,37,21,12,3,4,1,17.99,0.2256,0.128,0.0732,1,134444.31,0,0.04270138888888888,4.270138888888888,0,3,3,2,332,8,Potential Loyalists,Low Risk,41088.66999999999,6366.563576388888,1754.5432765972214,0.29283968149274053,Low,Low-touch retention monitoring,573
C00553,medium,organic,Jaipur,36,male,19,41,238089,227532.04,167642.96,59889.08,26.32,11975.37,2024-10-20,2025-11-12,49,388,212,109,52,30,21,3,4,1,17.87,0.2453,0.1415,0.0991,4,235254.9,0,0.033929383116883115,3.3929383116883116,0,2,4,3,243,9,Needs Attention,Low Risk,59889.08,8078.212896915584,2031.9995398376623,0.2928251090211148,Low,Low-touch retention monitoring,574
C00801,medium,referral,Jaipur,57,male,6,11,134798,122564.72,92981.11,29583.61,24.14,20427.45,2025-09-01,2025-12-08,23,98,71,34,16,12,9,3,4,1,22.35,0.2254,0.169,0.1268,5,84538.41,0,0.05116856060606062,5.116856060606062,0,3,2,2,322,7,Needs Attention,Low Risk,29583.61,6897.419632575759,1513.750741231061,0.29264296918453353,Low,Low-touch retention monitoring,575
C01162,medium,organic,Bangalore,42,male,25,42,640853,601661.26,481082.39,120578.86999999997,20.04,24066.45,2024-08-04,2025-12-03,28,486,261,128,60,44,29,3,4,1,18.78,0.2299,0.1686,0.1111,2,19273.32,0,0.02075,2.075,0,2,4,5,245,11,At Risk High Value,Low Risk,120578.86999999997,13297.699750000002,2502.0115524999997,0.2923569471334665,Low,Low-touch retention monitoring,576
C00581,medium,organic,Bangalore,21,male,3,6,25854,24439.68,17712.329999999998,6727.35,27.53,8146.56,2025-11-02,2025-12-26,5,54,71,36,12,13,10,3,4,1,20.28,0.169,0.1831,0.1408,2,11811.18,0,0.0992232142857143,9.922321428571431,0,4,1,1,411,6,Recent Customers,Low Risk,6727.35,2565.316982142858,667.5092906250002,0.2922177138122931,Low,Low-touch retention monitoring,577
C00873,medium,ads,Ahmedabad,31,male,11,26,115431,108416.74,76913.06,31503.68,29.06,9856.07,2025-05-07,2025-11-30,31,207,131,62,39,21,9,3,4,1,19.4,0.2977,0.1603,0.0687,4,21728.71,0,0.04889138924800689,4.889138924800689,0,2,3,2,232,7,Needs Attention,Low Risk,31503.68,5643.581952286684,1540.2586816246499,0.291897217606908,Low,Low-touch retention monitoring,578
C00696,medium,ads,Delhi,26,male,8,15,194293,171193.15,128822.58,42370.56999999999,24.75,21399.14,2024-12-14,2025-11-14,47,335,174,92,40,20,22,3,4,1,8.72,0.2299,0.1149,0.1264,4,81930.52,0,0.04128683816183816,4.128683816183816,0,2,2,3,223,7,Hibernating,Low Risk,42370.56999999999,8021.743646978021,1749.3468664148347,0.2918849156521372,Low,Low-touch retention monitoring,579
C00415,medium,ads,Chennai,49,male,8,15,167148,162859.4,118549.63,44309.77,27.21,20357.42,2025-03-26,2025-12-14,17,263,104,44,36,13,11,3,4,1,11.1,0.3462,0.125,0.1058,2,7594.3,0,0.04013176406926407,4.013176406926407,0,3,2,2,322,7,Needs Attention,Low Risk,44309.77,6707.944100649351,1778.2292356033547,0.2917772883124958,Low,Low-touch retention monitoring,580
C00167,medium,organic,Mumbai,33,female,11,20,228142,215052.47,160719.45,54333.01999999999,25.27,19550.22,2025-02-04,2025-12-19,12,318,173,92,39,28,14,3,4,1,12.63,0.2254,0.1618,0.0809,4,130040.3,0,0.03529464285714285,3.529464285714285,0,3,3,3,333,9,Potential Loyalists,Low Risk,54333.01999999999,8052.190410714285,1917.6645362499992,0.2915738094616573,Low,Low-touch retention monitoring,581
C00037,medium,ads,Mumbai,36,female,13,27,186601,155324.44,125522.84,29801.6,19.19,11948.03,2025-05-03,2025-12-13,18,224,123,56,30,25,12,3,4,1,21.18,0.2439,0.2033,0.0976,6,118630.9,0,0.050103874883286645,5.010387488328664,0,3,3,2,332,8,Potential Loyalists,Low Risk,29801.6,9349.433157096171,1493.1756377217553,0.29151496198067356,Low,Low-touch retention monitoring,582
C00065,medium,organic,Jaipur,36,female,19,40,448777,414569.73,313911.6,100658.13,24.28,21819.46,2024-09-19,2025-11-24,37,431,248,131,60,39,18,3,4,1,16.09,0.2419,0.1573,0.0726,3,17600.030000000002,0,0.02307142857142857,2.307142857142857,0,2,4,4,244,10,At Risk High Value,Low Risk,100658.13,10353.9265,2322.3268564285713,0.2910851580859594,Low,Low-touch retention monitoring,583
C00009,medium,ads,Kolkata,19,female,26,46,517172,472052.17,362679.48,109372.68999999996,23.17,18155.85,2024-06-23,2025-11-09,52,504,280,144,61,42,33,3,4,1,18.83,0.2179,0.15,0.1179,3,118984.32,0,0.021499458874458872,2.149945887445887,0,2,4,4,244,10,At Risk High Value,Low Risk,109372.68999999996,11118.918145021644,2351.453650643938,0.29058762189152354,Low,Low-touch retention monitoring,584
C01197,medium,ads,Chennai,27,female,12,29,126721,105234.25,89777.95,15456.300000000005,14.69,8769.52,2024-10-11,2025-12-22,9,437,207,96,48,32,31,3,4,1,10.02,0.2319,0.1546,0.1498,1,666.49,0,0.06813879870129871,6.813879870129871,0,4,3,2,432,9,Recent Customers,Low Risk,15456.300000000005,8634.616710227274,1053.1737143668836,0.28985881813845205,Low,Low-touch retention monitoring,585
C00630,medium,ads,Bangalore,47,female,11,19,157935,143016.13999999998,111653.63,31362.50999999999,21.93,13001.47,2025-03-05,2025-12-15,16,285,137,50,45,24,18,3,4,1,14.09,0.3285,0.1752,0.1314,4,183861.74,0,0.047396825396825396,4.73968253968254,0,3,3,2,332,8,Potential Loyalists,Low Risk,31362.50999999999,7485.617619047619,1486.48341047619,0.28973016433031296,Low,Low-touch retention monitoring,586
C00942,medium,organic,Ahmedabad,24,female,13,30,211713,197889.89,141501.61000000002,56388.28,28.49,15222.3,2024-12-17,2025-10-30,62,317,203,105,49,27,22,3,4,1,14.97,0.2414,0.133,0.1084,1,1655.0800000000002,0,0.03331646825396825,3.331646825396825,0,1,3,3,133,7,Needs Attention,Low Risk,56388.28,7053.52944345238,1878.6583405158729,0.28965221755447074,Low,Low-touch retention monitoring,587
C00075,medium,organic,Hyderabad,30,female,12,27,220949,210550.12,157018.86,53531.26,25.42,17545.84,2025-02-16,2025-12-20,11,307,137,66,42,20,9,3,4,1,14.27,0.3066,0.146,0.0657,5,47014.04,0,0.03433730158730159,3.433730158730159,0,4,3,3,433,10,Recent Customers,Low Risk,53531.26,7586.792448412699,1838.119018968254,0.2894848174842048,Low,Low-touch retention monitoring,588
C00460,medium,ads,Pune,62,male,19,43,549088,495402.77,391764.76,103638.01,20.92,26073.83,2024-07-19,2025-11-29,32,498,249,126,59,33,31,3,4,1,13.93,0.2369,0.1325,0.1245,2,7110.28,0,0.021779761904761906,2.1779761904761905,0,2,4,4,244,10,At Risk High Value,Low Risk,103638.01,11959.005904761905,2257.2111820833334,0.2892933266883162,Low,Low-touch retention monitoring,589
C01170,medium,ads,Hyderabad,38,male,22,39,391299,366177.66,271725.32,94452.33999999998,25.79,16644.44,2024-06-28,2025-10-04,88,463,237,118,61,30,28,3,4,1,17.34,0.2574,0.1266,0.1181,2,7758.660000000001,0,0.02321474358974359,2.321474358974359,0,1,4,4,144,9,At Risk High Value,Low Risk,94452.33999999998,9083.905951923078,2192.6868545512816,0.28911737445654434,Low,Low-touch retention monitoring,590
C00380,high,referral,Chennai,38,male,49,101,1059762,969787.75,746232.4400000001,223555.31,23.05,19791.59,2024-09-05,2025-12-01,30,452,474,245,104,66,59,3,4,1,39.57,0.2194,0.1392,0.1245,7,71558.25,0,0.011813311688311689,1.181331168831169,0,2,5,5,255,12,At Risk High Value,Low Risk,223555.31,12519.298821428572,2640.928556607143,0.2889270186386439,Low,Low-touch retention monitoring,591
C00227,medium,organic,Delhi,37,male,12,28,299296,287961.36,208582.69,79378.66999999997,27.57,23996.78,2025-03-08,2025-12-29,2,296,130,62,30,17,21,3,4,1,14.8,0.2308,0.1308,0.1615,2,32674.41,0,0.02599819624819625,2.599819624819625,0,5,3,3,533,11,Recent Customers,Low Risk,79378.66999999997,7781.156144300145,2063.7022405808075,0.28861988722674525,Low,Low-touch retention monitoring,592
C00990,medium,referral,Bangalore,32,female,33,67,751298,698818.87,517139.69,181679.18,26.0,21176.33,2024-02-12,2025-12-30,1,687,328,155,93,43,37,3,4,1,17.53,0.2835,0.1311,0.1128,2,46496.45,0,0.013902529761904758,1.3902529761904758,0,5,5,5,555,15,Champions,Low Risk,181679.18,10444.942805059522,2525.8002070684515,0.28858681550687465,Low,Low-touch retention monitoring,593
C00117,high,referral,Mumbai,46,female,75,161,1602819,1462466.33,1154571.93,307894.4,21.05,19499.55,2024-02-05,2025-12-22,9,686,644,325,147,108,64,3,4,1,39.91,0.2283,0.1677,0.0994,9,73106.25,0,0.008848958333333334,0.8848958333333333,0,4,5,5,455,14,Champions,Low Risk,307894.4,14183.278546875,2724.544716666667,0.28826296013001856,Low,Low-touch retention monitoring,594
C00258,medium,organic,Pune,23,male,3,7,47276,44679.24,32188.94,12490.299999999996,27.96,14893.08,2025-10-16,2025-12-12,19,57,41,21,12,5,3,3,4,1,19.21,0.2927,0.122,0.0732,5,158503.74,0,0.07326915445665445,7.3269154456654455,0,3,1,1,311,5,Needs Attention,Low Risk,12490.299999999996,3463.872546092796,915.1537199099508,0.28791752625946937,Low,Low-touch retention monitoring,595
C01188,high,organic,Ahmedabad,20,female,12,27,250608,239286.13,177124.47,62161.65999999999,25.98,19940.51,2025-07-20,2025-12-31,0,164,162,73,38,29,22,3,4,1,26.71,0.2346,0.179,0.1358,10,182361.69,0,0.030184523809523807,3.0184523809523807,0,5,3,3,533,11,Recent Customers,Low Risk,62161.65999999999,7564.483142857142,1876.3201063095232,0.2877285268216645,Low,Low-touch retention monitoring,596
C00625,medium,ads,Hyderabad,42,male,23,44,435031,392107.95,302773.65,89334.3,22.78,17048.17,2024-09-27,2025-12-21,10,450,232,121,58,31,22,3,4,1,18.66,0.25,0.1336,0.0948,4,30970.75,0,0.023463235294117646,2.3463235294117646,0,4,4,4,444,12,Champions,Low Risk,89334.3,10207.234713235293,2096.071700735294,0.28765534148418104,Low,Low-touch retention monitoring,597
C00831,high,referral,Jaipur,32,male,10,25,175011,160567.05,127460.29,33106.759999999995,20.62,16056.7,2025-10-18,2025-12-18,13,61,82,35,25,17,5,3,4,1,59.84,0.3049,0.2073,0.061,11,96042.2,0,0.04440413752913753,4.440413752913753,0,3,2,2,322,7,Needs Attention,Low Risk,33106.759999999995,7771.212513111888,1470.077124184149,0.287537835592784,Low,Low-touch retention monitoring,598
C00008,high,ads,Kolkata,31,other,16,29,122827,111533.92,81907.87,29626.05,26.56,6970.87,2025-09-18,2025-12-22,9,95,102,55,18,18,11,3,4,1,61.47,0.1765,0.1765,0.1078,6,49065.14,0,0.047203282828282817,4.720328282828282,0,4,3,2,432,9,Recent Customers,Low Risk,29626.05,5797.837619949493,1398.4468172348481,0.28743177586533425,Low,Low-touch retention monitoring,599
C00159,medium,organic,Bangalore,28,female,8,16,171546,167631.13,125435.27,42195.85999999999,25.17,20953.89,2025-08-03,2025-11-12,49,101,67,31,18,9,9,3,4,1,28.91,0.2687,0.1343,0.1343,2,19910.96,0,0.03839186507936508,3.839186507936508,0,2,2,2,222,6,Hibernating,Low Risk,42195.85999999999,6585.970886904763,1619.9777640277775,0.28740137393803744,Low,Low-touch retention monitoring,600
C00645,high,referral,Ahmedabad,33,male,9,18,57536,51792.47,43160.01,8632.46,16.67,5754.72,2025-10-23,2025-12-26,5,64,83,38,22,15,8,3,4,1,51.33,0.2651,0.1807,0.0964,11,305209.96,0,0.08529222860472861,8.529222860472862,0,4,2,2,422,8,Recent Customers,Low Risk,8632.46,4907.373665001665,736.2817517411755,0.2873616863245182,Low,Low-touch retention monitoring,601
C00663,high,organic,Ahmedabad,50,female,4,11,95395,86604.7,72612.98000000001,13991.719999999992,16.16,21651.17,2025-11-16,2025-12-15,16,29,53,28,12,6,7,3,4,1,50.34,0.2264,0.1132,0.1321,12,211916.94,0,0.06899603174603175,6.899603174603175,0,3,2,2,322,7,Needs Attention,Low Risk,13991.719999999992,6581.876448412699,965.3731573015868,0.2872625350042298,Low,Low-touch retention monitoring,602
C01211,high,organic,Bhubaneswar,39,female,74,150,1442214,1329908.9,1054250.05,275658.85,20.73,17971.74,2024-05-01,2025-12-07,24,585,599,303,149,90,57,3,4,1,46.17,0.2487,0.1503,0.0952,17,306670.39,0,0.009375,0.9375,0,3,5,5,355,13,High Value,Low Risk,275658.85,13520.75625,2584.3017187499995,0.2866890112420696,Low,Low-touch retention monitoring,603
C00524,medium,ads,Kolkata,20,female,26,47,457755,407906.21,319287.12,88619.09,21.73,15688.7,2024-05-02,2025-12-02,29,579,276,121,70,53,32,3,4,1,16.39,0.2536,0.192,0.1159,3,28526.79,0,0.023108585858585856,2.3108585858585857,0,2,4,4,244,10,At Risk High Value,Low Risk,88619.09,10578.070719696969,2047.8618499747472,0.28661063772752826,Low,Low-touch retention monitoring,604
C00606,high,organic,Chennai,43,female,8,13,120251,114934.28,93441.37,21492.91,18.7,14366.78,2025-10-18,2025-12-21,10,64,72,39,13,15,5,3,4,1,45.63,0.1806,0.2083,0.0694,9,95697.68,0,0.05530645743145743,5.530645743145743,0,4,2,2,422,8,Recent Customers,Low Risk,21492.91,6650.656812590188,1188.6967119931458,0.28648544401281867,Low,Low-touch retention monitoring,605
C01184,high,organic,Jaipur,44,female,22,43,344097,303783.21,243147.59,60635.61999999998,19.96,13808.33,2025-04-20,2025-12-25,6,249,221,121,53,22,25,3,4,1,32.25,0.2398,0.0995,0.1131,20,282436.38,0,0.029847222222222226,2.9847222222222225,0,4,4,3,443,11,Loyal Customers,Low Risk,60635.61999999998,10270.339625,1809.8048247222218,0.2862357933911531,Low,Low-touch retention monitoring,606
C00670,high,organic,Kolkata,37,female,6,15,71831,67108.67,47225.67,19883.0,29.63,11184.78,2025-11-23,2025-12-29,2,36,51,24,15,5,7,3,4,1,60.83,0.2941,0.098,0.1373,12,149070.99,0,0.057227564102564105,5.722756410256411,0,5,2,2,522,9,Recent Customers,Low Risk,19883.0,4110.713157051282,1137.8556570512822,0.2860758850187215,Low,Low-touch retention monitoring,607
C00920,medium,referral,Chennai,39,female,5,8,14440,13525.88,10040.72,3485.1599999999994,25.77,2705.18,2025-10-05,2025-12-02,29,58,62,26,22,6,8,3,4,1,31.47,0.3548,0.0968,0.129,3,44371.68,0,0.11751677489177491,11.75167748917749,0,2,2,1,221,5,Hibernating,Low Risk,3485.1599999999994,1696.9422294372296,409.5647631818182,0.28575552067551446,Low,Low-touch retention monitoring,608
C00505,medium,organic,Bhubaneswar,29,female,19,38,255593,232634.71,183443.49,49191.22000000001,21.15,12243.93,2024-09-26,2025-12-19,12,449,230,125,53,32,20,3,4,1,15.45,0.2304,0.1391,0.087,3,13685.07,0,0.03383333333333334,3.383333333333334,0,3,4,3,343,10,Potential Loyalists,Low Risk,49191.22000000001,8647.563166666669,1664.302943333334,0.28563123339521285,Low,Low-touch retention monitoring,609
C00131,medium,ads,Hyderabad,32,female,16,37,229212,213513.77,161868.66,51645.11000000001,24.19,13344.61,2025-04-25,2025-12-31,0,250,120,60,27,22,11,3,4,1,23.36,0.225,0.1833,0.0917,3,88662.74,0,0.03276756535947713,3.2767565359477127,0,5,3,3,533,11,Recent Customers,Low Risk,51645.11000000001,7510.719191176471,1692.284517422386,0.2855878065439388,Low,Low-touch retention monitoring,610
C00314,medium,ads,Bhubaneswar,40,male,3,7,39355,35390.39,28112.75,7277.6399999999985,20.56,11796.8,2025-10-21,2025-11-18,43,28,50,26,10,7,7,3,4,1,39.11,0.2,0.14,0.14,1,7873.92,0,0.08951064213564214,8.951064213564214,0,2,1,1,211,4,Hibernating,Low Risk,7277.6399999999985,3522.6913212481963,651.4262296320345,0.2855190986117504,Low,Low-touch retention monitoring,611
C00583,medium,referral,Chennai,37,female,18,36,262705,248412.55,179930.63,68481.92,27.57,13800.7,2024-06-30,2025-11-25,36,513,237,135,57,33,12,3,4,1,12.81,0.2405,0.1392,0.0506,2,30464.88,0,0.027098958333333333,2.7098958333333334,0,2,3,3,233,8,Needs Attention,Low Risk,68481.92,7119.031848958333,1855.7886966666665,0.28548383529044385,Low,Low-touch retention monitoring,612
C00849,medium,ads,Bhubaneswar,30,male,29,65,778355,734721.58,559959.28,174762.3,23.79,25335.23,2024-03-19,2025-12-23,8,644,323,156,85,53,29,3,4,1,16.44,0.2632,0.1641,0.0898,2,64488.12,0,0.01332638888888889,1.332638888888889,0,4,4,5,445,13,Champions,Low Risk,174762.3,10372.66142361111,2328.9503729166668,0.28533996420634816,Low,Low-touch retention monitoring,613
C00903,medium,ads,Delhi,34,male,17,34,190098,175069.26,133324.39,41744.87,23.84,10298.19,2024-06-14,2025-12-11,20,545,273,127,71,43,32,3,4,1,11.39,0.2601,0.1575,0.1172,1,49468.44,0,0.037253968253968255,3.7253968253968255,0,3,3,3,333,9,Potential Loyalists,Low Risk,41744.87,7081.9048571428575,1555.162061746032,0.2852589828581731,Low,Low-touch retention monitoring,614
C01136,medium,referral,Kolkata,38,female,7,14,312472,270809.22,218199.01,52610.20999999999,19.43,38687.03,2025-04-03,2025-11-30,31,241,123,57,36,15,15,3,4,1,10.6,0.2927,0.122,0.122,1,9624.57,0,0.03217832341269841,3.2178323412698413,0,2,2,3,223,7,Hibernating,Low Risk,52610.20999999999,10054.825073412698,1692.90835218998,0.2852474371187426,Low,Low-touch retention monitoring,615
C00044,medium,ads,Pune,21,male,7,17,209161,195669.5,138480.59,57188.91,29.23,27952.79,2025-06-25,2025-12-23,8,181,118,57,31,17,13,3,4,1,14.12,0.2627,0.1441,0.1102,5,62964.09,0,0.030409722222222223,3.0409722222222224,0,4,2,3,423,9,Recent Customers,Low Risk,57188.91,6360.527909722223,1739.098867291667,0.2851486046932469,Low,Low-touch retention monitoring,616
C00352,medium,ads,Hyderabad,38,female,18,33,302719,274451.55,210050.57,64400.97999999999,23.47,15247.31,2024-12-16,2025-12-07,24,356,172,78,51,27,16,3,4,1,18.46,0.2965,0.157,0.093,4,83784.17,0,0.028073412698412698,2.80734126984127,0,3,3,3,333,9,Potential Loyalists,Low Risk,64400.97999999999,8498.355418650794,1807.9552897222218,0.2851349542364736,Low,Low-touch retention monitoring,617
C00693,medium,organic,Pune,35,male,16,36,211871,172313.73,154129.45,18184.28,10.55,10769.61,2025-02-20,2025-12-31,0,314,154,80,40,25,9,3,4,1,18.6,0.2597,0.1623,0.0584,2,15804.18,0,0.05901978291316527,5.901978291316527,0,5,3,3,533,11,Recent Customers,Low Risk,18184.28,12504.580425595239,1073.232258032213,0.28506163116985744,Low,Low-touch retention monitoring,618
C00843,medium,referral,Pune,33,female,4,8,137354,125746.09,98693.84,27052.250000000007,21.51,31436.52,2025-08-22,2025-11-26,35,96,83,41,15,14,13,3,4,1,15.21,0.1807,0.1687,0.1566,4,60049.33,0,0.04775908119658119,4.775908119658119,0,2,2,2,222,6,Hibernating,Low Risk,27052.250000000007,6559.900838675213,1291.9906043002138,0.28493518395642625,Low,Low-touch retention monitoring,619
C00027,high,ads,Bhubaneswar,41,female,55,104,1319347,1224181.27,946595.79,277585.48,22.68,22257.84,2024-06-24,2025-12-31,0,555,598,300,170,71,57,3,4,1,36.17,0.2843,0.1187,0.0953,18,291374.1,0,0.008888888888888889,0.8888888888888888,0,5,5,5,555,15,Champions,Low Risk,277585.48,11727.528888888888,2467.426488888889,0.2847425903563697,Low,Low-touch retention monitoring,620
C00571,medium,organic,Kolkata,24,female,8,16,171676,161604.53,127527.88,34076.65,21.09,20200.57,2025-07-24,2025-12-11,20,140,82,44,19,12,7,3,4,1,20.86,0.2317,0.1463,0.0854,5,63189.19,0,0.041707341269841276,4.170734126984128,0,3,2,2,322,7,Needs Attention,Low Risk,34076.65,7160.149519841271,1421.2464708829368,0.284712271509093,Low,Low-touch retention monitoring,621
C00865,medium,ads,Bhubaneswar,35,female,21,38,186324,171119.55,134773.36000000002,36346.19,21.24,8148.55,2024-09-15,2025-11-26,35,437,236,111,69,35,21,3,4,1,17.54,0.2924,0.1483,0.089,5,60287.43,0,0.03983562271062271,3.983562271062271,0,2,4,2,242,8,Needs Attention,Low Risk,36346.19,7422.332565934065,1447.873111808608,0.2842527129987331,Low,Low-touch retention monitoring,622
C00369,medium,ads,Mumbai,34,female,10,24,305232,269986.17,208234.82,61751.34999999999,22.87,26998.62,2024-11-19,2025-10-27,65,342,185,93,54,22,16,3,4,1,10.67,0.2919,0.1189,0.0865,2,94142.46,0,0.028276938339438337,2.8276938339438336,0,1,2,3,123,6,Hibernating,Low Risk,61751.34999999999,8631.026443223442,1746.1391163270753,0.28401336272446887,Low,Low-touch retention monitoring,623
C00309,medium,organic,Jaipur,39,male,11,22,233770,224044.41,161073.46000000002,62970.94999999999,28.11,20367.67,2025-05-22,2025-12-20,11,212,106,57,30,12,7,3,4,1,18.94,0.283,0.1132,0.066,4,59385.9,0,0.027821428571428566,2.7821428571428566,0,4,3,3,433,10,Recent Customers,Low Risk,62970.94999999999,6503.815357142856,1751.9417874999995,0.2838586598795243,Low,Low-touch retention monitoring,624
C00096,high,referral,Mumbai,36,other,93,189,2204099,2025062.95,1555988.38,469074.57,23.16,21774.87,2024-02-23,2025-12-28,3,674,700,352,163,110,75,3,4,1,50.36,0.2329,0.1571,0.1071,11,293446.15,0,0.005390625,0.5390625,0,5,5,5,555,15,Champions,Low Risk,469074.57,11881.471171874999,2528.60510390625,0.2835193571134444,Low,Low-touch retention monitoring,625
C00233,medium,referral,Jaipur,35,male,12,27,155948,134628.23,113611.35,21016.880000000005,15.61,11219.02,2025-02-27,2025-12-29,2,305,163,86,32,29,16,3,4,1,14.36,0.1963,0.1779,0.0982,1,20807.64,0,0.05351190476190475,5.3511904761904745,0,5,3,2,532,10,Recent Customers,Low Risk,21016.880000000005,8345.07452380952,1124.6532809523808,0.2834294006996924,Low,Low-touch retention monitoring,626
C00382,medium,ads,Chennai,45,male,31,68,869090,809432.36,609065.02,200367.34,24.75,26110.72,2024-03-25,2025-12-22,9,637,327,177,81,41,28,3,4,1,17.76,0.2477,0.1254,0.0856,4,23695.86,0,0.011270833333333334,1.1270833333333334,0,4,5,5,455,14,Champions,Low Risk,200367.34,9795.368541666667,2258.3068945833334,0.2830053212515475,Low,Low-touch retention monitoring,627
C00766,medium,organic,Jaipur,35,female,18,34,467741,451211.15,349021.92,102189.22999999997,22.65,25067.29,2024-03-22,2025-12-27,4,645,290,152,71,37,30,3,4,1,10.19,0.2448,0.1276,0.1034,5,132508.37,0,0.019226190476190473,1.9226190476190472,0,4,3,4,434,11,High Value,Low Risk,102189.22999999997,8992.877559523808,1964.7096005952371,0.2827992203545954,Low,Low-touch retention monitoring,628
C00293,high,organic,Chennai,47,male,67,130,1112983,1021383.51,792819.49,228564.02,22.38,15244.53,2024-09-12,2025-12-27,4,471,507,263,116,82,46,3,4,1,51.92,0.2288,0.1617,0.0907,8,172622.44,0,0.009999999999999998,0.9999999999999999,0,5,5,5,555,15,Champions,Low Risk,228564.02,11129.829999999998,2285.6401999999994,0.28267296980602863,Low,Low-touch retention monitoring,629
C00148,medium,organic,Jaipur,35,female,19,32,354942,337666.38,254049.52,83616.85999999999,24.76,17771.91,2025-04-14,2025-12-31,0,261,160,87,43,16,14,3,4,1,26.57,0.2687,0.1,0.0875,1,2499.0,0,0.02218696581196581,2.218696581196581,0,5,4,4,544,13,Champions,Low Risk,83616.85999999999,7875.086019230768,1855.2044141239312,0.2825253822187225,Low,Low-touch retention monitoring,630
C01027,medium,referral,Kolkata,32,male,28,59,621828,573546.93,438612.45,134934.48,23.53,20483.82,2024-05-10,2025-12-23,8,592,303,148,78,44,33,3,4,1,17.26,0.2574,0.1452,0.1089,5,122103.2,0,0.015392857142857144,1.5392857142857144,0,4,4,5,445,13,Champions,Low Risk,134934.48,9571.709571428572,2077.0271742857144,0.2824867884393788,Low,Low-touch retention monitoring,631
C00642,medium,organic,Pune,30,male,25,52,492638,455062.46,354005.56,101056.9,22.21,18202.5,2024-08-24,2025-12-20,11,483,208,115,47,27,19,3,4,1,18.89,0.226,0.1298,0.0913,4,116390.58,0,0.01921323529411765,1.921323529411765,0,4,4,4,444,12,Champions,Low Risk,101056.9,9465.16980882353,1941.6299977941178,0.28236898632295504,Low,Low-touch retention monitoring,632
C01218,high,organic,Bhubaneswar,43,female,8,18,95562,88267.85,70264.03,18003.819999999996,20.4,11033.48,2025-10-08,2025-12-30,1,83,89,58,15,9,7,3,4,1,35.18,0.1685,0.1011,0.0787,8,195943.62,0,0.05708928571428571,5.708928571428571,0,5,2,2,522,9,Recent Customers,Low Risk,18003.819999999996,5455.566321428571,1027.8252239285712,0.282358487720574,Low,Low-touch retention monitoring,633
C00323,high,ads,Bangalore,18,male,54,110,1325876,1228048.73,954813.92,273234.80999999994,22.25,22741.64,2024-08-20,2025-12-30,1,497,482,235,132,66,49,3,4,1,39.66,0.2739,0.1369,0.1017,4,66254.90000000001,0,0.0085,0.8500000000000001,0,5,5,5,555,15,Champions,Low Risk,273234.80999999994,11269.946,2322.495885,0.28234490319582856,Low,Low-touch retention monitoring,634
C00888,medium,ads,Delhi,22,female,14,24,103711,89719.78,72054.78,17664.999999999996,19.69,6408.56,2024-09-30,2025-12-26,5,452,188,92,57,20,19,3,4,1,11.31,0.3032,0.1064,0.1011,5,143807.8,0,0.05762103174603175,5.762103174603175,0,4,3,2,432,9,Recent Customers,Low Risk,17664.999999999996,5975.934823412699,1017.8755257936507,0.28232992531651313,Low,Low-touch retention monitoring,635
C00883,high,organic,Jaipur,39,male,88,163,1600041,1465097.07,1171738.57,293358.49999999994,20.02,16648.83,2024-01-27,2025-12-14,17,687,681,335,178,94,74,3,4,1,46.75,0.2614,0.138,0.1087,12,233017.35,0,0.007916666666666666,0.7916666666666665,0,3,5,5,355,13,High Value,Low Risk,293358.49999999994,12666.99125,2322.4214583333323,0.2819937573951413,Low,Low-touch retention monitoring,636
C00357,high,organic,Bhubaneswar,55,female,61,123,1579968,1483576.9,1133945.22,349631.67999999993,23.57,24320.93,2024-04-16,2025-12-23,8,616,576,294,153,81,48,3,4,1,36.14,0.2656,0.1406,0.0833,13,207492.86,0,0.006770833333333333,0.6770833333333333,0,4,5,5,455,14,Champions,Low Risk,349631.67999999993,10697.699999999999,2367.2978333333326,0.28199055410278684,Low,Low-touch retention monitoring,637
C00359,medium,ads,Kolkata,30,male,28,56,393661,376095.46,266442.53,109652.93,29.16,13431.98,2024-05-19,2025-12-24,7,584,289,151,55,53,30,3,4,1,17.5,0.1903,0.1834,0.1038,2,13165.43,0,0.017762254901960782,1.7762254901960781,0,4,4,4,444,12,Champions,Low Risk,109652.93,6992.307026960783,1947.6832934068623,0.2816096843338049,Low,Low-touch retention monitoring,638
C00310,medium,referral,Mumbai,38,female,8,19,92723,86639.79,64896.07,21743.72,25.1,10829.97,2025-02-23,2025-11-12,49,262,172,74,43,37,18,3,4,1,11.15,0.25,0.2151,0.1047,3,7101.45,0,0.05105820741758243,5.105820741758243,0,2,2,2,222,6,Hibernating,Low Risk,21743.72,4734.2701663804955,1110.1953657898355,0.2814947793623802,Low,Low-touch retention monitoring,639
C00283,medium,ads,Kolkata,31,female,15,29,107253,98133.68,73767.42,24366.26,24.83,6542.25,2024-06-06,2025-10-22,70,503,284,145,67,42,30,3,4,1,10.88,0.2359,0.1479,0.1056,4,221382.5,0,0.04792322954822956,4.792322954822955,0,1,3,2,132,6,Needs Attention,Low Risk,24366.26,5139.910138736264,1167.7098712118438,0.2814188799064035,Low,Low-touch retention monitoring,640
C00190,medium,ads,Pune,37,male,25,48,502646,476637.26,375996.86,100640.39999999998,21.11,19065.49,2024-09-09,2025-12-19,12,466,244,116,72,35,21,3,4,1,19.58,0.2951,0.1434,0.0861,6,43737.45,0,0.01887692577030812,1.887692577030812,0,3,4,4,344,11,High Value,Low Risk,100640.39999999998,9488.411230742295,1899.781360294117,0.28138821923264623,Low,Low-touch retention monitoring,641
C00877,high,ads,Pune,38,male,41,77,826672,730374.97,574909.32,155465.65,21.29,17814.02,2025-02-06,2025-12-31,0,328,318,169,80,44,25,3,4,1,45.63,0.2516,0.1384,0.0786,2,21705.5,0,0.01332638888888889,1.332638888888889,0,5,5,5,555,15,Champions,Low Risk,155465.65,11016.552555555556,2071.795710763889,0.2811567431723268,Low,Low-touch retention monitoring,642
C00442,medium,referral,Mumbai,38,female,3,8,88237,86472.26,65561.14,20911.120000000003,24.18,28824.09,2025-10-06,2025-12-27,4,82,36,18,10,6,2,3,4,1,13.35,0.2778,0.1667,0.0556,2,10006.84,0,0.05176304945054946,5.176304945054945,0,4,1,2,412,7,Recent Customers,Low Risk,20911.120000000003,4567.416194368133,1082.4233386263738,0.28101233324718855,Low,Low-touch retention monitoring,643
C00541,high,organic,Kolkata,26,female,78,156,1324981,1220529.92,935886.64,284643.28,23.32,15647.82,2024-04-12,2025-12-03,28,600,670,344,133,113,80,3,4,1,47.45,0.1985,0.1687,0.1194,13,430370.61,0,0.007916666666666666,0.7916666666666665,0,2,5,5,255,12,At Risk High Value,Low Risk,284643.28,10489.432916666665,2253.4259666666667,0.28091546201627726,Low,Low-touch retention monitoring,644
C00965,medium,organic,Jaipur,23,female,9,14,95021,88613.5,66922.04000000001,21691.460000000003,24.48,9845.94,2025-02-11,2025-10-07,85,238,155,72,41,25,17,3,4,1,13.8,0.2645,0.1613,0.1097,1,5804.16,0,0.050586309523809526,5.058630952380953,0,1,2,2,122,5,Hibernating,Low Risk,21691.460000000003,4806.761717261905,1097.2909095833336,0.28079381141856685,Low,Low-touch retention monitoring,645
C00818,medium,ads,Pune,26,female,21,45,274479,251023.12,191730.74,59292.38,23.62,11953.48,2024-07-25,2025-12-25,6,518,255,116,74,31,34,3,4,1,14.8,0.2902,0.1216,0.1333,5,33421.3,0,0.027235028860028862,2.723502886002886,0,4,4,3,443,11,Loyal Customers,Low Risk,59292.38,7475.443486471862,1614.829680479798,0.2805934899491039,Low,Low-touch retention monitoring,646
C00996,medium,organic,Pune,50,female,2,2,45702,41588.82,31531.41,10057.41,24.18,20794.41,2025-10-04,2025-10-29,63,25,38,19,10,5,4,3,4,1,29.2,0.2632,0.1316,0.1053,1,15476.24,0,0.07344940476190476,7.344940476190476,0,1,1,1,111,3,Hibernating,Low Risk,10057.41,3356.7846964285714,738.7107779464285,0.28037364413689375,Low,Low-touch retention monitoring,647
C00597,high,ads,Chennai,48,male,11,20,162967,150027.14,111839.66,38187.48,25.45,13638.83,2025-10-20,2025-12-31,0,72,71,36,15,13,7,3,4,1,55.76,0.2113,0.1831,0.0986,7,227511.09,0,0.03611796536796537,3.611796536796537,0,5,3,2,532,10,Recent Customers,Low Risk,38187.48,5886.036462121212,1379.2540801298703,0.280286626044209,Low,Low-touch retention monitoring,648
C00297,medium,organic,Hyderabad,50,female,11,25,220184,205922.38,149698.89,56223.48999999999,27.3,18720.22,2025-04-21,2025-11-09,52,202,126,75,22,16,13,3,4,1,19.88,0.1746,0.127,0.1032,2,16741.92,0,0.027849116161616165,2.7849116161616165,0,2,3,3,233,8,Needs Attention,Low Risk,56223.48999999999,6131.929792929293,1565.7745040214645,0.279859179634462,Low,Low-touch retention monitoring,649
C00387,medium,organic,Delhi,18,female,5,11,47066,44659.3,31973.21,12686.089999999998,28.41,8931.86,2025-08-13,2025-10-24,68,72,92,40,25,16,11,3,4,1,25.35,0.2717,0.1739,0.1196,5,109065.18,0,0.06548629148629148,6.548629148629148,0,1,2,1,121,4,Hibernating,Low Risk,12686.089999999998,3082.177795093795,830.7649875613274,0.2797912296482457,Low,Low-touch retention monitoring,650
C00046,medium,organic,Ahmedabad,43,male,9,11,126204,106561.95,82054.4,24507.55,23.0,11840.22,2025-06-21,2025-12-14,17,176,104,51,19,19,15,3,4,1,18.66,0.1827,0.1827,0.1442,2,82165.20000000001,0,0.04652281746031746,4.652281746031746,0,3,2,2,322,7,Needs Attention,Low Risk,24507.55,5871.365654761905,1140.1602750496031,0.2797253484171766,Low,Low-touch retention monitoring,651
C00001,medium,ads,Bhubaneswar,25,male,27,50,495149,460370.34,332454.73,127915.60999999996,27.79,17050.75,2024-05-18,2025-12-26,5,587,289,136,66,50,37,3,4,1,16.79,0.2284,0.173,0.128,4,22493.37,0,0.01508333333333333,1.508333333333333,0,4,4,4,444,12,Champions,Low Risk,127915.60999999996,7468.497416666665,1929.3937841666657,0.2796650267502567,Low,Low-touch retention monitoring,652
C00933,medium,referral,Bangalore,32,male,3,6,92481,79680.54,63255.36,16425.18,20.61,26560.18,2025-11-23,2025-12-21,10,28,30,18,7,1,4,3,4,1,39.11,0.2333,0.0333,0.1333,1,905.52,0,0.05742406204906206,5.742406204906206,0,4,1,2,412,7,Recent Customers,Low Risk,16425.18,5310.6346823593085,943.2005554870132,0.27948908611265944,Low,Low-touch retention monitoring,653
C00259,medium,organic,Ahmedabad,21,female,9,15,133959,123315.45,98409.52,24905.930000000004,20.2,13701.72,2025-04-21,2025-12-27,4,250,122,66,30,14,12,3,4,1,13.14,0.2459,0.1148,0.0984,5,89166.81,0,0.04589087301587302,4.589087301587302,0,4,2,2,422,8,Recent Customers,Low Risk,24905.930000000004,6147.495458333334,1142.9548709722224,0.2794336713857462,Low,Low-touch retention monitoring,654
C00110,medium,ads,Bangalore,38,other,2,5,20868,19824.6,14652.6,5171.999999999998,26.09,9912.3,2025-11-10,2025-11-26,35,16,23,10,7,4,2,3,4,1,45.63,0.3043,0.1739,0.087,3,27786.06,0,0.0955305805305805,9.55305805305805,0,2,1,1,211,4,Hibernating,Low Risk,5171.999999999998,1993.532154512154,494.0841625041622,0.279259683036956,Low,Low-touch retention monitoring,655
C00723,high,organic,Bangalore,18,male,79,157,1439242,1302322.82,1011281.6,291041.2199999999,22.35,16485.1,2024-05-01,2025-12-17,14,595,615,300,152,102,61,3,4,1,48.46,0.2472,0.1659,0.0992,11,253784.16,0,0.007333333333333334,0.7333333333333334,0,3,5,5,355,13,High Value,Low Risk,291041.2199999999,10554.441333333334,2134.3022799999994,0.2786236258386194,Low,Low-touch retention monitoring,656
C00282,high,organic,Chennai,29,other,25,46,828008,761878.1,586937.37,174940.72999999998,22.96,30475.12,2025-03-05,2025-12-31,0,301,331,165,88,45,33,3,4,1,30.32,0.2659,0.136,0.0997,12,174882.57,0,0.011375,1.1375,0,5,4,5,545,14,Champions,Low Risk,174940.72999999998,9418.591,1989.9508037499997,0.2785448923952219,Low,Low-touch retention monitoring,657
C00681,medium,organic,Pune,33,male,14,29,200825,185008.14,145028.9,39979.24,21.61,13214.87,2025-02-23,2025-11-23,38,273,132,64,37,19,12,3,4,1,18.72,0.2803,0.1439,0.0909,1,4324.5,0,0.03402771942110177,3.402771942110177,0,2,3,3,233,8,Needs Attention,Low Risk,39979.24,6833.616752742762,1360.4023613888887,0.27854056329996246,Low,Low-touch retention monitoring,658
C00324,high,referral,Delhi,45,male,29,67,1222929,1128753.43,860072.25,268681.18,23.8,38922.53,2025-01-06,2025-12-16,15,344,329,168,88,42,31,3,4,1,30.77,0.2675,0.1277,0.0942,7,101315.75,0,0.007847222222222222,0.7847222222222222,0,3,4,5,345,12,High Value,Low Risk,268681.18,9596.595625,2108.400926388889,0.27849541722685783,Low,Low-touch retention monitoring,659
C00924,medium,referral,Hyderabad,31,female,10,17,88506,81100.19,57158.21,23941.98,29.52,8110.02,2025-06-03,2025-11-05,56,155,113,62,19,16,16,3,4,1,23.55,0.1681,0.1416,0.1416,1,3499.62,0,0.04604430465367965,4.604430465367965,0,2,2,2,222,6,Hibernating,Low Risk,23941.98,4075.1972276785714,1102.3918211323053,0.27823435305953925,Low,Low-touch retention monitoring,660
C00012,high,ads,Chennai,25,female,60,122,1374526,1263218.74,990586.4,272632.34,21.58,21053.65,2024-12-08,2025-12-27,4,384,440,240,101,62,37,3,4,1,57.03,0.2295,0.1409,0.0841,10,127260.3,0,0.007576388888888889,0.7576388888888889,0,5,5,5,555,15,Champions,Low Risk,272632.34,10413.94351388889,2065.568631527778,0.27759912229639255,Low,Low-touch retention monitoring,661
C00855,medium,ads,Jaipur,32,female,19,37,436162,413876.47,311791.71,102084.75999999998,24.67,21782.97,2024-05-19,2025-11-27,34,557,299,138,77,48,36,3,4,1,12.45,0.2575,0.1605,0.1204,5,64828.92,0,0.017208333333333336,1.7208333333333337,0,2,4,4,244,10,At Risk High Value,Low Risk,102084.75999999998,7505.621083333334,1756.7085783333332,0.27758793963688655,Low,Low-touch retention monitoring,662
C00834,medium,organic,Hyderabad,33,male,33,59,687613,634890.85,488882.42,146008.43,23.0,19239.12,2024-01-27,2025-12-26,5,699,314,151,92,42,29,3,4,1,17.23,0.293,0.1338,0.0924,2,20051.1,0,0.012827380952380953,1.2827380952380953,0,4,5,5,455,14,Champions,Low Risk,146008.43,8820.273898809524,1872.9057538690477,0.2772491261573234,Low,Low-touch retention monitoring,663
C00408,medium,organic,Jaipur,23,female,15,31,349118,324712.82,238248.14,86464.68,26.63,21647.52,2024-11-30,2025-11-15,46,350,197,100,53,21,23,3,4,1,15.64,0.269,0.1066,0.1168,7,88560.49,0,0.01923747086247086,1.9237470862470862,0,2,3,4,234,9,At Risk High Value,Low Risk,86464.68,6716.147352564102,1663.361762132867,0.2768534941872337,Low,Low-touch retention monitoring,664
C01133,medium,ads,Mumbai,24,female,9,18,331577,308086.15,232732.33,75353.81999999999,24.46,34231.79,2025-05-13,2025-11-22,39,193,155,85,38,23,9,3,4,1,17.02,0.2452,0.1484,0.0581,4,20450.67,0,0.02116666666666667,2.116666666666667,0,2,2,3,223,7,Hibernating,Low Risk,75353.81999999999,7018.379833333334,1594.9891900000002,0.27651054379721346,Low,Low-touch retention monitoring,665
C01090,medium,ads,Pune,29,female,13,32,186915,178552.81,129028.88,49523.93,27.74,13734.83,2024-12-05,2025-11-28,33,358,189,101,43,32,13,3,4,1,13.25,0.2275,0.1693,0.0688,3,29090.58,0,0.028371152948358833,2.837115294835883,0,2,3,2,232,7,Needs Attention,Low Risk,49523.93,5302.9940533424915,1405.0509926338163,0.27630090291517356,Low,Low-touch retention monitoring,666
C00538,medium,referral,Mumbai,28,male,9,17,96878,93289.76,71829.07,21460.689999999995,23.0,10365.53,2025-07-13,2025-12-11,20,151,119,56,29,22,12,3,4,1,21.75,0.2437,0.1849,0.1008,6,68081.51,0,0.04748313492063492,4.748313492063492,0,3,2,2,322,7,Needs Attention,Low Risk,21460.689999999995,4600.071144841269,1019.0208387599204,0.27628737319803937,Low,Low-touch retention monitoring,667
C00281,medium,referral,Hyderabad,41,male,22,46,264576,248094.36,181989.61,66104.75,26.65,11277.02,2024-06-10,2025-10-19,73,496,284,138,77,42,27,3,4,1,16.19,0.2711,0.1479,0.0951,5,99284.83,0,0.022726190476190476,2.2726190476190475,0,1,4,3,143,8,Needs Attention,Low Risk,66104.75,6012.804571428572,1502.3091398809524,0.2753063366078741,Low,Low-touch retention monitoring,668
C01181,medium,ads,Kolkata,37,male,26,48,481368,446691.1,340141.11,106549.99,23.85,17180.43,2024-06-03,2025-12-28,3,573,272,117,71,56,28,3,4,1,16.56,0.261,0.2059,0.1029,9,228137.51,0,0.01551785714285714,1.551785714285714,0,5,4,4,544,13,Champions,Low Risk,106549.99,7469.799857142856,1653.427523392857,0.2744075840475725,Low,Low-touch retention monitoring,669
C00141,medium,organic,Pune,30,female,13,29,235517,218732.57,172607.03,46125.53999999999,21.09,16825.58,2025-04-25,2025-10-30,62,188,119,63,34,12,10,3,4,1,25.24,0.2857,0.1008,0.084,5,46998.23,0,0.028680555555555556,2.868055555555556,0,1,3,3,133,7,Needs Attention,Low Risk,46125.53999999999,6754.7584027777775,1322.9061124999998,0.27433326075204056,Low,Low-touch retention monitoring,670
C00478,high,ads,Chennai,45,female,50,97,1059126,982998.23,753708.48,229289.74999999997,23.33,19659.96,2024-10-17,2025-12-12,19,421,396,192,104,61,39,3,4,1,43.35,0.2626,0.154,0.0985,6,173757.57,0,0.008087121212121212,0.8087121212121212,0,3,5,5,355,13,High Value,Low Risk,229289.74999999997,8565.28034090909,1854.2940009469694,0.2740479271721099,Low,Low-touch retention monitoring,671
C00930,high,ads,Ahmedabad,33,other,42,85,1022684,952678.11,722844.83,229833.28,24.12,22682.81,2025-01-18,2025-12-16,15,332,348,195,73,50,30,3,4,1,46.17,0.2098,0.1437,0.0862,7,128544.42,0,0.008026098901098901,0.8026098901098901,0,3,5,5,355,13,High Value,Low Risk,229833.28,8208.162928571428,1844.664636043956,0.2738251780111328,Low,Low-touch retention monitoring,672
C01002,medium,ads,Mumbai,46,female,5,12,74498,71218.26,50669.36,20548.9,28.85,14243.65,2025-08-26,2025-12-25,6,121,82,47,17,12,6,3,4,1,15.08,0.2073,0.1463,0.0732,3,5948.96,0,0.046761904761904775,4.676190476190477,0,4,2,2,422,8,Recent Customers,Low Risk,20548.9,3483.668380952382,960.9057047619051,0.2737563153765161,Low,Low-touch retention monitoring,673
C01222,high,organic,Delhi,46,male,85,167,1516171,1363825.53,1070635.28,293190.24999999994,21.5,16045.01,2024-03-30,2025-12-27,4,637,630,308,151,118,53,3,4,1,48.7,0.2397,0.1873,0.0841,10,37931.11,0,0.006388888888888888,0.6388888888888888,0,5,5,5,555,15,Champions,Low Risk,293190.24999999994,9686.648055555555,1873.159930555555,0.2733908823962464,Low,Low-touch retention monitoring,674
C00748,high,referral,Bangalore,18,female,8,9,58705,52985.37,41801.58,11183.789999999995,21.11,6623.17,2025-11-09,2025-12-29,2,50,52,27,12,8,5,3,4,1,58.4,0.2308,0.1538,0.0962,14,243372.21,0,0.06373757492507492,6.373757492507492,0,5,2,2,522,9,Recent Customers,Low Risk,11183.789999999995,3741.7143359765237,712.8276530713034,0.27327251065835934,Low,Low-touch retention monitoring,675
C00223,high,organic,Bangalore,26,male,5,10,60398,49106.11,40751.37,8354.739999999998,17.01,9821.22,2025-12-01,2025-12-26,5,25,32,16,7,6,3,3,4,1,73.0,0.2188,0.1875,0.0938,12,304384.11,0,0.07283407564657567,7.2834075646575664,0,4,2,2,422,8,Recent Customers,Low Risk,8354.739999999998,4399.032500901877,608.5097651674714,0.273079276370107,Low,Low-touch retention monitoring,676
C00784,medium,organic,Jaipur,59,male,22,48,496456,464567.46,345446.21,119121.25,25.64,21116.7,2024-04-17,2025-12-22,9,614,319,159,84,49,27,3,4,1,13.08,0.2633,0.1536,0.0846,3,37366.7,0,0.013604166666666665,1.3604166666666666,0,4,4,4,444,12,Champions,Low Risk,119121.25,6753.870166666666,1620.5453385416665,0.2725412772239898,Low,Low-touch retention monitoring,677
C00828,high,ads,Bangalore,33,female,68,133,1166630,1042994.01,833197.5700000001,209796.43999999997,20.11,15338.15,2024-04-06,2025-12-16,15,619,589,304,134,91,60,3,4,1,40.1,0.2275,0.1545,0.1019,11,151627.79,0,0.008416666666666666,0.8416666666666666,0,3,5,5,355,13,High Value,Low Risk,209796.43999999997,9819.135833333332,1765.786703333333,0.27249720582106773,Low,Low-touch retention monitoring,678
C00913,high,ads,Jaipur,29,male,73,153,1634827,1501316.59,1164486.3,336830.29,22.44,20565.98,2024-04-29,2025-12-19,12,599,565,260,132,110,63,3,4,1,44.48,0.2336,0.1947,0.1115,8,40813.16,0,0.0054761904761904765,0.5476190476190477,0,4,5,5,455,14,Champions,Low Risk,336830.29,8952.624047619049,1844.5468261904762,0.27229294968157747,Low,Low-touch retention monitoring,679
C00856,high,organic,Jaipur,32,male,61,115,1071842,991110.86,752891.97,238218.89,24.04,16247.72,2024-12-17,2025-12-08,23,356,373,206,82,52,33,3,4,1,62.54,0.2198,0.1394,0.0885,16,398405.66,0,0.007458333333333333,0.7458333333333333,0,3,5,5,355,13,High Value,Low Risk,238218.89,7994.154916666666,1776.7158879166668,0.2721427925071066,Low,Low-touch retention monitoring,680
C00347,medium,ads,Jaipur,19,female,8,17,273599,253282.67,192237.88,61044.79,24.1,31660.33,2025-04-14,2025-11-12,49,212,143,73,34,24,12,3,4,1,13.77,0.2378,0.1678,0.0839,3,7310.5,0,0.022125,2.2125,0,2,2,3,223,7,Hibernating,Low Risk,61044.79,6053.377875,1350.6159787499998,0.27114087395842246,Low,Low-touch retention monitoring,681
C00052,high,organic,Jaipur,33,male,18,34,253338,231181.27,184608.86,46572.40999999999,20.15,12843.4,2025-08-28,2025-12-12,19,106,114,49,26,24,15,3,4,1,61.98,0.2281,0.2105,0.1316,6,164351.56,0,0.02677228327228327,2.677228327228327,0,3,3,3,333,9,Potential Loyalists,Low Risk,46572.40999999999,6782.436699633699,1246.849753192918,0.27107199407469684,Low,Low-touch retention monitoring,682
C00763,high,ads,Jaipur,41,female,85,161,1541978,1406727.42,1086475.24,320252.17999999993,22.77,16549.73,2024-02-03,2025-12-06,25,672,662,313,174,112,63,3,4,1,46.17,0.2628,0.1692,0.0952,11,400826.28,0,0.0055208333333333325,0.5520833333333333,0,3,5,5,355,13,High Value,Low Risk,320252.17999999993,8513.003541666665,1768.058910416666,0.270805678533918,Low,Low-touch retention monitoring,683
C01057,medium,referral,Pune,45,female,7,11,139208,136507.4,102720.78,33786.619999999995,24.75,19501.06,2025-08-03,2025-12-31,0,150,78,34,22,15,7,3,4,1,17.03,0.2821,0.1923,0.0897,1,28087.86,0,0.03286994949494949,3.286994949494949,0,5,2,2,522,9,Recent Customers,Low Risk,33786.619999999995,4575.759929292928,1110.56449300505,0.2705937049518772,Low,Low-touch retention monitoring,684
C00739,medium,ads,Hyderabad,28,female,16,29,283326,264099.98,199362.09,64737.89000000001,24.51,16506.25,2025-01-21,2025-12-08,23,321,162,82,40,25,15,3,4,1,18.19,0.2469,0.1543,0.0926,1,20645.4,0,0.020928571428571425,2.0928571428571425,0,3,3,3,333,9,Potential Loyalists,Low Risk,64737.89000000001,5929.608428571428,1354.871555,0.27053546118817334,Low,Low-touch retention monitoring,685
C00845,medium,organic,Ahmedabad,42,male,28,55,398050,372466.66,285535.28,86931.37999999999,23.34,13302.38,2024-06-17,2025-12-28,3,559,312,156,78,51,27,3,4,1,18.28,0.25,0.1635,0.0865,4,42187.42,0,0.01672222222222222,1.672222222222222,0,5,4,4,544,13,Champions,Low Risk,86931.37999999999,6656.280555555555,1453.6858544444442,0.2705278903353942,Low,Low-touch retention monitoring,686
C00672,medium,referral,Hyderabad,50,male,2,2,51100,48508.9,34058.86,14450.039999999995,29.79,24254.45,2025-11-06,2025-11-29,32,23,32,15,9,5,3,3,4,1,31.74,0.2813,0.1563,0.0938,1,67249.71,0,0.053698412698412704,5.36984126984127,0,2,1,1,211,4,Hibernating,Low Risk,14450.039999999995,2743.988888888889,775.9442114285713,0.2702796737252872,Low,Low-touch retention monitoring,687
C00194,medium,organic,Mumbai,41,female,4,8,33126,30349.46,21690.13,8659.33,28.53,7587.36,2025-11-03,2025-12-05,26,32,23,11,7,2,3,3,4,1,45.63,0.3043,0.087,0.1304,2,9935.31,0,0.06912698412698413,6.912698412698413,0,2,2,1,221,5,Hibernating,Low Risk,8659.33,2289.9004761904766,598.5933674603175,0.27026828133912356,Low,Low-touch retention monitoring,688
C00154,medium,ads,Pune,23,female,9,19,200033,193674.92,147412.9,46262.02,23.89,21519.44,2025-07-18,2025-12-25,6,160,87,45,22,15,5,3,4,1,20.53,0.2529,0.1724,0.0575,3,11082.12,0,0.02637391774891775,2.6373917748917752,0,4,2,3,423,9,Recent Customers,Low Risk,46262.02,5275.653889069265,1220.1107103787879,0.27005816664911897,Low,Low-touch retention monitoring,689
C00356,high,ads,Bangalore,20,female,13,21,189510,177825.18,132194.43,45630.75,25.66,13678.86,2025-09-12,2025-12-29,2,108,119,56,33,20,10,3,4,1,43.94,0.2773,0.1681,0.084,10,107910.45,0,0.026490079365079366,2.6490079365079366,0,5,3,2,532,10,Recent Customers,Low Risk,45630.75,5020.13494047619,1208.7621889880952,0.2697938796348097,Low,Low-touch retention monitoring,690
C01124,medium,ads,Delhi,26,female,13,24,320002,299377.47,220704.61,78672.86,26.28,23029.04,2025-02-14,2025-11-23,38,282,167,92,43,21,11,3,4,1,16.83,0.2575,0.1257,0.0659,2,13346.88,0,0.017638888888888888,1.7638888888888888,0,2,3,3,233,8,Needs Attention,Low Risk,78672.86,5644.479722222222,1387.701836111111,0.26941743913793526,Low,Low-touch retention monitoring,691
C00419,high,organic,Ahmedabad,39,male,18,29,296793,282683.01,202070.81,80612.2,28.52,15704.61,2025-07-29,2025-12-22,9,146,150,72,40,25,13,3,4,1,45.0,0.2667,0.1667,0.0867,9,216397.75,0,0.017297771672771675,1.7297771672771676,0,4,3,3,433,10,Recent Customers,Low Risk,80612.2,5133.857548076924,1394.4114296398047,0.2693851760919208,Low,Low-touch retention monitoring,692
C00017,medium,ads,Bangalore,34,male,5,11,15639,14711.31,11667.19,3044.12,20.69,2942.26,2025-11-19,2025-12-28,3,39,28,10,12,4,2,3,4,1,46.79,0.4286,0.1429,0.0714,1,16653.78,0,0.10496130952380948,10.496130952380948,0,5,2,1,521,8,Recent Customers,Low Risk,3044.12,1641.4899196428564,319.5148215476189,0.2693654757284606,Low,Low-touch retention monitoring,693
C01189,medium,organic,Kolkata,35,female,14,28,207221,182122.71,143547.39,38575.32,21.18,13008.76,2024-12-12,2025-12-05,26,358,165,73,47,27,18,3,4,1,14.27,0.2848,0.1636,0.1091,3,39230.75,0,0.029427579365079372,2.9427579365079373,0,2,3,3,233,8,Needs Attention,Low Risk,38575.32,6098.012423611112,1135.1782908333337,0.2693117031980546,Low,Low-touch retention monitoring,694
C00937,high,ads,Chennai,45,female,24,47,415753,385916.25,293530.60000000003,92385.64999999998,23.94,16079.84,2025-06-13,2025-12-15,16,185,223,114,54,33,22,3,4,1,47.35,0.2422,0.148,0.0987,14,194440.84,0,0.015472222222222222,1.5472222222222223,0,3,4,4,344,11,High Value,Low Risk,92385.64999999998,6432.622805555556,1429.411306944444,0.2691759597585836,Low,Low-touch retention monitoring,695
C00869,medium,organic,Jaipur,27,male,3,6,9656,9312.7,6992.95,2319.7499999999995,24.91,3104.23,2025-10-03,2025-12-15,16,73,33,17,8,5,3,3,4,1,15.0,0.2424,0.1515,0.0909,4,36483.27,0,0.11458035714285708,11.458035714285709,0,3,2,1,321,6,Needs Attention,Low Risk,2319.7499999999995,1106.387928571428,265.7977834821427,0.26857539697594013,Low,Low-touch retention monitoring,696
C00769,medium,referral,Bangalore,42,female,18,34,346001,319280.48,240877.36,78403.11999999998,24.56,17737.8,2024-09-08,2025-12-23,8,471,216,109,49,34,24,3,4,1,13.95,0.2269,0.1574,0.1111,4,90084.88,0,0.017246394230769232,1.724639423076923,0,4,3,4,434,11,High Value,Low Risk,78403.11999999998,5967.269650240385,1352.1711164423075,0.2682548426332471,Low,Low-touch retention monitoring,697
C00204,medium,referral,Hyderabad,40,female,7,13,214809,196036.29,148213.31,47822.98000000001,24.39,28005.18,2025-06-13,2025-11-03,58,143,92,41,24,14,13,3,4,1,17.87,0.2609,0.1522,0.1413,2,81762.82999999999,0,0.024874999999999998,2.4875,0,2,2,3,223,7,Hibernating,Low Risk,47822.98000000001,5343.373874999999,1189.5966275,0.2682536164063992,Low,Low-touch retention monitoring,698
C00916,medium,ads,Bangalore,37,female,5,10,97770,95829.97,68647.69,27182.28,28.37,19165.99,2025-04-18,2025-12-12,19,238,106,58,22,12,14,3,4,1,7.67,0.2075,0.1132,0.1321,5,64870.29,0,0.035880952380952374,3.5880952380952373,0,3,2,2,322,7,Needs Attention,Low Risk,27182.28,3508.080714285714,975.326094285714,0.2677600050732726,Low,Low-touch retention monitoring,699
C01028,medium,ads,Mumbai,35,female,15,33,228695,209031.55,160086.46,48945.09,23.42,13935.44,2025-02-16,2025-10-24,68,250,157,80,35,21,21,3,4,1,21.9,0.2229,0.1338,0.1338,1,8706.24,0,0.023889589169000927,2.388958916900093,0,1,3,3,133,7,Needs Attention,Low Risk,48945.09,5463.429595004667,1169.2780919397755,0.2670466607093937,Low,Low-touch retention monitoring,700
C00433,medium,organic,Chennai,44,male,5,9,62907,58883.46,42038.18,16845.280000000002,28.61,11776.69,2025-11-04,2025-12-30,1,56,27,12,9,4,2,3,4,1,32.59,0.3333,0.1481,0.0741,2,10988.58,0,0.04690665584415585,4.6906655844155845,0,5,2,2,522,9,Recent Customers,Low Risk,16845.280000000002,2950.756999188312,790.1557515584417,0.2668529923557032,Low,Low-touch retention monitoring,701
C01135,high,organic,Chennai,27,female,19,32,280989,236426.62,200824.41,35602.21,15.06,12443.51,2025-09-13,2025-12-31,0,109,116,60,24,17,15,3,4,1,63.62,0.2069,0.1466,0.1293,8,336872.28,0,0.029474206349206347,2.947420634920635,0,5,4,3,543,12,Loyal Customers,Low Risk,35602.21,8281.927767857142,1049.3468840277776,0.26652997630678443,Low,Low-touch retention monitoring,702
C00319,medium,ads,Ahmedabad,21,female,10,20,67657,63363.4,46313.880000000005,17049.52,26.91,6336.34,2025-05-19,2025-11-24,37,189,142,72,40,18,12,3,4,1,19.31,0.2817,0.1268,0.0845,4,30852.08,0,0.046243936210847984,4.624393621084798,0,2,3,2,232,7,Needs Attention,Low Risk,17049.52,3128.725992217342,788.4369153055769,0.26637756405569046,Low,Low-touch retention monitoring,703
C00212,medium,organic,Jaipur,32,male,27,56,385527,351560.64,254443.52,97117.11999999998,27.62,13020.76,2024-05-26,2025-12-31,0,584,285,150,64,38,33,3,4,1,16.88,0.2246,0.1333,0.1158,5,48131.19,0,0.013875,1.3875,0,5,4,4,544,13,Champions,Low Risk,97117.11999999998,5349.187125,1347.5000399999997,0.26610831729416584,Low,Low-touch retention monitoring,704
C01106,medium,organic,Chennai,51,female,18,39,437700,401933.69,308139.38,93794.31,23.34,22329.65,2025-01-16,2025-10-23,69,280,178,81,45,32,20,3,4,1,23.46,0.2528,0.1798,0.1124,4,45630.59,0,0.014055555555555554,1.4055555555555554,0,1,3,4,134,8,At Risk High Value,Low Risk,93794.31,6152.116666666666,1318.331135,0.2654344384973766,Low,Low-touch retention monitoring,705
C00952,medium,ads,Kolkata,27,female,24,43,492903,461804.96,333687.27,128117.69,27.74,19241.87,2024-02-16,2025-12-30,1,683,330,167,78,50,35,3,4,1,12.83,0.2364,0.1515,0.1061,3,27180.75,0,0.010833333333333335,1.0833333333333335,0,5,4,4,544,13,Champions,Low Risk,128117.69,5339.782500000001,1387.941641666667,0.2653402821019596,Low,Low-touch retention monitoring,706
C00795,high,ads,Pune,26,male,61,127,1105313,989166.82,791078.0,198088.82,20.03,16215.85,2024-09-24,2025-12-31,0,463,474,234,119,81,40,3,4,1,48.09,0.2511,0.1709,0.0844,10,176573.11,0,0.007416666666666666,0.7416666666666666,0,5,5,5,555,15,Champions,Low Risk,198088.82,8197.738083333332,1469.1587483333333,0.26532301549780113,Low,Low-touch retention monitoring,707
C00870,high,organic,Mumbai,33,female,91,194,1812649,1677755.64,1285565.8,392189.84,23.38,18436.88,2024-03-01,2025-12-30,1,669,663,338,159,99,67,3,4,1,49.65,0.2398,0.1493,0.1011,6,46962.6,0,0.003958333333333333,0.39583333333333326,0,5,5,5,555,15,Champions,Low Risk,392189.84,7175.068958333332,1552.4181166666665,0.26521847431354056,Low,Low-touch retention monitoring,708
C01185,high,organic,Ahmedabad,39,female,65,139,1155123,1079487.76,789418.9,290068.86,26.87,16607.5,2024-03-20,2025-11-23,38,613,615,309,173,80,53,3,4,1,38.7,0.2813,0.1301,0.0862,10,67368.31999999999,0,0.005208333333333332,0.5208333333333333,0,2,5,5,255,12,At Risk High Value,Low Risk,290068.86,6016.265624999999,1510.7753124999997,0.26499650118283385,Low,Low-touch retention monitoring,709
C00761,medium,organic,Pune,27,female,10,19,151013,144979.47,109596.5,35382.97,24.41,14497.95,2025-04-17,2025-12-29,2,256,149,80,32,26,11,3,4,1,14.26,0.2148,0.1745,0.0738,1,6729.86,0,0.02858730158730159,2.858730158730159,0,5,2,2,522,9,Recent Customers,Low Risk,35382.97,4317.054174603175,1011.5036344444445,0.26468528649894046,Low,Low-touch retention monitoring,710
C00201,medium,ads,Ahmedabad,30,male,12,21,323803,307904.96,217462.72,90442.23999999998,29.37,25658.75,2025-04-13,2025-12-27,4,258,126,68,29,18,11,3,4,1,16.98,0.2302,0.1429,0.0873,4,32822.67,0,0.014229166666666666,1.4229166666666666,0,4,3,3,433,10,Recent Customers,Low Risk,90442.23999999998,4607.4468541666665,1286.9177066666662,0.2646766209223406,Low,Low-touch retention monitoring,711
C00005,high,referral,Hyderabad,37,female,87,171,1436606,1336938.0,1006856.59,330081.4099999999,24.69,15367.1,2024-03-17,2025-12-23,8,646,670,351,157,103,59,3,4,1,49.16,0.2343,0.1537,0.0881,8,219372.1,0,0.004557291666666666,0.45572916666666663,0,4,5,5,455,14,Champions,Low Risk,330081.4099999999,6547.032552083332,1504.2772591145826,0.2644517960919481,Low,Low-touch retention monitoring,712
C00363,high,ads,Mumbai,18,female,55,115,1306750,1209230.84,929929.14,279301.69999999995,23.1,21986.02,2024-09-13,2025-12-30,1,473,441,205,124,69,43,3,4,1,42.44,0.2812,0.1565,0.0975,13,334594.25,0,0.005309523809523809,0.530952380952381,0,5,5,5,555,15,Champions,Low Risk,279301.69999999995,6938.220238095238,1482.959026190476,0.26439293147322807,Low,Low-touch retention monitoring,713
C00368,medium,referral,Bhubaneswar,27,female,7,14,74982,72247.72,54152.5,18095.22,25.05,10321.1,2025-08-04,2025-11-29,32,117,69,36,21,6,6,3,4,1,21.84,0.3043,0.087,0.087,7,45703.69,0,0.04327579365079366,4.327579365079366,0,2,2,2,222,6,Hibernating,Low Risk,18095.22,3244.9055595238106,783.0850067857145,0.2643533556019626,Low,Low-touch retention monitoring,714
C00919,medium,organic,Pune,22,female,12,22,163737,140720.01,110059.45,30660.56,21.79,11726.67,2025-03-05,2025-12-16,15,286,165,72,44,24,25,3,4,1,15.31,0.2667,0.1455,0.1515,4,55249.81,0,0.031160714285714285,3.1160714285714284,0,3,3,2,332,8,Potential Loyalists,Low Risk,30660.56,5102.161875,955.40495,0.2641904612605028,Low,Low-touch retention monitoring,715
C00764,medium,organic,Bangalore,40,female,10,16,113126,103920.66,83203.65,20717.01,19.94,10392.07,2025-02-06,2025-11-26,35,293,150,84,36,20,10,3,4,1,12.46,0.24,0.1333,0.0667,4,111907.5,0,0.03984027777777777,3.9840277777777775,0,2,2,2,222,6,Hibernating,Low Risk,20717.01,4506.971263888889,825.3714331249998,0.26417091852259883,Low,Low-touch retention monitoring,716
C00711,medium,organic,Jaipur,56,female,10,23,146520,135877.44999999998,95675.16,40202.28999999999,29.59,13587.74,2025-07-12,2025-12-18,13,159,95,46,25,16,8,3,4,1,22.96,0.2632,0.1684,0.0842,4,47223.95,0,0.025874999999999995,2.5874999999999995,0,3,2,2,322,7,Needs Attention,Low Risk,40202.28999999999,3791.2049999999995,1040.2342537499997,0.26405876653805954,Low,Low-touch retention monitoring,717
C01089,high,organic,Pune,44,male,83,157,1376545,1255288.6,979241.3,276047.3,21.99,15123.96,2024-02-21,2025-12-17,14,665,674,347,167,96,64,3,4,1,45.56,0.2478,0.1424,0.095,10,186588.25,0,0.0053125,0.53125,0,3,5,5,355,13,High Value,Low Risk,276047.3,7312.895312500001,1466.5012812500001,0.26399579945772544,Low,Low-touch retention monitoring,718
C00753,medium,referral,Hyderabad,39,male,25,43,434545,416363.23,312476.82,103886.41,24.95,16654.53,2024-04-01,2025-11-13,48,591,295,141,68,50,36,3,4,1,15.44,0.2305,0.1695,0.122,3,22757.68,0,0.0124375,1.2437500000000001,0,2,4,4,244,10,At Risk High Value,Low Risk,103886.41,5404.6534375,1292.087224375,0.2637449080678529,Low,Low-touch retention monitoring,719
C00266,high,referral,Kolkata,39,female,47,89,963681,895588.84,689642.9,205945.93999999997,23.0,19055.08,2024-12-11,2025-12-13,18,367,387,171,122,61,33,3,4,1,46.74,0.3152,0.1576,0.0853,9,79068.33,0,0.006848958333333333,0.6848958333333333,0,3,5,5,355,13,High Value,Low Risk,205945.93999999997,6600.211015624999,1410.5151619791664,0.2635263243380817,Low,Low-touch retention monitoring,720
C00836,medium,ads,Hyderabad,37,female,4,9,68724,55482.14,50969.45,4512.689999999996,8.13,13870.53,2025-09-16,2025-12-30,1,105,60,30,15,10,5,3,4,1,13.9,0.25,0.1667,0.0833,6,73584.98999999999,0,0.08458730158730159,8.458730158730159,0,5,2,2,522,9,Recent Customers,Low Risk,4512.689999999996,5813.1777142857145,381.71626999999967,0.2634853799661008,Low,Low-touch retention monitoring,721
C01031,high,organic,Mumbai,35,female,17,30,358190,304286.47,257296.82,46989.64999999997,15.44,17899.2,2025-08-24,2025-12-02,29,100,132,68,28,19,17,3,4,1,62.05,0.2121,0.1439,0.1288,11,151878.19,0,0.022869047619047622,2.286904761904762,0,2,3,4,234,9,At Risk High Value,Low Risk,46989.64999999997,8191.464166666668,1074.6085434523804,0.26341698812118025,Low,Low-touch retention monitoring,722
C00922,medium,organic,Chennai,36,female,16,34,270128,248633.98,188618.56,60015.42,24.14,15539.62,2025-04-21,2025-12-24,7,247,147,69,44,24,10,3,4,1,23.64,0.2993,0.1633,0.068,4,112672.47,0,0.01903571428571428,1.903571428571428,0,4,3,3,433,10,Recent Customers,Low Risk,60015.42,5142.079428571427,1142.4363878571426,0.26330436030113125,Low,Low-touch retention monitoring,723
C00528,high,organic,Bhubaneswar,42,female,10,19,80043,75978.93000000001,57492.630000000005,18486.3,24.33,7597.89,2025-09-19,2025-12-25,6,97,113,56,24,16,17,3,4,1,37.63,0.2124,0.1416,0.1504,8,35214.6,0,0.04199305555555556,4.199305555555556,0,4,3,2,432,9,Recent Customers,Low Risk,18486.3,3361.2501458333336,776.2962229166667,0.26327266201674226,Low,Low-touch retention monitoring,724
C00514,medium,organic,Chennai,34,other,6,11,51971,49246.84,37039.39,12207.449999999995,24.79,8207.81,2025-09-02,2025-12-26,5,115,58,29,19,7,3,3,4,1,19.04,0.3276,0.1207,0.0517,1,27887.960000000003,0,0.05285236291486292,5.285236291486292,0,4,2,1,421,7,Recent Customers,Low Risk,12207.449999999995,2746.790153048341,645.1925776650431,0.2631807236740954,Low,Low-touch retention monitoring,725
C01008,medium,ads,Jaipur,33,female,16,36,331694,312626.44,225494.73,87131.70999999999,27.87,19539.15,2024-09-10,2025-12-09,22,455,211,95,59,29,28,3,4,1,12.84,0.2796,0.1374,0.1327,3,16093.94,0,0.01411607142857143,1.4116071428571428,0,3,3,3,333,9,Potential Loyalists,Low Risk,87131.70999999999,4682.2161964285715,1229.9574420535714,0.262990740157554,Low,Low-touch retention monitoring,726
C01041,high,referral,Bangalore,22,male,31,63,691459,630470.71,499417.85,131052.86,20.79,20337.76,2025-03-05,2025-12-29,2,299,263,131,59,45,28,3,4,1,37.84,0.2243,0.1711,0.1065,14,510756.76,0,0.01,1.0,0,5,5,5,555,15,Champions,Low Risk,131052.86,6914.59,1310.5286,0.262788934780346,Low,Low-touch retention monitoring,727
C00961,high,organic,Delhi,34,female,21,48,559839,540698.78,372850.23,167848.55,31.04,25747.56,2025-08-01,2025-12-18,13,139,168,81,38,33,16,3,4,1,55.14,0.2262,0.1964,0.0952,12,307137.54,0,0.00806547619047619,0.8065476190476191,0,3,4,4,344,11,High Value,Low Risk,167848.55,4515.368125,1353.7784836309522,0.26278875572387755,Low,Low-touch retention monitoring,728
C00809,medium,ads,Ahmedabad,38,male,22,46,320950,292933.88,218600.74,74333.13999999998,25.38,13315.18,2024-05-17,2025-12-30,1,592,310,153,84,43,30,3,4,1,13.56,0.271,0.1387,0.0968,5,69272.55,0,0.015939102564102563,1.5939102564102563,0,5,4,3,543,12,Loyal Customers,Low Risk,74333.13999999998,5115.654967948718,1184.8035423717945,0.2627477861572932,Low,Low-touch retention monitoring,729
C01100,high,ads,Mumbai,64,male,96,186,1591139,1494471.41,1124665.18,369806.2299999999,24.74,15567.41,2024-01-15,2025-12-30,1,715,717,359,180,98,80,3,4,1,49.01,0.251,0.1367,0.1116,10,74763.5,0,0.003875,0.3875,0,5,5,5,555,15,Champions,Low Risk,369806.2299999999,6165.663625,1432.9991412499996,0.26230723360591446,Low,Low-touch retention monitoring,730
C01126,high,organic,Mumbai,46,female,79,156,1482861,1364385.59,1056120.71,308264.87999999995,22.59,17270.7,2024-01-30,2025-12-29,2,699,679,331,164,93,91,3,4,1,41.25,0.2415,0.137,0.134,10,185650.46,0,0.004583333333333333,0.4583333333333333,0,5,5,5,555,15,Champions,Low Risk,308264.87999999995,6796.44625,1412.8806999999997,0.2622268451127993,Low,Low-touch retention monitoring,731
C00361,medium,ads,Mumbai,29,female,17,33,309719,277745.97,217507.38,60238.59,21.69,16338.0,2024-10-31,2025-12-20,11,415,238,117,61,31,29,3,4,1,14.95,0.2563,0.1303,0.1218,1,2761.65,0,0.018536858974358975,1.8536858974358976,0,4,3,3,433,10,Recent Customers,Low Risk,60238.59,5741.2174246794875,1116.6342476442308,0.2621886416350255,Low,Low-touch retention monitoring,732
C00371,medium,referral,Kolkata,36,male,5,9,164632,153499.08,113831.95,39667.12999999999,25.84,30699.82,2025-09-25,2025-12-07,24,73,63,28,15,12,8,3,4,1,25.0,0.2381,0.1905,0.127,5,39074.36,0,0.02513780663780664,2.513780663780664,0,3,2,2,322,7,Needs Attention,Low Risk,39667.12999999999,4138.487382395383,997.1446438167386,0.2621046839490541,Low,Low-touch retention monitoring,733
C01221,medium,ads,Mumbai,54,female,9,18,77813,69466.85,55109.15,14357.7,20.67,7718.54,2025-02-11,2025-12-04,27,296,166,85,38,29,14,3,4,1,11.1,0.2289,0.1747,0.0843,1,2105.04,0,0.04753403540903541,4.753403540903541,0,2,2,2,222,6,Hibernating,Low Risk,14357.7,3698.7658972832724,682.4794201923078,0.26199637157866135,Low,Low-touch retention monitoring,734
C00270,medium,referral,Jaipur,28,female,14,29,366258,321163.69,254543.79,66619.9,20.74,22940.26,2025-01-10,2025-12-19,12,343,214,96,59,32,27,3,4,1,14.9,0.2757,0.1495,0.1262,3,22851.84,0,0.017078125,1.7078125,0,3,3,4,334,10,High Value,Low Risk,66619.9,6254.99990625,1137.7429796874999,0.26198268235852246,Low,Low-touch retention monitoring,735
C00397,high,referral,Hyderabad,37,female,67,118,1226850,1130715.88,854255.57,276460.31,24.45,16876.36,2024-06-03,2025-12-24,7,569,567,281,136,87,63,3,4,1,42.98,0.2399,0.1534,0.1111,15,137689.38,0,0.004973958333333334,0.49739583333333337,0,4,5,5,455,14,Champions,Low Risk,276460.31,6102.30078125,1375.1020627604169,0.26149245883756667,Low,Low-touch retention monitoring,736
C01049,medium,ads,Mumbai,39,male,2,4,37697,33705.770000000004,27115.44,6590.329999999999,19.55,16852.89,2025-10-26,2025-12-31,0,66,55,31,13,6,5,3,4,1,11.06,0.2364,0.1091,0.0909,4,126465.54,0,0.0696963383838384,6.9696338383838405,0,5,1,1,511,7,Recent Customers,Low Risk,6590.329999999999,2627.342868055556,459.32186974116166,0.261155037801174,Low,Low-touch retention monitoring,737
C00214,high,organic,Jaipur,47,female,10,22,318951,284121.27,214509.8,69611.47,24.5,28412.13,2025-10-03,2025-12-30,1,88,78,32,30,9,7,3,4,1,41.48,0.3846,0.1154,0.0897,7,156036.34999999998,0,0.016202380952380954,1.6202380952380955,0,5,2,3,523,10,Recent Customers,Low Risk,69611.47,5167.765607142857,1127.8715555952383,0.26114580712537766,Low,Low-touch retention monitoring,738
C00947,high,ads,Bhubaneswar,29,female,24,49,317803,298164.03,226007.21,72156.81999999999,24.2,12423.5,2025-06-29,2025-12-29,2,183,178,88,48,32,10,3,4,1,47.87,0.2697,0.1798,0.0562,6,49327.66,0,0.01572222222222222,1.572222222222222,0,5,4,3,543,12,Loyal Customers,Low Risk,72156.81999999999,4996.569388888888,1134.4655588888886,0.26106604330029115,Low,Low-touch retention monitoring,739
C00080,high,organic,Chennai,18,male,46,90,922412,830083.96,640263.6,189820.36,22.87,18045.3,2024-09-28,2025-12-25,6,453,422,202,107,60,53,3,4,1,37.06,0.2536,0.1422,0.1256,9,247891.27,0,0.006791666666666667,0.6791666666666667,0,4,5,5,455,14,Champions,Low Risk,189820.36,6264.714833333333,1289.1966116666667,0.2602773576838492,Low,Low-touch retention monitoring,740
C01007,medium,ads,Kolkata,35,female,10,24,114797,109799.08,83672.81,26126.27,23.79,10979.91,2024-12-03,2025-10-23,69,324,201,101,48,36,16,3,4,1,11.27,0.2388,0.1791,0.0796,3,14822.44,0,0.03197000915750916,3.197000915750916,0,1,2,2,122,5,Hibernating,Low Risk,26126.27,3670.061141254579,835.2570911515568,0.2598741215459112,Low,Low-touch retention monitoring,741
C00108,medium,referral,Ahmedabad,48,female,5,11,108744,101562.36,74575.92,26986.439999999995,26.57,20312.47,2025-10-01,2025-12-30,1,90,68,37,17,6,8,3,4,1,20.28,0.25,0.0882,0.1176,2,6122.68,0,0.030972680097680103,3.09726800976801,0,5,2,2,522,9,Recent Customers,Low Risk,26986.439999999995,3368.093124542125,835.842373095238,0.2593007499602229,Low,Low-touch retention monitoring,742
C00413,medium,organic,Bangalore,25,male,1,1,260,241.8,180.41,61.38999999999999,25.39,241.8,2025-12-12,2025-12-12,19,0,20,11,3,4,2,3,4,1,1.0,0.15,0.2,0.1,5,30345.06,0,0.2626141955266954,26.26141955266954,0,3,1,1,311,5,Needs Attention,Low Risk,61.38999999999999,68.2796908369408,16.12188546338383,0.25916729117926396,Monitor,Monitor engagement and purchase activity,743
C00550,high,ads,Bhubaneswar,40,female,26,54,698148,653629.76,489155.84,164473.92,25.16,25139.61,2025-06-24,2025-12-28,3,187,205,103,54,33,15,3,4,1,50.75,0.2634,0.161,0.0732,8,154954.28,0,0.007499999999999999,0.7499999999999999,0,5,4,5,545,14,Champions,Low Risk,164473.92,5236.109999999999,1233.5544,0.25912546690371735,Low,Low-touch retention monitoring,744
C00615,medium,ads,Jaipur,43,female,12,28,207629,190146.85,139666.09,50480.75999999999,26.55,15845.57,2025-03-15,2025-11-17,44,247,149,76,44,17,12,3,4,1,17.73,0.2953,0.1141,0.0805,1,7297.08,0,0.019717261904761908,1.9717261904761907,0,2,3,3,233,8,Needs Attention,Low Risk,50480.75999999999,4093.87537202381,995.3423660714285,0.2587877119390147,Low,Low-touch retention monitoring,745
C00426,medium,organic,Chennai,59,female,3,7,43196,42387.51,29009.910000000003,13377.6,31.56,14129.17,2025-10-20,2025-11-16,45,27,38,22,7,5,4,3,4,1,40.56,0.1842,0.1316,0.1053,2,26493.44,0,0.046992063492063495,4.699206349206349,0,2,1,1,211,4,Hibernating,Low Risk,13377.6,2029.8691746031748,628.6410285714286,0.25873640200664044,Low,Low-touch retention monitoring,746
C00245,medium,referral,Pune,30,male,7,14,155259,143269.50999999998,108826.15,34443.35999999999,24.04,20467.07,2025-07-14,2025-12-22,9,161,106,55,23,16,12,3,4,1,15.87,0.217,0.1509,0.1132,5,156633.09999999998,0,0.02584361471861472,2.584361471861472,0,4,2,2,422,8,Recent Customers,Low Risk,34443.35999999999,4012.453777597403,890.1409254545454,0.2584720399939239,Low,Low-touch retention monitoring,747
C00475,medium,referral,Delhi,44,female,17,36,323514,294718.29,228028.85,66689.43999999999,22.63,17336.37,2025-01-07,2025-12-03,28,330,195,88,58,28,21,3,4,1,18.8,0.2974,0.1436,0.1077,3,5700.76,0,0.015575148809523811,1.557514880952381,0,2,3,3,233,8,Needs Attention,Low Risk,66689.43999999999,5038.778691964287,1038.6979520238094,0.2578260399920932,Low,Low-touch retention monitoring,748
C00072,medium,organic,Delhi,31,male,28,56,383000,353948.59,261351.93,92596.66,26.16,12641.02,2024-05-05,2025-11-03,58,547,314,142,92,46,34,3,4,1,18.68,0.293,0.1465,0.1083,2,101334.23,0,0.01185609243697479,1.185609243697479,0,2,4,4,244,10,At Risk High Value,Low Risk,92596.66,4540.883403361345,1097.834560315126,0.2575733826874547,Low,Low-touch retention monitoring,749
C00736,medium,referral,Jaipur,43,male,27,57,426577,397458.55,305092.85,92365.7,23.24,14720.69,2024-06-07,2025-12-11,20,552,300,140,84,44,32,3,4,1,17.85,0.28,0.1467,0.1067,3,42065.86,0,0.011875,1.1875,0,3,4,4,344,11,High Value,Low Risk,92365.7,5065.601875,1096.8426875,0.2575524247931678,Low,Low-touch retention monitoring,750
C01005,medium,referral,Mumbai,36,female,19,37,293749,272239.88,197751.04,74488.84,27.36,14328.41,2024-04-17,2025-12-20,11,612,269,139,66,36,28,3,4,1,11.33,0.2454,0.1338,0.1041,2,4958.97,0,0.014156498015873018,1.4156498015873018,0,4,4,3,443,11,Loyal Customers,Low Risk,74488.84,4158.457135664683,1054.5011156646826,0.2575144501335584,Low,Low-touch retention monitoring,751
C00337,medium,organic,Chennai,56,female,8,17,286770,265376.3,202878.64,62497.66,23.55,33172.04,2025-08-27,2025-12-01,30,96,81,36,24,13,8,3,4,1,30.42,0.2963,0.1605,0.0988,1,35272.51,0,0.016279761904761908,1.6279761904761907,0,2,2,3,223,7,Hibernating,Low Risk,62497.66,4668.547321428572,1017.4470244047621,0.2575101168280536,Low,Low-touch retention monitoring,752
C00150,high,organic,Chennai,47,male,10,20,153642,148042.94,110988.91,37054.02999999999,25.03,14804.29,2025-10-20,2025-12-09,22,50,70,36,17,10,7,3,4,1,73.0,0.2429,0.1429,0.1,10,128831.24,0,0.02397718253968254,2.397718253968254,0,3,2,2,322,7,Needs Attention,Low Risk,37054.02999999999,3683.902279761905,888.4512411408729,0.257284293673402,Low,Low-touch retention monitoring,753
C00019,high,ads,Delhi,36,female,9,16,77936,68728.47,57657.67,11070.799999999996,16.11,7636.5,2025-10-24,2025-12-31,0,68,64,29,13,15,7,3,4,1,48.31,0.2031,0.2344,0.1094,14,323035.37,0,0.050728084415584414,5.072808441558442,0,5,2,2,522,9,Recent Customers,Low Risk,11070.799999999996,3953.5439870129867,561.6004769480517,0.25695105602204654,Low,Low-touch retention monitoring,754
C00162,medium,organic,Delhi,36,male,3,5,11149,10329.67,8610.6,1719.0699999999993,16.64,3443.22,2025-08-07,2025-12-15,16,130,69,38,13,8,10,3,4,1,8.42,0.1884,0.1159,0.1449,3,26702.1,0,0.11347321428571425,11.347321428571425,0,3,2,1,321,6,Needs Attention,Low Risk,1719.0699999999993,1265.1128660714282,195.0683984821427,0.2568930581291793,Low,Low-touch retention monitoring,755
C00899,high,ads,Hyderabad,34,female,84,166,1709267,1559158.56,1190742.08,368416.48,23.63,18561.41,2024-03-31,2025-12-25,6,634,627,317,169,88,53,3,4,1,48.36,0.2695,0.1404,0.0845,11,291526.36,0,0.003333333333333333,0.3333333333333333,0,4,5,5,455,14,Champions,Low Risk,368416.48,5697.556666666666,1228.054933333333,0.2564657705824826,Low,Low-touch retention monitoring,756
C01011,high,ads,Bangalore,25,male,37,76,450491,420856.89,314388.81,106468.08,25.3,11374.51,2025-04-06,2025-12-29,2,267,306,151,86,39,30,3,4,1,50.58,0.281,0.1275,0.098,12,102020.38,0,0.010249999999999999,1.025,0,5,5,4,554,14,Champions,Low Risk,106468.08,4617.532749999999,1091.2978199999998,0.25639630513907746,Low,Low-touch retention monitoring,757
C00812,medium,organic,Mumbai,32,male,8,16,258911,250645.9,168100.45,82545.44999999998,32.93,31330.74,2025-05-19,2025-12-22,9,217,115,58,32,14,11,3,4,1,13.46,0.2783,0.1217,0.0957,4,64310.97,0,0.012669642857142855,1.2669642857142855,0,4,2,3,423,9,Recent Customers,Low Risk,82545.44999999998,3280.309901785714,1045.8213709821425,0.25632697441294067,Low,Low-touch retention monitoring,758
C00864,medium,ads,Delhi,45,male,5,10,100207,88347.27,66777.89,21569.38,24.41,17669.45,2025-10-08,2025-12-22,9,75,50,26,11,8,5,3,4,1,24.33,0.22,0.16,0.1,4,53782.66,0,0.03359117965367966,3.359117965367966,0,4,2,2,422,8,Recent Customers,Low Risk,21569.38,3366.0713395562775,724.540918598485,0.25576685850260406,Low,Low-touch retention monitoring,759
C01125,medium,ads,Delhi,27,female,22,46,162945,154052.92,110171.34,43881.58,28.48,7002.41,2024-03-03,2025-11-13,48,620,290,143,78,40,29,3,4,1,12.95,0.269,0.1379,0.1,5,137748.8,0,0.020541666666666663,2.0541666666666663,0,2,4,2,242,8,Needs Attention,Low Risk,43881.58,3347.1618749999993,901.4007891666665,0.2557400019380559,Low,Low-touch retention monitoring,760
C00236,medium,referral,Bangalore,33,female,3,7,28406,26471.99,18841.75,7630.240000000001,28.82,8824.0,2025-09-29,2025-12-16,15,78,53,25,15,10,3,3,4,1,14.04,0.283,0.1887,0.0566,2,29698.02,0,0.06023178904428904,6.023178904428904,0,3,1,1,311,5,Needs Attention,Low Risk,7630.240000000001,1710.9441995920745,459.58300603729606,0.2554965942682207,Low,Low-touch retention monitoring,761
C00416,high,organic,Bhubaneswar,27,male,15,34,441200,399464.25,298015.01,101449.24,25.4,26630.95,2025-09-06,2025-12-05,26,90,126,62,31,18,15,3,4,1,60.83,0.246,0.1429,0.119,10,240451.57,0,0.010444444444444445,1.0444444444444445,0,2,3,4,234,9,At Risk High Value,Low Risk,101449.24,4608.088888888889,1059.5809511111113,0.2554589548154457,Low,Low-touch retention monitoring,762
C00002,high,referral,Hyderabad,47,female,38,73,772807,714174.05,575748.38,138425.66999999998,19.38,18794.05,2025-03-20,2025-12-29,2,284,311,158,78,47,28,3,4,1,48.84,0.2508,0.1511,0.09,7,106062.76,0,0.007973958333333333,0.7973958333333333,0,5,5,5,555,15,Champions,Low Risk,138425.66999999998,6162.330817708333,1103.8005248437498,0.25543778344289525,Low,Low-touch retention monitoring,763
C00714,medium,referral,Bangalore,37,male,13,27,227795,219040.95,154443.55,64597.4,29.49,16849.3,2025-02-21,2025-12-30,1,312,146,70,36,23,17,3,4,1,15.21,0.2466,0.1575,0.1164,4,12438.2,0,0.015096580298786182,1.5096580298786182,0,5,3,3,533,11,Recent Customers,Low Risk,64597.4,3438.9255091619984,975.1998361928105,0.25528475580006776,Low,Low-touch retention monitoring,764
C00543,high,ads,Bangalore,47,female,75,141,1019015,935858.27,707375.29,228482.98,24.41,12478.11,2024-04-13,2025-12-04,27,600,659,328,168,88,75,3,4,1,45.63,0.2549,0.1335,0.1138,16,226990.48,0,0.0050416666666666665,0.5041666666666667,0,2,5,5,255,12,At Risk High Value,Low Risk,228482.98,5137.533958333333,1151.9350241666666,0.2552038467853265,Low,Low-touch retention monitoring,765
C00576,medium,referral,Pune,35,male,30,65,531311,503954.03,383311.78,120642.25,23.94,16798.47,2024-04-25,2025-12-14,17,598,267,126,76,39,26,3,4,1,18.31,0.2846,0.1461,0.0974,3,88824.48,0,0.008910714285714286,0.8910714285714285,0,3,5,4,354,12,High Value,Low Risk,120642.25,4734.360517857142,1075.0086205357143,0.25505529034152696,Low,Low-touch retention monitoring,766
C00073,medium,ads,Jaipur,22,female,9,21,214124,204892.75,143856.41,61036.33999999999,29.79,22765.86,2025-06-06,2025-12-19,12,196,104,48,25,19,12,3,4,1,16.76,0.2404,0.1827,0.1154,4,41046.22,0,0.015625,1.5625,0,3,2,3,323,8,Needs Attention,Low Risk,61036.33999999999,3345.6875,953.6928124999998,0.25480494106026064,Low,Low-touch retention monitoring,767
C01114,high,organic,Chennai,36,female,11,24,122117,114239.31,83098.34,31140.97,27.26,10385.39,2025-09-14,2025-12-15,16,92,75,31,22,13,9,3,4,1,43.64,0.2933,0.1733,0.12,10,87407.5,0,0.025681457431457434,2.5681457431457435,0,3,3,2,332,8,Potential Loyalists,Low Risk,31140.97,3136.1425371572873,799.745495429293,0.25454883790565763,Low,Low-touch retention monitoring,768
C00264,medium,ads,Bangalore,34,female,19,42,317167,282521.43,216994.58,65526.84999999999,23.19,14869.55,2024-09-30,2025-12-30,1,456,201,93,55,34,19,3,4,1,15.21,0.2736,0.1692,0.0945,2,10414.24,0,0.014613095238095238,1.4613095238095237,0,5,4,3,543,12,Loyal Customers,Low Risk,65526.84999999999,4634.791577380952,957.5500997023807,0.25434202896872077,Low,Low-touch retention monitoring,769
C00199,medium,referral,Ahmedabad,28,female,15,28,249162,228848.89,167832.12,61016.77,26.66,15256.59,2024-04-28,2025-10-19,73,539,295,152,73,39,31,3,4,1,10.16,0.2475,0.1322,0.1051,1,1769.6,0,0.015446180555555555,1.5446180555555555,0,1,3,3,133,7,Needs Attention,Low Risk,61016.77,3848.601239583333,942.4760463368054,0.2542748996679806,Low,Low-touch retention monitoring,770
C01132,medium,organic,Hyderabad,51,male,2,5,29916,28133.04,18918.79,9214.25,32.75,14066.52,2025-11-11,2025-12-05,26,24,51,22,13,8,8,3,4,1,30.42,0.2549,0.1569,0.1569,2,36841.84,0,0.05373015873015873,5.3730158730158735,0,2,1,1,211,4,Hibernating,Low Risk,9214.25,1607.3914285714286,495.0831150793651,0.2542515313270949,Low,Low-touch retention monitoring,771
C00449,medium,organic,Ahmedabad,48,male,7,11,141167,135128.22,100185.56,34942.65999999999,25.86,19304.03,2025-09-17,2025-12-07,24,81,76,36,22,10,8,3,4,1,31.54,0.2895,0.1316,0.1053,7,168185.2,0,0.02353075396825397,2.353075396825397,0,3,2,2,322,7,Needs Attention,Low Risk,34942.65999999999,3321.7659454365084,822.2271354563491,0.2542488428637871,Low,Low-touch retention monitoring,772
C00986,high,organic,Jaipur,34,male,23,38,487034,454548.6,347265.21,107283.38999999998,23.6,19762.98,2025-06-08,2025-12-24,7,199,207,105,58,29,15,3,4,1,42.19,0.2802,0.1401,0.0725,19,203386.93,0,0.009618055555555555,0.9618055555555555,0,4,4,4,444,12,Champions,Low Risk,107283.38999999998,4684.320069444444,1031.857605208333,0.2540156715424534,Low,Low-touch retention monitoring,773
C00469,high,organic,Hyderabad,26,female,75,157,976632,874250.63,671684.68,202565.95,23.17,11656.68,2024-04-14,2025-12-23,8,618,578,296,144,79,59,3,4,1,44.3,0.2491,0.1367,0.1021,11,320047.26,0,0.005451388888888888,0.5451388888888888,0,4,5,5,455,14,Champions,Low Risk,202565.95,5324.000833333333,1104.2657690972221,0.2539393016447398,Low,Low-touch retention monitoring,774
C00798,high,ads,Kolkata,41,female,52,100,900923,848111.77,650780.56,197331.21,23.27,16309.84,2024-12-11,2025-12-15,16,369,372,195,83,55,39,3,4,1,51.44,0.2231,0.1478,0.1048,14,158044.09,0,0.005481150793650793,0.5481150793650793,0,3,5,5,355,13,High Value,Low Risk,197331.21,4938.094816468254,1081.6021183035714,0.2532160708103655,Low,Low-touch retention monitoring,775
C00936,medium,ads,Pune,24,female,7,16,111196,102474.59,80968.41,21506.180000000008,20.99,14639.23,2025-08-05,2025-12-20,11,137,62,32,15,8,7,3,4,1,18.65,0.2419,0.129,0.1129,4,39610.43,0,0.03210387488328665,3.210387488328665,0,4,2,2,422,8,Recent Customers,Low Risk,21506.180000000008,3569.822471521942,690.431711937442,0.25315205381605427,Low,Low-touch retention monitoring,776
C00840,high,referral,Bhubaneswar,34,female,26,48,524684,465687.69,371094.93,94592.76,20.31,17911.06,2025-06-03,2025-12-14,17,194,197,93,59,27,18,3,4,1,48.92,0.2995,0.1371,0.0914,16,485925.72,0,0.010462053571428572,1.0462053571428571,0,3,4,4,344,11,High Value,Low Risk,94592.76,5489.272116071429,989.6345225892857,0.2530290802834015,Low,Low-touch retention monitoring,777
C00050,high,organic,Hyderabad,47,female,58,118,971065,899961.17,693141.27,206819.9,22.98,15516.57,2024-10-18,2025-12-30,1,438,437,210,109,64,54,3,4,1,48.33,0.2494,0.1465,0.1236,14,211358.2,0,0.0051666666666666675,0.5166666666666667,0,5,5,5,555,15,Champions,Low Risk,206819.9,5017.1691666666675,1068.5694833333334,0.25259416272566326,Low,Low-touch retention monitoring,778
C00907,high,referral,Chennai,26,female,14,30,199448,181545.93,137783.0,43762.93,24.11,12967.57,2025-08-12,2025-12-10,21,120,160,82,42,17,19,3,4,1,42.58,0.2625,0.1062,0.1187,15,431171.61,0,0.019251736111111112,1.925173611111111,0,3,3,3,333,9,Potential Loyalists,Low Risk,43762.93,3839.720263888889,842.5123798090278,0.2525521539403305,Low,Low-touch retention monitoring,779
C00692,high,referral,Bhubaneswar,25,female,6,7,117548,99972.67,79936.26,20036.41,20.04,16662.11,2025-11-02,2025-12-21,10,49,62,34,14,8,6,3,4,1,44.69,0.2258,0.129,0.0968,13,292616.21,0,0.03322113997113998,3.322113997113998,0,4,2,2,422,8,Recent Customers,Low Risk,20036.41,3905.078561327562,665.6323811291487,0.25251590078118286,Low,Low-touch retention monitoring,780
C00650,medium,referral,Bangalore,43,other,15,27,189654,174795.88,140625.1,34170.78,19.55,11653.06,2025-02-08,2025-12-20,11,315,154,74,41,19,20,3,4,1,17.38,0.2662,0.1234,0.1299,3,14831.84,0,0.022974138708513708,2.2974138708513707,0,4,3,3,433,10,Recent Customers,Low Risk,34170.78,4357.137302624459,785.044239498106,0.25226163073896996,Low,Low-touch retention monitoring,781
C00792,medium,referral,Jaipur,44,male,5,9,101217,93843.3,68343.83,25499.469999999998,27.17,18768.66,2025-06-21,2025-12-28,3,190,143,73,40,20,10,3,4,1,9.61,0.2797,0.1399,0.0699,2,6666.41,0,0.02814583333333333,2.814583333333333,0,5,2,2,522,9,Recent Customers,Low Risk,25499.469999999998,2848.8368124999997,717.7038327083333,0.25216097898577877,Low,Low-touch retention monitoring,782
C00169,high,ads,Bangalore,27,female,9,18,183167,172703.48,140481.13999999998,32222.34,18.66,19189.28,2025-10-02,2025-12-31,0,90,97,47,26,15,9,3,4,1,36.5,0.268,0.1546,0.0928,13,183697.53,0,0.023748015873015872,2.374801587301587,0,5,2,2,522,9,Recent Customers,Low Risk,32222.34,4349.852823412698,765.2166417857143,0.2518121079883321,Low,Low-touch retention monitoring,783
C00969,high,ads,Ahmedabad,20,female,61,130,1019290,933652.45,720152.83,213499.62,22.87,15305.78,2024-10-29,2025-12-27,4,424,409,200,92,74,43,3,4,1,52.51,0.2249,0.1809,0.1051,14,302606.82,0,0.004916666666666667,0.49166666666666675,0,5,5,5,555,15,Champions,Low Risk,213499.62,5011.509166666668,1049.7064650000002,0.25180769598311337,Low,Low-touch retention monitoring,784
C00701,medium,ads,Kolkata,31,female,16,31,312096,281918.61,218660.06,63258.55000000002,22.44,17619.91,2024-11-20,2025-12-26,5,401,183,90,43,33,17,3,4,1,14.56,0.235,0.1803,0.0929,4,31940.85,0,0.01418939393939394,1.418939393939394,0,4,3,3,433,10,Recent Customers,Low Risk,63258.55000000002,4428.453090909091,897.6004859848488,0.25177768232003156,Low,Low-touch retention monitoring,785
C00420,medium,organic,Pune,29,male,6,14,47336,40987.26,33106.47,7880.790000000001,19.23,6831.21,2025-09-12,2025-12-26,5,105,50,25,12,8,5,3,4,1,20.86,0.24,0.16,0.1,2,124918.17,0,0.056209505772005786,5.620950577200579,0,4,2,1,421,7,Recent Customers,Low Risk,7880.790000000001,2660.7331652236658,442.97531099296555,0.2517696124671008,Low,Low-touch retention monitoring,786
C00480,high,organic,Bangalore,50,male,54,108,686710,641789.75,478237.39,163552.36,25.48,11885.0,2024-12-31,2025-12-30,1,364,421,214,101,70,36,3,4,1,54.15,0.2399,0.1663,0.0855,10,89834.70999999999,0,0.006249999999999999,0.6249999999999999,0,5,5,5,555,15,Champions,Low Risk,163552.36,4291.937499999999,1022.2022499999997,0.25165888317612806,Low,Low-touch retention monitoring,787
C00404,medium,ads,Kolkata,64,male,4,6,151175,125228.4,105372.8,19855.599999999988,15.86,31307.1,2025-09-24,2025-12-20,11,87,74,37,15,12,10,3,4,1,16.78,0.2027,0.1622,0.1351,3,7618.27,0,0.03285732323232324,3.285732323232324,0,4,2,2,422,8,Recent Customers,Low Risk,19855.599999999988,4967.205839646465,652.4018671717168,0.2515805573093786,Low,Low-touch retention monitoring,788
C00295,high,referral,Hyderabad,43,female,71,147,1226015,1096010.33,848182.52,247827.81,22.61,15436.77,2024-05-05,2025-11-19,42,563,613,296,144,92,81,3,4,1,46.03,0.2349,0.1501,0.1321,4,191094.07,0,0.004200148809523809,0.4200148809523809,0,2,5,5,255,12,At Risk High Value,Low Risk,247827.81,5149.445442708333,1040.9136811383928,0.251077188707121,Low,Low-touch retention monitoring,789
C00926,high,organic,Mumbai,38,female,56,101,1105511,1008155.1,787327.91,220827.19,21.9,18002.77,2024-10-18,2025-12-27,4,435,445,221,104,77,43,3,4,1,46.99,0.2337,0.173,0.0966,10,225425.84,0,0.004625000000000001,0.4625000000000001,0,5,5,5,555,15,Champions,Low Risk,220827.19,5112.988375000001,1021.3257537500001,0.2506532289669496,Low,Low-touch retention monitoring,790
C00372,high,ads,Delhi,18,male,43,82,715220,667277.66,515128.89,152148.77,22.8,15518.09,2024-11-03,2025-12-30,1,422,408,199,102,61,46,3,4,1,37.19,0.25,0.1495,0.1127,12,202637.56,0,0.006500000000000001,0.65,0,5,5,5,555,15,Champions,Low Risk,152148.77,4648.93,988.967005,0.2506277373706719,Low,Low-touch retention monitoring,791
C00687,medium,referral,Jaipur,40,female,10,18,235083,184726.76,176223.29,8503.469999999996,4.6,18472.68,2025-05-04,2025-10-28,64,177,126,59,34,21,12,3,4,1,20.62,0.2698,0.1667,0.0952,3,11693.14,0,0.05289856150793651,5.289856150793651,0,1,2,3,123,6,Hibernating,Low Risk,8503.469999999996,12435.552534970238,449.82133082589263,0.2503303992062139,Low,Low-touch retention monitoring,792
C01053,medium,ads,Delhi,37,female,4,7,55408,50430.7,39086.72,11343.979999999998,22.49,12607.67,2025-11-10,2025-12-24,7,44,35,21,3,7,4,3,4,1,33.18,0.0857,0.2,0.1143,5,151778.96,0,0.045156746031746034,4.515674603174603,0,4,2,2,422,8,Recent Customers,Low Risk,11343.979999999998,2502.044984126984,512.2572238492063,0.2503248575139943,Low,Low-touch retention monitoring,793
C00703,high,ads,Bangalore,44,male,24,52,386826,365848.59,286349.2,79499.38999999997,21.73,15243.69,2025-07-01,2025-12-26,5,178,190,96,48,30,16,3,4,1,49.21,0.2526,0.1579,0.0842,5,117643.05,0,0.01125,1.125,0,4,4,4,444,12,Champions,Low Risk,79499.38999999997,4351.7925,894.3681374999996,0.24988514704166762,Low,Low-touch retention monitoring,794
C01146,high,organic,Jaipur,34,female,42,88,987912,904369.25,720975.97,183393.28,20.28,21532.6,2025-03-25,2025-12-31,0,281,302,143,83,48,28,3,4,1,54.56,0.2748,0.1589,0.0927,12,204574.06,0,0.005333333333333333,0.5333333333333333,0,5,5,5,555,15,Champions,Low Risk,183393.28,5268.864,978.0974933333333,0.24953282570818558,Low,Low-touch retention monitoring,795
C00821,high,organic,Pune,29,female,32,64,468826,426282.7,341108.56,85174.14,19.98,13321.33,2025-06-09,2025-12-29,2,203,214,119,47,27,21,3,4,1,57.54,0.2196,0.1262,0.0981,9,207863.58,0,0.010452380952380953,1.0452380952380953,0,5,5,4,554,14,Champions,Low Risk,85174.14,4900.347952380953,890.2725585714286,0.2492425829963751,Low,Low-touch retention monitoring,796
C00402,high,ads,Hyderabad,45,female,10,18,185155,161818.86,129685.03,32133.83,19.86,16181.89,2025-10-30,2025-12-17,14,48,74,38,15,13,8,3,4,1,76.04,0.2027,0.1757,0.1081,14,138045.81,0,0.02240079365079365,2.240079365079365,0,3,2,2,322,7,Needs Attention,Low Risk,32133.83,4147.618948412698,719.8232950396825,0.24881928506363094,Low,Low-touch retention monitoring,797
C00445,high,ads,Jaipur,42,female,30,56,526055,495719.34,375291.04,120428.29999999996,24.29,16523.98,2025-05-31,2025-12-15,16,198,185,94,43,31,17,3,4,1,55.3,0.2324,0.1676,0.0919,13,428501.18,0,0.007638888888888889,0.7638888888888888,0,3,5,4,354,12,High Value,Low Risk,120428.29999999996,4018.4756944444443,919.9384027777775,0.24872569085997692,Low,Low-touch retention monitoring,798
C00690,medium,referral,Kolkata,21,female,14,26,347737,318937.9,241162.16,77775.73999999996,24.39,22781.28,2025-01-02,2025-11-24,37,326,157,85,40,18,14,3,4,1,15.67,0.2548,0.1146,0.0892,4,19894.83,0,0.011140625000000001,1.1140625000000002,0,2,3,4,234,9,At Risk High Value,Low Risk,77775.73999999996,3874.0075156250005,866.4703534374996,0.24868728098059145,Low,Low-touch retention monitoring,799
C00814,high,referral,Delhi,28,female,53,103,1572434,1458473.21,1114836.81,343636.4,23.56,27518.36,2024-05-06,2025-12-30,1,603,565,263,142,89,71,3,4,1,32.08,0.2513,0.1575,0.1257,12,364583.74,0,0.002890625,0.2890625,0,5,5,5,555,15,Champions,Low Risk,343636.4,4545.31703125,993.3239687500001,0.24861919376400735,Low,Low-touch retention monitoring,800
C00744,medium,organic,Chennai,45,female,4,9,31165,27160.47,21464.47,5695.999999999999,20.97,6790.12,2025-11-02,2025-12-30,1,58,34,12,12,8,2,3,4,1,25.17,0.3529,0.2353,0.0588,8,138897.63999999998,0,0.06317162698412698,6.317162698412698,0,5,2,1,521,8,Recent Customers,Low Risk,5695.999999999999,1968.7437549603173,359.82558730158723,0.2485291676479811,Low,Low-touch retention monitoring,801
C00555,high,referral,Hyderabad,43,female,16,32,411285,367686.72,290923.15,76763.56999999998,20.88,22980.42,2025-09-13,2025-12-30,1,108,113,50,28,21,14,3,4,1,54.07,0.2478,0.1858,0.1239,14,261828.67,0,0.011078125000000001,1.1078125,0,5,3,4,534,12,High Value,Low Risk,76763.56999999998,4556.266640625,850.3964239062499,0.2479807627384843,Low,Low-touch retention monitoring,802
C01204,high,organic,Ahmedabad,42,female,84,177,2030074,1873691.9,1438079.19,435612.7099999999,23.25,22305.86,2024-02-02,2025-12-28,3,695,697,347,187,102,61,3,4,1,44.12,0.2683,0.1463,0.0875,11,328545.37,0,0.002261904761904762,0.2261904761904762,0,5,5,5,555,15,Champions,Low Risk,435612.7099999999,4591.834047619048,985.3144630952379,0.24795266168678123,Low,Low-touch retention monitoring,803
C00386,medium,organic,Pune,40,male,10,18,141479,130624.42,99668.68,30955.740000000005,23.7,13062.44,2025-06-04,2025-12-25,6,204,153,67,45,27,14,3,4,1,17.89,0.2941,0.1765,0.0915,5,49765.91,0,0.022441468253968252,2.2441468253968253,0,4,2,2,422,8,Recent Customers,Low Risk,30955.740000000005,3174.9964871031743,694.6922564880953,0.2475743435329184,Low,Low-touch retention monitoring,804
C00041,high,ads,Chennai,37,other,24,44,443976,406895.79,298837.39,108058.4,26.56,16953.99,2025-07-26,2025-12-28,3,155,146,71,35,25,15,3,4,1,56.52,0.2397,0.1712,0.1027,6,33254.74,0,0.008124999999999999,0.8124999999999999,0,5,4,4,544,13,Champions,Low Risk,108058.4,3607.3049999999994,877.9744999999998,0.24734915587730505,Low,Low-touch retention monitoring,805
C00437,medium,referral,Jaipur,37,female,14,30,336979,308607.12,229102.77,79504.34999999999,25.76,22043.37,2025-02-17,2025-12-31,0,317,177,95,44,25,13,3,4,1,16.12,0.2486,0.1412,0.0734,5,194124.88,0,0.010491815476190476,1.0491815476190476,0,5,3,3,533,11,Recent Customers,Low Risk,79504.34999999999,3535.5214873511904,834.1449697544641,0.2469396042595123,Low,Low-touch retention monitoring,806
C00527,high,referral,Mumbai,42,male,14,33,264179,232502.24,177601.71,54900.53,23.61,16607.3,2025-05-24,2025-12-31,0,221,220,113,59,27,21,3,4,1,23.12,0.2682,0.1227,0.0955,3,19387.23,0,0.014254960317460317,1.4254960317460317,0,5,3,3,533,11,Recent Customers,Low Risk,54900.53,3765.8611617063493,782.6048765575397,0.2469189455017346,Low,Low-touch retention monitoring,807
C00101,high,organic,Hyderabad,30,female,46,87,687575,630704.17,488530.23,142173.93999999997,22.54,13710.96,2024-12-10,2025-12-04,27,359,373,196,87,58,32,3,4,1,46.77,0.2332,0.1555,0.0858,10,91061.03,0,0.006270833333333333,0.6270833333333333,0,2,5,5,255,12,At Risk High Value,Low Risk,142173.93999999997,4311.668229166667,891.5490820833331,0.2467848488796318,Low,Low-touch retention monitoring,808
C00022,medium,ads,Jaipur,29,female,8,18,137328,126620.31,99040.25,27580.05999999999,21.78,15827.54,2025-05-29,2025-12-16,15,201,115,59,27,18,11,3,4,1,14.53,0.2348,0.1565,0.0957,4,10866.73,0,0.023917658730158733,2.3917658730158733,0,3,2,2,322,7,Needs Attention,Low Risk,27580.05999999999,3284.5642380952386,659.6504628373015,0.24661138949775618,Low,Low-touch retention monitoring,809
C00957,medium,ads,Kolkata,51,male,4,9,35047,29770.66,24762.74,5007.919999999999,16.82,7442.66,2025-10-22,2025-12-25,6,64,50,23,16,7,4,3,4,1,22.81,0.32,0.14,0.08,2,25289.74,0,0.06528461081402258,6.5284610814022574,0,4,2,1,421,7,Recent Customers,Low Risk,5007.919999999999,2288.0297551990493,326.9401081877599,0.24637867144833603,Low,Low-touch retention monitoring,810
C00762,medium,ads,Kolkata,34,female,6,10,85598,79304.76000000001,55770.49,23534.27,29.68,13217.46,2025-06-23,2025-12-29,2,189,105,62,21,11,11,3,4,1,11.59,0.2,0.1048,0.1048,1,3704.43,0,0.02658379120879121,2.658379120879121,0,5,2,2,522,9,Recent Customers,Low Risk,23534.27,2275.51935989011,625.6301199313187,0.24631997955997,Low,Low-touch retention monitoring,811
C01042,high,organic,Bangalore,48,other,82,163,1187583,1120627.3,832572.67,288054.62999999995,25.7,13666.19,2024-02-07,2025-12-25,6,687,725,357,190,101,77,3,4,1,43.57,0.2621,0.1393,0.1062,10,107486.77,0,0.0031875,0.31875,0,4,5,5,455,14,Champions,Low Risk,288054.62999999995,3785.4208124999996,918.1741331249998,0.24598626667896453,Low,Low-touch retention monitoring,812
C00262,medium,organic,Delhi,35,female,18,39,241125,231202.35,177773.01,53429.33999999999,23.11,12844.57,2024-11-04,2025-12-20,11,411,214,110,53,24,27,3,4,1,15.99,0.2477,0.1121,0.1262,5,100549.97,0,0.014222222222222223,1.4222222222222223,0,4,3,3,433,10,Recent Customers,Low Risk,53429.33999999999,3429.3333333333335,759.8839466666666,0.24584681229896696,Low,Low-touch retention monitoring,813
C00300,medium,ads,Kolkata,27,female,15,32,287030,266105.86,198130.2,67975.66,25.54,17740.39,2024-12-22,2025-12-14,17,357,190,96,50,25,19,3,4,1,15.34,0.2632,0.1316,0.1,1,16890.0,0,0.011666666666666667,1.1666666666666667,0,3,3,3,333,9,Potential Loyalists,Low Risk,67975.66,3348.6833333333334,793.0493666666667,0.24583958623772215,Low,Low-touch retention monitoring,814
C00582,high,organic,Chennai,40,female,88,170,1584511,1446791.61,1134804.56,311987.05,21.56,16440.81,2024-05-30,2025-12-30,1,579,609,295,144,111,59,3,4,1,55.47,0.2365,0.1823,0.0969,13,187621.19,0,0.0029166666666666664,0.29166666666666663,0,5,5,5,555,15,Champions,Low Risk,311987.05,4621.4904166666665,909.9622291666666,0.24550276390651926,Low,Low-touch retention monitoring,815
C00436,medium,organic,Ahmedabad,34,male,34,69,551728,488203.43,383913.89,104289.54,21.36,14358.92,2024-03-03,2025-12-20,11,657,324,154,93,48,29,3,4,1,18.89,0.287,0.1481,0.0895,8,101813.68,0,0.008004901960784315,0.8004901960784315,0,4,5,4,454,13,Champions,Low Risk,104289.54,4416.528549019608,834.8275432352942,0.24547667920332464,Low,Low-touch retention monitoring,816
C00602,medium,referral,Pune,28,female,19,31,211499,195674.84,144038.69,51636.15,26.39,10298.68,2024-10-08,2025-12-10,21,428,221,108,55,32,26,3,4,1,16.2,0.2489,0.1448,0.1176,3,49622.36,0,0.014390624999999999,1.4390625,0,3,4,3,343,10,Potential Loyalists,Low Risk,51636.15,3043.602796875,743.07647109375,0.24514886473592998,Low,Low-touch retention monitoring,817
C00998,high,organic,Bangalore,25,male,39,88,756711,709614.91,532226.84,177388.06999999998,25.0,18195.25,2024-12-25,2025-11-28,33,338,402,201,101,54,46,3,4,1,42.12,0.2512,0.1343,0.1144,15,333747.05,0,0.004833333333333334,0.48333333333333334,0,2,5,5,255,12,At Risk High Value,Low Risk,177388.06999999998,3657.4365000000003,857.3756716666666,0.24452591154678138,Low,Low-touch retention monitoring,818
C00941,medium,ads,Pune,36,male,10,22,117532,113061.0,87221.05,25839.95,22.85,11306.1,2025-05-06,2025-11-07,54,185,131,71,31,17,12,3,4,1,19.73,0.2366,0.1298,0.0916,2,25047.61,0,0.02400367647058823,2.400367647058823,0,2,2,2,222,6,Hibernating,Low Risk,25839.95,2821.200102941176,620.2537998161763,0.2444636919525018,Low,Low-touch retention monitoring,819
C00376,medium,organic,Bhubaneswar,41,female,7,14,103770,85943.91,73379.03,12564.880000000005,14.62,12277.7,2025-05-05,2025-12-18,13,227,103,57,26,15,5,3,4,1,11.26,0.2524,0.1456,0.0485,2,36296.4,0,0.038559523809523814,3.8559523809523815,0,3,2,2,322,7,Needs Attention,Low Risk,12564.880000000005,4001.3217857142863,484.4957895238098,0.24437749506115103,Low,Low-touch retention monitoring,820
C01099,medium,ads,Kolkata,49,male,3,7,48783,45175.68,37301.15,7874.529999999997,17.43,15058.56,2025-10-23,2025-12-10,21,48,31,14,7,6,4,3,4,1,22.81,0.2258,0.1935,0.129,4,86244.79,0,0.05024168152109329,5.024168152109329,0,3,1,1,311,5,Needs Attention,Low Risk,7874.529999999997,2450.939949643494,395.6296283882946,0.2441553091267945,Low,Low-touch retention monitoring,821
C00780,medium,ads,Ahmedabad,27,male,16,36,429419,393059.51,292880.02,100179.49,25.49,24566.22,2024-11-03,2025-12-31,0,423,207,104,53,28,22,3,4,1,13.81,0.256,0.1353,0.1063,5,84663.74,0,0.00793452380952381,0.793452380952381,0,5,3,4,534,12,High Value,Low Risk,100179.49,3407.2352797619046,794.8765486309525,0.2436825154285403,Low,Low-touch retention monitoring,822
C00219,medium,ads,Kolkata,41,female,7,15,43671,39864.67,29618.57,10246.1,25.7,5694.95,2025-02-07,2025-11-08,53,274,147,75,36,16,20,3,4,1,9.32,0.2449,0.1088,0.1361,2,26404.08,0,0.042874465811965815,4.287446581196582,0,2,2,1,221,5,Hibernating,Low Risk,10246.1,1872.3707964743592,439.29606415598295,0.24347092791228958,Low,Low-touch retention monitoring,823
C00979,high,organic,Chennai,42,male,15,25,126953,114667.4,91474.85,23192.550000000003,20.23,7644.49,2025-07-24,2025-12-25,6,154,161,87,41,19,14,3,4,1,35.55,0.2547,0.118,0.087,13,263533.69,0,0.025404761904761902,2.5404761904761903,0,4,3,2,432,9,Recent Customers,Low Risk,23192.550000000003,3225.210738095238,589.2012107142857,0.2434702089483097,Low,Low-touch retention monitoring,824
C00192,medium,organic,Kolkata,44,female,1,3,5397,3993.78,3940.26,53.51999999999953,1.34,3993.78,2025-11-20,2025-11-20,41,0,26,17,5,4,0,2,3,1,1.0,0.1923,0.1538,0.0,5,121503.21,0,0.2465420967920968,24.65420967920968,0,2,1,1,211,4,Hibernating,Low Risk,53.51999999999953,1330.5876963869464,13.194933020312904,0.24281819699224388,Monitor,Monitor engagement and purchase activity,825
C00987,high,ads,Jaipur,18,female,45,85,582043,532415.53,410407.51,122008.02,22.92,11831.46,2024-10-06,2025-12-21,10,441,468,238,122,68,40,3,4,1,37.24,0.2607,0.1453,0.0855,7,119464.11,0,0.006375,0.6375,0,4,5,5,455,14,Champions,Low Risk,122008.02,3710.524125,777.8011275,0.2419710146151745,Low,Low-touch retention monitoring,826
C00525,high,ads,Pune,38,female,17,33,448001,427002.42,304958.01,122044.41,28.58,25117.79,2025-09-29,2025-12-30,1,92,116,58,29,17,12,3,4,1,67.45,0.25,0.1466,0.1034,7,178325.98,0,0.00631547619047619,0.631547619047619,0,5,3,4,534,12,High Value,Low Risk,122044.41,2829.3396488095236,770.7685655357143,0.2416108331964481,Low,Low-touch retention monitoring,827
C00876,high,organic,Hyderabad,43,male,55,100,1002650,927420.76,709473.8200000001,217946.94,23.5,16862.2,2024-08-15,2025-12-27,4,499,524,271,126,71,56,3,4,1,40.23,0.2405,0.1355,0.1069,7,180571.45,0,0.003666666666666667,0.3666666666666667,0,5,5,5,555,15,Champions,Low Risk,217946.94,3676.3833333333337,799.1387800000001,0.24131285088350038,Low,Low-touch retention monitoring,828
C00698,high,ads,Delhi,37,female,84,162,1437167,1348155.23,987675.01,360480.22,26.74,16049.47,2024-04-01,2025-11-23,38,601,616,317,153,85,61,3,4,1,51.01,0.2484,0.138,0.099,10,97574.55,0,0.0021875,0.21875000000000003,0,2,5,5,255,12,At Risk High Value,Low Risk,360480.22,3143.8028125,788.55048125,0.23994884767905558,Low,Low-touch retention monitoring,829
C00333,medium,referral,Kolkata,45,female,5,9,35291,32598.97,23910.51,8688.460000000001,26.65,6519.79,2025-06-17,2025-12-23,8,189,109,46,27,16,20,3,4,1,9.66,0.2477,0.1468,0.1835,1,30729.6,0,0.04446933101620601,4.446933101620601,0,4,2,1,421,7,Recent Customers,Low Risk,8688.460000000001,1569.3671608929262,386.37000376106533,0.23984692515704717,Low,Low-touch retention monitoring,830
C00623,medium,organic,Kolkata,49,female,5,7,45032,38919.61,32338.09,6581.52,16.91,7783.92,2025-06-10,2025-12-18,13,191,75,33,16,16,10,3,4,1,9.55,0.2133,0.2133,0.1333,5,103418.51,0,0.05167261904761904,5.1672619047619035,0,3,2,1,321,6,Needs Attention,Low Risk,6581.52,2326.9213809523803,340.08437571428567,0.23961718635496498,Low,Low-touch retention monitoring,831
C00287,medium,referral,Hyderabad,41,male,4,9,115270,100012.8,77826.20999999999,22186.59,22.18,25003.2,2025-10-26,2025-12-24,7,59,42,21,8,7,6,3,4,1,24.75,0.1905,0.1667,0.1429,2,33561.18,0,0.0241896645021645,2.41896645021645,0,4,2,2,422,8,Recent Customers,Low Risk,22186.59,2788.342627164502,536.6861685470778,0.2394078262158563,Low,Low-touch retention monitoring,832
C00083,high,organic,Pune,23,male,35,64,742920,684933.56,506956.64,177976.92,25.98,19569.53,2025-04-12,2025-12-19,12,251,278,129,70,47,32,3,4,1,50.9,0.2518,0.1691,0.1151,10,74953.04,0,0.004208333333333333,0.4208333333333333,0,3,5,5,355,13,High Value,Low Risk,177976.92,3126.455,748.986205,0.2393224639303296,Low,Low-touch retention monitoring,833
C00802,medium,organic,Ahmedabad,43,female,29,49,225095,202007.69,157151.37,44856.32,22.21,6965.78,2024-04-26,2025-12-20,11,603,321,146,88,53,34,3,4,1,17.55,0.2741,0.1651,0.1059,2,22643.74,0,0.014125,1.4125,0,4,5,3,453,12,Loyal Customers,Low Risk,44856.32,3179.466875,633.59552,0.2392965254408151,Low,Low-touch retention monitoring,834
C00697,high,referral,Pune,57,female,9,16,152734,142044.09,112111.87,29932.219999999987,21.07,15782.68,2025-11-11,2025-12-30,1,49,60,31,18,8,3,3,4,1,67.04,0.3,0.1333,0.05,10,243678.87,0,0.019369949494949495,1.9369949494949497,0,5,2,2,522,9,Recent Customers,Low Risk,29932.219999999987,2958.4498661616162,579.7855896717169,0.2392740779121403,Low,Low-touch retention monitoring,835
C01171,high,organic,Hyderabad,51,male,46,92,694722,637203.1799999999,488908.12,148295.05999999997,23.27,13852.24,2024-10-15,2025-12-25,6,436,441,204,124,64,49,3,4,1,38.51,0.2812,0.1451,0.1111,12,182073.41,0,0.004916666666666667,0.49166666666666675,0,4,5,5,455,14,Champions,Low Risk,148295.05999999997,3415.7165000000005,729.1173783333332,0.23878706502330976,Low,Low-touch retention monitoring,836
C00725,high,ads,Ahmedabad,22,female,77,149,1510336,1382622.7,1055095.18,327527.52,23.69,17956.14,2024-03-11,2025-12-27,4,656,622,315,151,94,62,3,4,1,42.84,0.2428,0.1511,0.0997,18,359167.1,0,0.0022222222222222222,0.2222222222222222,0,5,5,5,555,15,Champions,Low Risk,327527.52,3356.302222222222,727.8389333333333,0.23710771022445185,Low,Low-touch retention monitoring,837
C00783,high,organic,Pune,45,male,21,48,528300,483445.74,374629.57,108816.16999999998,22.51,23021.23,2025-08-28,2025-12-23,8,117,145,64,38,23,20,3,4,1,65.51,0.2621,0.1586,0.1379,8,116700.57,0,0.006168831168831169,0.6168831168831169,0,4,4,4,444,12,Champions,Low Risk,108816.16999999998,3258.9935064935066,671.2685811688311,0.23658566764937858,Low,Low-touch retention monitoring,838
C00518,high,organic,Mumbai,28,female,80,146,1637284,1503641.64,1158607.29,345034.3499999999,22.95,18795.52,2024-03-09,2025-12-19,12,650,679,326,158,107,88,3,4,1,44.92,0.2327,0.1576,0.1296,13,223054.42,0,0.0020833333333333333,0.20833333333333334,0,4,5,5,455,14,Champions,Low Risk,345034.3499999999,3411.008333333333,718.8215624999998,0.23657906491089736,Low,Low-touch retention monitoring,839
C00506,high,organic,Ahmedabad,35,female,22,41,254218,234471.45,171433.25,63038.19999999999,26.89,10657.79,2025-08-04,2025-12-29,2,147,150,82,30,21,17,3,4,1,54.63,0.2,0.14,0.1133,5,125970.18,0,0.00992063492063492,0.992063492063492,0,5,4,3,543,12,Loyal Customers,Low Risk,63038.19999999999,2522.003968253968,625.3789682539681,0.23630774650774358,Low,Low-touch retention monitoring,840
C00252,medium,ads,Pune,46,male,20,40,276248,260047.46,196093.25,63954.21,24.59,13002.37,2024-07-13,2025-12-20,11,525,250,117,69,38,26,3,4,1,13.9,0.276,0.152,0.104,3,15602.1,0,0.00979326923076923,0.979326923076923,0,4,4,3,443,11,Loyal Customers,Low Risk,63954.21,2705.3710384615383,626.3207969711539,0.23628507034342766,Low,Low-touch retention monitoring,841
C01034,medium,referral,Mumbai,42,female,11,22,172251,159167.02,117788.9,41378.11999999998,26.0,14469.73,2025-06-21,2025-12-26,5,188,158,82,41,16,19,3,4,1,21.36,0.2595,0.1013,0.1203,1,10705.52,0,0.014063701923076924,1.4063701923076923,0,4,3,2,432,9,Recent Customers,Low Risk,41378.11999999998,2422.486719951923,581.9295458173075,0.23622212929407357,Low,Low-touch retention monitoring,842
C00810,high,referral,Bhubaneswar,34,female,22,44,309526,282829.8,215723.27,67106.53,23.73,12855.9,2025-07-15,2025-12-20,11,158,186,92,52,29,13,3,4,1,50.82,0.2796,0.1559,0.0699,11,323809.43,0,0.009362847222222222,0.9362847222222223,0,4,4,3,443,11,Loyal Customers,Low Risk,67106.53,2898.0446493055556,628.3081880034722,0.23613995867479448,Low,Low-touch retention monitoring,843
C00544,medium,ads,Kolkata,27,other,4,8,27077,25681.25,18849.78,6831.4699999999975,26.6,6420.31,2025-11-06,2025-12-22,9,46,33,15,8,6,4,3,4,1,31.74,0.2424,0.1818,0.1212,5,21928.94,0,0.047918831168831166,4.791883116883117,0,4,2,1,421,7,Recent Customers,Low Risk,6831.4699999999975,1297.4981915584415,327.35605756493493,0.23600454414259278,Low,Low-touch retention monitoring,844
C00172,high,ads,Bhubaneswar,32,female,31,60,478118,446702.2,348919.94,97782.25999999997,21.89,14409.75,2025-05-06,2025-12-28,3,236,268,135,64,46,23,3,4,1,47.94,0.2388,0.1716,0.0858,10,201134.18,0,0.006666666666666666,0.6666666666666666,0,5,5,4,554,14,Champions,Low Risk,97782.25999999997,3187.453333333333,651.881733333333,0.23583767791805071,Low,Low-touch retention monitoring,845
C00081,medium,organic,Delhi,44,female,17,32,207163,197310.5,153396.65,43913.85,22.26,11606.5,2024-11-04,2025-12-23,8,414,230,101,70,33,26,3,4,1,14.99,0.3043,0.1435,0.113,4,53582.21,0,0.013242216117216116,1.3242216117216117,0,4,3,3,433,10,Recent Customers,Low Risk,43913.85,2743.2972174908423,581.5166922390109,0.2357038953205421,Low,Low-touch retention monitoring,846
C00755,high,ads,Pune,46,male,43,86,744964,687950.01,525571.91,162378.1,23.6,15998.84,2025-04-18,2025-12-30,1,256,277,142,78,35,22,3,4,1,61.31,0.2816,0.1264,0.0794,16,375900.33,0,0.004166666666666667,0.4166666666666667,0,5,5,5,555,15,Champions,Low Risk,162378.1,3104.0166666666664,676.5754166666667,0.23566562361688997,Low,Low-touch retention monitoring,847
C00057,high,referral,Delhi,24,male,9,18,260282,218626.28,196052.39,22573.889999999985,10.33,24291.81,2025-07-23,2025-12-22,9,152,166,78,44,28,16,3,4,1,21.61,0.2651,0.1687,0.0964,13,266305.7,0,0.022032738095238095,2.2032738095238096,0,4,2,3,423,9,Recent Customers,Low Risk,22573.889999999985,5734.725136904762,497.36460616071395,0.23539720708227643,Low,Low-touch retention monitoring,848
C00272,medium,organic,Pune,41,female,3,6,20578,16993.11,13589.35,3403.7599999999998,20.03,5664.37,2025-10-23,2025-12-04,27,42,38,12,15,6,5,3,4,1,26.07,0.3947,0.1579,0.1316,1,1393.92,0,0.06666468253968252,6.666468253968253,0,2,2,1,221,5,Hibernating,Low Risk,3403.7599999999998,1371.825837301587,226.91057984126977,0.2341909156862666,Low,Low-touch retention monitoring,849
C00674,medium,organic,Ahmedabad,35,female,14,26,160585,146072.74,112528.11,33544.63,22.96,10433.77,2025-03-19,2025-12-06,25,262,118,58,25,18,17,3,4,1,19.5,0.2119,0.1525,0.1441,6,105441.01,0,0.015660714285714288,1.5660714285714288,0,3,3,2,332,8,Potential Loyalists,Low Risk,33544.63,2514.875803571429,525.33286625,0.2335270866909352,Low,Low-touch retention monitoring,850
C00033,high,organic,Kolkata,26,male,30,64,593590,552819.59,398144.14,154675.44999999998,27.98,18427.32,2025-04-30,2025-12-20,11,234,246,118,62,39,27,3,4,1,46.79,0.252,0.1585,0.1098,10,185115.37,0,0.004107142857142857,0.4107142857142857,0,4,5,5,455,14,Champions,Low Risk,154675.44999999998,2437.9589285714283,635.274169642857,0.2333803052675646,Low,Low-touch retention monitoring,851
C00441,high,ads,Bangalore,25,female,37,72,763053,714003.27,536395.13,177608.13999999996,24.87,19297.39,2025-01-30,2025-12-22,9,326,336,163,87,53,33,3,4,1,41.43,0.2589,0.1577,0.0982,9,142833.34,0,0.0035833333333333333,0.35833333333333334,0,4,5,5,455,14,Champions,Low Risk,177608.13999999996,2734.27325,636.4291683333332,0.2331308917763915,Low,Low-touch retention monitoring,852
C00515,high,organic,Ahmedabad,22,male,53,104,974320,895635.94,677921.71,217714.22999999995,24.31,16898.79,2024-11-07,2025-12-31,0,419,449,227,109,64,49,3,4,1,46.17,0.2428,0.1425,0.1091,8,74822.35,0,0.0029166666666666664,0.29166666666666663,0,5,5,5,555,15,Champions,Low Risk,217714.22999999995,2841.7666666666664,634.9998374999998,0.23265059397318014,Low,Low-touch retention monitoring,853
C01026,high,ads,Ahmedabad,44,male,35,73,889024,815460.4,639038.72,176421.67999999996,21.63,23298.87,2025-01-24,2025-12-30,1,340,350,177,90,43,40,3,4,1,37.57,0.2571,0.1229,0.1143,10,95442.62,0,0.0035416666666666665,0.35416666666666663,0,5,5,5,555,15,Champions,Low Risk,176421.67999999996,3148.6266666666666,624.8267833333332,0.23244881882646734,Low,Low-touch retention monitoring,854
C00489,medium,referral,Mumbai,40,female,13,25,86895,82250.45999999999,58852.57,23397.89,28.45,6326.96,2024-11-25,2025-10-27,65,336,195,86,59,25,25,3,4,1,14.12,0.3026,0.1282,0.1282,4,10041.26,0,0.02004653159340659,2.004653159340659,0,1,3,2,132,6,Needs Attention,Low Risk,23397.89,1741.9433628090658,469.0465411040521,0.2321129464791447,Low,Low-touch retention monitoring,855
C00679,medium,ads,Pune,32,female,6,14,99254,92205.58,68503.94,23701.640000000003,25.71,15367.6,2025-06-14,2025-11-22,39,161,81,38,23,11,9,3,4,1,13.6,0.284,0.1358,0.1111,5,98771.62,0,0.01980654761904762,1.9806547619047619,0,2,2,2,222,6,Hibernating,Low Risk,23701.640000000003,1965.8790773809524,469.4476613095239,0.23199946761848494,Low,Low-touch retention monitoring,856
C00462,high,ads,Jaipur,48,female,34,66,880219,821353.72,638754.81,182598.91,22.23,24157.46,2025-03-10,2025-12-29,2,294,251,111,65,46,29,3,4,1,42.21,0.259,0.1833,0.1155,13,208393.78,0,0.003333333333333333,0.3333333333333333,0,5,5,5,555,15,Champions,Low Risk,182598.91,2934.063333333333,608.6630333333333,0.23138782455290918,Low,Low-touch retention monitoring,857
C00683,medium,ads,Kolkata,50,female,15,28,161437,146540.41,112621.58,33918.829999999994,23.15,9769.36,2025-02-19,2025-12-18,13,302,179,91,41,35,12,3,4,1,18.13,0.2291,0.1955,0.067,2,10534.88,0,0.014767857142857142,1.4767857142857141,0,3,3,2,332,8,Potential Loyalists,Low Risk,33918.829999999994,2384.0785535714285,500.908435892857,0.23129173391593444,Low,Low-touch retention monitoring,858
C00501,high,ads,Kolkata,27,male,19,39,272186,246043.43,193576.32,52467.10999999999,21.32,12949.65,2025-07-19,2025-12-26,5,160,162,78,43,22,19,3,4,1,43.34,0.2654,0.1358,0.1173,12,119203.17,0,0.010101190476190475,1.0101190476190476,0,4,4,3,443,11,Loyal Customers,Low Risk,52467.10999999999,2749.4026309523806,529.980271845238,0.23050582501382155,Low,Low-touch retention monitoring,859
C00787,high,organic,Bangalore,27,male,32,59,450647,421823.24,321789.08,100034.15999999996,23.71,13181.98,2025-03-27,2025-12-17,14,265,275,132,71,43,29,3,4,1,44.08,0.2582,0.1564,0.1055,8,52464.4,0,0.005699404761904763,0.5699404761904763,0,3,5,4,354,12,High Value,Low Risk,100034.15999999996,2568.419657738096,570.1351678571427,0.23047240272779684,Low,Low-touch retention monitoring,860
C01143,high,referral,Mumbai,26,male,59,119,1485612,1408799.57,1044681.93,364117.64,25.85,23877.96,2024-11-10,2025-12-19,12,404,420,192,111,75,42,3,4,1,53.3,0.2643,0.1786,0.1,8,260047.69,0,0.0016666666666666666,0.16666666666666666,0,3,5,5,355,13,High Value,Low Risk,364117.64,2476.02,606.8627333333333,0.2302820423774741,Low,Low-touch retention monitoring,861
C01097,medium,ads,Ahmedabad,35,female,19,39,334126,314205.74,246751.36,67454.37999999999,21.47,16537.14,2024-10-12,2025-12-16,15,430,205,100,49,31,25,3,4,1,16.13,0.239,0.1512,0.122,3,8210.06,0,0.008077380952380952,0.8077380952380953,0,3,4,3,343,10,Potential Loyalists,Low Risk,67454.37999999999,2698.862988095238,544.8547241666665,0.2302797849318961,Low,Low-touch retention monitoring,862
C00838,high,ads,Mumbai,46,male,26,52,556237,516611.55,394589.3000000001,122022.24999999996,23.62,19869.67,2025-06-22,2025-12-11,20,172,186,89,47,30,20,3,4,1,55.17,0.2527,0.1613,0.1075,11,79326.37,0,0.0046875,0.46875,0,3,4,4,344,11,High Value,Low Risk,122022.24999999996,2607.3609375,571.9792968749998,0.229980570052914,Low,Low-touch retention monitoring,863
C00186,medium,organic,Ahmedabad,32,female,5,11,38541,36353.34,29317.26,7036.079999999996,19.35,7270.67,2025-10-15,2025-12-05,26,51,40,17,13,6,4,3,4,1,35.78,0.325,0.15,0.1,3,84640.36,0,0.04232440476190477,4.232440476190477,0,2,2,1,221,5,Hibernating,Low Risk,7036.079999999996,1631.224883928572,297.79789785714274,0.2292736903398247,Low,Low-touch retention monitoring,864
C00710,high,ads,Pune,28,male,23,45,444934,411778.83,317961.7,93817.13,22.78,17903.43,2025-04-05,2025-12-27,4,266,234,120,60,32,22,3,4,1,31.56,0.2564,0.1368,0.094,12,369764.01,0,0.005803571428571428,0.5803571428571428,0,4,4,4,444,12,Champions,Low Risk,93817.13,2582.2062499999997,544.4744151785713,0.2288905689860223,Low,Low-touch retention monitoring,865
C00495,high,referral,Ahmedabad,18,male,67,132,1372183,1287027.59,940976.22,346051.36999999994,26.89,19209.37,2024-06-19,2025-12-16,15,545,547,279,138,80,50,3,4,1,44.87,0.2523,0.1463,0.0914,11,197953.0,0,0.0016666666666666666,0.16666666666666666,0,3,5,5,355,13,High Value,Low Risk,346051.36999999994,2286.9716666666664,576.7522833333331,0.22846480187137674,Low,Low-touch retention monitoring,866
C00993,high,organic,Bhubaneswar,43,male,62,128,1332870,1204987.43,934261.23,270726.19999999995,22.47,19435.28,2024-06-25,2025-12-22,9,545,532,263,130,91,48,3,4,1,41.52,0.2444,0.1711,0.0902,10,256899.67,0,0.0020833333333333333,0.20833333333333334,0,4,5,5,455,14,Champions,Low Risk,270726.19999999995,2776.8125,564.0129166666666,0.22791725855508144,Low,Low-touch retention monitoring,867
C00216,high,organic,Mumbai,50,male,23,46,438133,393976.97,317021.62,76955.34999999998,19.53,17129.43,2025-07-20,2025-12-19,12,152,163,87,37,21,18,3,4,1,55.23,0.227,0.1288,0.1104,7,155011.58,0,0.006726190476190477,0.6726190476190477,0,3,4,4,344,11,High Value,Low Risk,76955.34999999998,2946.966011904762,517.6163422619046,0.22763807329293304,Low,Low-touch retention monitoring,868
C01107,high,organic,Kolkata,43,male,55,110,1508248,1412808.49,1077984.54,334823.94999999995,23.7,25687.43,2024-10-28,2025-12-11,20,409,458,228,120,64,46,3,4,1,49.08,0.262,0.1397,0.1004,5,177674.32,0,0.0016666666666666666,0.16666666666666666,0,3,5,5,355,13,High Value,Low Risk,334823.94999999995,2513.7466666666664,558.0399166666665,0.22728710825735096,Low,Low-touch retention monitoring,869
C00340,high,referral,Delhi,36,male,22,44,244117,229715.27,169463.24,60252.03,26.23,10441.6,2025-05-28,2025-12-31,0,217,230,113,58,35,24,3,4,1,37.0,0.2522,0.1522,0.1043,13,214067.18,0,0.008263888888888888,0.8263888888888888,0,5,4,3,543,12,Loyal Customers,Low Risk,60252.03,2017.3557638888888,497.91608124999993,0.22717545734980482,Low,Low-touch retention monitoring,870
C01113,high,ads,Ahmedabad,45,female,55,102,1366689,1222505.25,974815.84,247689.40999999992,20.26,22227.37,2024-08-19,2025-12-24,7,492,489,249,123,69,48,3,4,1,40.8,0.2515,0.1411,0.0982,13,265150.04,0,0.0021875,0.21875000000000003,0,4,5,5,455,14,Champions,Low Risk,247689.40999999992,2989.6321875000003,541.8205843749998,0.22654647534911204,Low,Low-touch retention monitoring,871
C00093,high,referral,Hyderabad,32,male,67,132,1179463,1121437.08,843374.04,278063.04,24.8,16737.87,2024-07-08,2025-12-12,19,522,512,267,124,65,56,3,4,1,46.85,0.2422,0.127,0.1094,16,357892.28,0,0.001875,0.1875,0,3,5,5,355,13,High Value,Low Risk,278063.04,2211.493125,521.3681999999999,0.22498519848894705,Low,Low-touch retention monitoring,872
C00577,high,referral,Chennai,29,male,42,88,806279,722305.4299999999,578251.55,144053.88,19.94,17197.75,2025-02-01,2025-12-25,6,327,361,183,93,50,35,3,4,1,46.88,0.2576,0.1385,0.097,8,132058.75,0,0.003392857142857143,0.3392857142857143,0,4,5,5,455,14,Champions,Low Risk,144053.88,2735.5894642857147,488.75423571428576,0.22358987519812593,Low,Low-touch retention monitoring,873
C00114,medium,referral,Kolkata,36,female,11,23,276483,257239.98,201353.57,55886.40999999997,21.73,23385.45,2025-05-18,2025-11-18,43,184,125,56,37,18,14,3,4,1,21.82,0.296,0.144,0.112,1,34294.08,0,0.008057291666666667,0.8057291666666667,0,2,3,3,233,8,Needs Attention,Low Risk,55886.40999999997,2227.704171875,450.29310557291643,0.22346304995862493,Low,Low-touch retention monitoring,874
C00367,high,ads,Pune,29,other,18,36,193317,178695.24,136857.33,41837.90999999999,23.41,9927.51,2025-07-23,2025-12-30,1,160,151,82,35,19,15,3,4,1,41.06,0.2318,0.1258,0.0993,7,176936.38999999998,0,0.010275793650793652,1.0275793650793652,0,5,3,3,533,11,Recent Customers,Low Risk,41837.90999999999,1986.4856011904765,429.91772994047614,0.2231415961154022,Low,Low-touch retention monitoring,875
C00777,high,referral,Jaipur,32,male,33,65,651159,596581.09,452873.2400000001,143707.84999999998,24.09,18078.21,2025-01-24,2025-12-25,6,335,325,158,77,54,36,3,4,1,35.96,0.2369,0.1662,0.1108,20,408849.63,0,0.003333333333333333,0.3333333333333333,0,4,5,5,455,14,Champions,Low Risk,143707.84999999998,2170.5299999999997,479.02616666666654,0.22283650995971493,Low,Low-touch retention monitoring,876
C00874,high,organic,Delhi,31,female,80,167,1655304,1530990.37,1137084.34,393906.03,25.73,19137.38,2024-02-13,2025-12-20,11,676,706,366,180,96,64,3,4,1,43.2,0.255,0.136,0.0907,8,184584.64,0,0.00125,0.125,0,4,5,5,455,14,Champions,Low Risk,393906.03,2069.13,492.38253750000007,0.2225681809512891,Low,Low-touch retention monitoring,877
C00250,medium,organic,Bangalore,47,other,8,16,68176,59676.44,44835.33,14841.11,24.87,7459.55,2025-05-31,2025-11-20,41,173,101,55,25,12,9,3,4,1,16.88,0.2475,0.1188,0.0891,4,38525.85,0,0.02291089466089466,2.291089466089466,0,2,2,2,222,6,Hibernating,Low Risk,14841.11,1561.9731544011543,340.0231078607504,0.2223537259509646,Low,Low-touch retention monitoring,878
C00428,medium,organic,Bangalore,56,female,16,32,537049,502542.34,377524.2,125018.13999999998,24.88,31408.9,2025-01-12,2025-11-13,48,305,181,89,46,25,21,3,4,1,19.15,0.2541,0.1381,0.116,6,117421.09,0,0.00375,0.375,0,2,3,4,234,9,At Risk High Value,Low Risk,125018.13999999998,2013.93375,468.8180249999999,0.22231763362184098,Low,Low-touch retention monitoring,879
C00092,high,ads,Delhi,25,male,56,108,1419682,1317484.37,1013084.07,304400.3,23.1,23526.51,2024-08-12,2025-12-23,8,498,508,253,137,69,49,3,4,1,41.04,0.2697,0.1358,0.0965,9,128853.68,0,0.0015,0.15,0,4,5,5,455,14,Champions,Low Risk,304400.3,2129.523,456.60044999999997,0.2200251368895144,Low,Low-touch retention monitoring,880
C00586,medium,organic,Hyderabad,39,male,33,68,830774,762753.2,574301.66,188451.54,24.71,23113.73,2024-05-08,2025-12-12,19,583,304,146,76,42,40,3,4,1,20.66,0.25,0.1382,0.1316,5,46210.19,0,0.0023739495798319327,0.23739495798319327,0,3,5,5,355,13,High Value,Low Risk,188451.54,1972.215588235294,447.3744542016807,0.21982095966925697,Low,Low-touch retention monitoring,881
C00557,high,organic,Delhi,21,male,60,117,1248612,1155478.83,884343.77,271135.06,23.47,19257.98,2024-12-21,2025-12-25,6,369,424,201,116,70,37,3,4,1,59.35,0.2736,0.1651,0.0873,7,210543.48,0,0.0016666666666666666,0.16666666666666666,0,4,5,5,455,14,Champions,Low Risk,271135.06,2081.02,451.8917666666666,0.21975516172173876,Low,Low-touch retention monitoring,882
C00178,high,organic,Delhi,40,male,60,128,1168665,1097667.97,831930.16,265737.81,24.21,18294.47,2024-10-18,2025-12-31,0,439,485,221,123,90,51,3,4,1,49.89,0.2536,0.1856,0.1052,15,209891.25,0,0.0016666666666666666,0.16666666666666666,0,5,5,5,555,15,Champions,Low Risk,265737.81,1947.7749999999999,442.89635,0.2190375467958743,Low,Low-touch retention monitoring,883
C00011,high,referral,Jaipur,35,female,56,116,896986,841997.79,649118.49,192879.3,22.91,15035.67,2024-08-05,2025-12-19,12,501,522,264,137,69,52,3,4,1,40.8,0.2625,0.1322,0.0996,20,342282.18,0,0.002265625,0.22656249999999997,0,3,5,5,355,13,High Value,Low Risk,192879.3,2032.2339062499998,436.99216406249997,0.2189179628539649,Low,Low-touch retention monitoring,884
C00493,high,ads,Jaipur,38,male,48,99,1071904,977045.77,767665.4400000001,209380.33,21.43,20355.12,2024-09-22,2025-12-22,9,456,489,240,130,69,50,3,4,1,38.42,0.2658,0.1411,0.1022,13,422062.66,0,0.0020833333333333333,0.20833333333333334,0,4,5,5,455,14,Champions,Low Risk,209380.33,2233.133333333333,436.2090208333333,0.21874457327791866,Low,Low-touch retention monitoring,885
C00091,high,ads,Ahmedabad,25,female,80,148,1432085,1310264.67,1017351.12,292913.55,22.36,16378.31,2024-03-24,2025-12-28,3,644,682,352,159,110,61,3,4,1,45.34,0.2331,0.1613,0.0894,14,443551.57,0,0.0015,0.15,0,5,5,5,555,15,Champions,Low Risk,292913.55,2148.1275,439.370325,0.21865228087770008,Low,Low-touch retention monitoring,886
C00897,high,referral,Mumbai,43,male,55,109,1341139,1194323.47,940052.98,254270.48999999996,21.29,21714.97,2024-10-08,2025-12-24,7,442,480,249,121,67,43,3,4,1,45.42,0.2521,0.1396,0.0896,11,74149.91,0,0.0016666666666666666,0.16666666666666666,0,4,5,5,455,14,Champions,Low Risk,254270.48999999996,2235.2316666666666,423.7841499999999,0.2174633241491698,Low,Low-touch retention monitoring,887
C01004,high,ads,Kolkata,54,female,14,34,434411,404471.67,308141.92,96329.75,23.82,28890.83,2025-09-14,2025-12-21,10,98,130,65,32,22,11,3,4,1,52.14,0.2462,0.1692,0.0846,14,170230.43,0,0.004125,0.41250000000000003,0,4,3,4,434,11,High Value,Low Risk,96329.75,1791.945375,397.36021875,0.2166410325657039,Low,Low-touch retention monitoring,888
C01120,high,organic,Kolkata,42,male,84,172,1153246,1055966.23,808027.59,247938.64,23.48,12571.03,2024-05-17,2025-12-31,0,593,605,313,153,84,55,3,4,1,51.7,0.2529,0.1388,0.0909,14,192777.24,0,0.0016666666666666666,0.16666666666666666,0,5,5,5,555,15,Champions,Low Risk,247938.64,1922.0766666666666,413.23106666666666,0.21656345804894997,Low,Low-touch retention monitoring,889
C00614,high,ads,Mumbai,41,other,61,133,1589162,1446321.64,1117433.58,328888.05999999994,22.74,23710.19,2024-06-15,2025-12-27,4,560,543,275,130,82,56,3,4,1,39.76,0.2394,0.151,0.1031,14,294361.46,0,0.00125,0.125,0,5,5,5,555,15,Champions,Low Risk,328888.05999999994,1986.4525,411.11007499999994,0.21612983550613596,Low,Low-touch retention monitoring,890
C00157,high,organic,Mumbai,24,male,56,114,1050633,984283.14,717727.6900000001,266555.45,27.08,17576.48,2024-09-08,2025-12-20,11,468,469,228,128,72,41,3,4,1,43.68,0.2729,0.1535,0.0874,11,175058.22,0,0.0015,0.15,0,4,5,5,455,14,Champions,Low Risk,266555.45,1575.9495,399.83317500000004,0.2152873988070682,Low,Low-touch retention monitoring,891
C00811,high,organic,Mumbai,33,male,88,187,2248790,2093536.19,1614239.51,479296.67999999993,22.89,23790.18,2024-03-03,2025-12-29,2,666,645,301,173,104,67,3,4,1,48.23,0.2682,0.1612,0.1039,16,294355.59,0,0.0008333333333333333,0.08333333333333333,0,5,5,5,555,15,Champions,Low Risk,479296.67999999993,1873.9916666666666,399.4138999999999,0.214849963792429,Low,Low-touch retention monitoring,892
C00572,high,organic,Jaipur,29,male,28,61,538729,480616.18,373776.63,106839.55,22.23,17164.86,2025-05-24,2025-12-27,4,217,213,101,54,31,27,3,4,1,47.1,0.2535,0.1455,0.1268,11,162081.1,0,0.0035416666666666665,0.35416666666666663,0,5,4,4,544,13,Champions,Low Risk,106839.55,1907.9985416666666,378.39007291666667,0.2145457647087863,Low,Low-touch retention monitoring,893
C00230,high,organic,Delhi,35,male,60,117,1070493,985565.71,753886.73,231678.97999999995,23.51,16426.1,2024-07-27,2025-12-14,17,505,524,254,147,69,54,3,4,1,43.37,0.2805,0.1317,0.1031,6,129091.05,0,0.0016666666666666666,0.16666666666666666,0,3,5,5,355,13,High Value,Low Risk,231678.97999999995,1784.155,386.13163333333324,0.2141433086670129,Low,Low-touch retention monitoring,894
C00477,high,organic,Bangalore,31,female,18,37,248771,234454.07,173539.16,60914.91,25.98,13025.23,2025-09-14,2025-12-29,2,106,139,66,37,21,15,3,4,1,61.98,0.2662,0.1511,0.1079,16,387235.83,0,0.005833333333333333,0.5833333333333333,0,5,3,3,533,11,Recent Customers,Low Risk,60914.91,1451.1641666666665,355.336975,0.21367843112819265,Low,Low-touch retention monitoring,895
C00174,high,organic,Mumbai,39,male,68,137,1456459,1310510.67,1017118.44,293392.23,22.39,19272.22,2024-07-15,2025-12-19,12,522,536,259,130,90,57,3,4,1,47.55,0.2425,0.1679,0.1063,11,239465.08,0,0.00125,0.125,0,3,5,5,355,13,High Value,Low Risk,293392.23,1820.57375,366.74028749999997,0.21205518090862413,Low,Low-touch retention monitoring,896
C00329,medium,organic,Bangalore,39,female,13,20,129559,117900.48,82225.83,35674.649999999994,30.26,9069.27,2024-08-19,2025-12-24,7,492,241,123,65,32,21,3,4,1,9.64,0.2697,0.1328,0.0871,8,114433.63,0,0.008749999999999999,0.8749999999999999,0,4,3,2,432,9,Recent Customers,Low Risk,35674.649999999994,1133.64125,312.15318749999994,0.21080754378470493,Low,Low-touch retention monitoring,897
C00354,high,ads,Pune,28,male,39,76,794450,730069.2999999999,568789.55,161279.74999999994,22.09,18719.73,2024-11-04,2025-12-31,0,422,391,221,86,52,32,3,4,1,33.73,0.2199,0.133,0.0818,9,124298.05,0,0.002,0.2,0,5,5,5,555,15,Champions,Low Risk,161279.74999999994,1588.9,322.5594999999999,0.2079268748586993,Low,Low-touch retention monitoring,898
C00675,medium,referral,Jaipur,46,female,14,30,136667,128225.44,93448.77,34776.67,27.12,9158.96,2025-03-30,2025-12-17,14,262,182,89,47,23,23,3,4,1,19.5,0.2582,0.1264,0.1264,3,85872.91,0,0.008328124999999999,0.8328124999999998,0,3,3,2,332,8,Potential Loyalists,Low Risk,34776.67,1138.1798593749998,289.62445484374996,0.20788383097127922,Low,Low-touch retention monitoring,899
C01003,medium,referral,Ahmedabad,42,female,10,19,120174,110922.68,80977.6,29945.079999999994,27.0,11092.27,2025-05-01,2025-12-16,15,229,168,74,50,21,23,3,4,1,15.94,0.2976,0.125,0.1369,2,3677.6,0,0.009473958333333332,0.9473958333333332,0,3,2,2,322,7,Needs Attention,Low Risk,29945.079999999994,1138.52346875,283.69844020833324,0.2078344253329402,Low,Low-touch retention monitoring,900
C00503,medium,ads,Pune,35,male,10,21,278843,262561.74,184306.94,78254.79999999999,29.8,26256.17,2025-05-16,2025-12-25,6,223,130,56,45,16,13,3,4,1,16.37,0.3462,0.1231,0.1,3,66544.74,0,0.0036217948717948718,0.36217948717948717,0,4,2,3,423,9,Recent Customers,Low Risk,78254.79999999999,1009.9121474358974,283.4228333333333,0.20428848304156666,Low,Low-touch retention monitoring,901
C01058,high,organic,Bangalore,42,male,31,60,527019,477056.92,366128.22,110928.7,23.25,15388.93,2025-04-22,2025-12-28,3,250,274,135,76,36,27,3,4,1,45.26,0.2774,0.1314,0.0985,14,303432.19,0,0.0025,0.25,0,5,5,4,554,14,Champions,Low Risk,110928.7,1317.5475000000001,277.32175,0.20283976985159874,Low,Low-touch retention monitoring,902
C01062,high,organic,Ahmedabad,36,other,10,18,163593,151240.26,119433.31,31806.95,21.03,15124.03,2025-11-03,2025-12-29,2,56,72,33,17,15,7,3,4,1,65.18,0.2361,0.2083,0.0972,10,191398.4,0,0.007897727272727273,0.7897727272727273,0,5,2,2,522,9,Recent Customers,Low Risk,31806.95,1292.0128977272727,251.20261647727276,0.20255347906778143,Low,Low-touch retention monitoring,903
C00140,high,ads,Delhi,47,female,17,37,327095,298501.98,226248.77,72253.20999999999,24.21,17558.94,2025-08-02,2025-12-25,6,145,186,95,48,26,17,3,4,1,42.79,0.2581,0.1398,0.0914,12,123245.53,0,0.003666666666666667,0.3666666666666667,0,4,3,3,433,10,Recent Customers,Low Risk,72253.20999999999,1199.3483333333334,264.92843666666664,0.20191043861817567,Low,Low-touch retention monitoring,904
C00313,medium,referral,Chennai,33,female,10,20,127040,112604.39,87218.05,25386.339999999997,22.54,11260.44,2025-03-27,2025-11-22,39,240,166,81,39,26,20,3,4,1,15.21,0.2349,0.1566,0.1205,1,13167.0,0,0.009384672619047619,0.9384672619047619,0,2,2,2,222,6,Hibernating,Low Risk,25386.339999999997,1192.2288095238096,238.2424898958333,0.2015586093730634,Low,Low-touch retention monitoring,905
C00789,medium,organic,Pune,43,female,17,32,320790,301003.15,230117.53,70885.62,23.55,17706.07,2024-12-07,2025-12-28,3,386,205,107,47,28,23,3,4,1,16.08,0.2293,0.1366,0.1122,1,75971.56,0,0.0036011904761904757,0.36011904761904756,0,5,3,3,533,11,Recent Customers,Low Risk,70885.62,1155.2258928571428,255.27261964285708,0.2005481943418148,Low,Low-touch retention monitoring,906
C00624,high,organic,Mumbai,23,male,38,77,818982,761638.2999999999,589173.5800000001,172464.71999999994,22.64,20043.11,2024-12-02,2025-12-30,1,393,382,197,97,50,38,3,4,1,35.29,0.2539,0.1309,0.0995,9,403586.16,0,0.0015,0.15,0,5,5,5,555,15,Champions,Low Risk,172464.71999999994,1228.473,258.6970799999999,0.19976228997034087,Low,Low-touch retention monitoring,907
C00494,high,organic,Jaipur,39,female,35,76,782184,698748.14,551772.87,146975.27000000002,21.03,19964.23,2025-05-20,2025-12-27,4,221,235,109,67,38,21,3,4,1,57.81,0.2851,0.1617,0.0894,11,306396.15,0,0.0016666666666666666,0.16666666666666666,0,5,5,5,555,15,Champions,Low Risk,146975.27000000002,1303.6399999999999,244.95878333333334,0.19791813806579212,Low,Low-touch retention monitoring,908
C00592,high,referral,Jaipur,36,female,13,29,189910,179404.97,135679.9,43725.06999999999,24.37,13800.38,2025-10-01,2025-12-23,8,83,110,53,26,16,15,3,4,1,57.17,0.2364,0.1455,0.1364,8,270514.96,0,0.004890625,0.4890625,0,4,3,3,433,10,Recent Customers,Low Risk,43725.06999999999,928.77859375,213.84292046874995,0.1950144155162954,Low,Low-touch retention monitoring,909
C01010,medium,organic,Chennai,34,female,11,21,115757,108479.07,78710.41,29768.659999999996,27.44,9861.73,2025-01-20,2025-12-28,3,342,169,92,48,22,7,3,4,1,11.74,0.284,0.1302,0.0414,2,8580.28,0,0.006642857142857142,0.6642857142857143,0,5,3,2,532,10,Recent Customers,Low Risk,29768.659999999996,768.9572142857143,197.74895571428567,0.19328055824508766,Low,Low-touch retention monitoring,910
C00244,medium,ads,Bangalore,36,female,18,31,261235,244432.91,182406.14,62026.76999999999,25.38,13579.61,2024-12-21,2025-12-24,7,368,195,96,48,32,19,3,4,1,17.85,0.2462,0.1641,0.0974,6,130429.96,0,0.003345588235294118,0.3345588235294118,0,4,3,3,433,10,Recent Customers,Low Risk,62026.76999999999,873.984742647059,207.5160319852941,0.19301819278404433,Low,Low-touch retention monitoring,911
C01152,high,organic,Ahmedabad,28,female,18,38,455116,429937.46,317113.99,112823.47,26.24,23885.41,2025-06-22,2025-12-25,6,186,191,104,44,25,18,3,4,1,35.32,0.2304,0.1309,0.0942,7,102983.86,0,0.001875,0.1875,0,4,3,4,434,11,High Value,Low Risk,112823.47,853.3425,211.54400625,0.1928202262372693,Low,Low-touch retention monitoring,912
C00229,high,ads,Ahmedabad,54,female,38,72,521746,494135.36,370323.75,123811.61,25.06,13003.56,2025-03-19,2025-12-24,7,280,314,161,71,50,32,3,4,1,49.54,0.2261,0.1592,0.1019,8,85079.74,0,0.0016666666666666666,0.16666666666666666,0,4,5,4,454,13,Champions,Low Risk,123811.61,869.5766666666666,206.35268333333332,0.1918107153565614,Low,Low-touch retention monitoring,913
C00147,high,organic,Bhubaneswar,33,female,34,67,559045,517530.03,395814.75,121715.27999999996,23.52,15221.47,2025-05-14,2025-12-19,12,219,259,129,61,41,28,3,4,1,56.67,0.2355,0.1583,0.1081,7,144504.47999999998,0,0.0016666666666666666,0.16666666666666666,0,3,5,4,354,12,High Value,Low Risk,121715.27999999996,931.7416666666666,202.85879999999992,0.19120286164444267,Low,Low-touch retention monitoring,914
C00646,medium,ads,Bangalore,42,female,11,22,200286,172758.97,134346.2,38412.77,22.23,15705.36,2025-05-01,2025-12-27,4,240,125,64,34,14,13,3,4,1,16.73,0.272,0.112,0.104,3,13161.64,0,0.004892857142857143,0.4892857142857143,0,4,3,3,433,10,Recent Customers,Low Risk,38412.77,979.9707857142857,187.94819607142858,0.19042169754728913,Low,Low-touch retention monitoring,915
C00111,high,organic,Delhi,34,female,30,59,529380,474690.32,364178.96,110511.36,23.28,15823.01,2025-02-27,2025-12-27,4,303,306,166,61,44,35,3,4,1,36.14,0.1993,0.1438,0.1144,16,290101.34,0,0.0017857142857142857,0.17857142857142858,0,5,5,4,554,14,Champions,Low Risk,110511.36,945.3214285714286,197.3417142857143,0.1902929043283856,Low,Low-touch retention monitoring,916
C00523,medium,ads,Bangalore,37,female,10,22,109689,103484.88,76369.85,27115.03,26.2,10348.49,2025-02-23,2025-12-04,27,284,134,69,30,18,17,3,4,1,12.85,0.2239,0.1343,0.1269,4,122572.9,0,0.006428571428571429,0.6428571428571429,0,2,2,2,222,6,Hibernating,Low Risk,27115.03,705.1435714285715,174.31090714285716,0.1886635498929943,Low,Low-touch retention monitoring,917
C00231,high,organic,Delhi,26,female,64,121,965654,887812.22,689944.59,197867.63,22.29,13872.07,2024-07-16,2025-12-26,5,528,513,272,120,67,54,3,4,1,44.24,0.2339,0.1306,0.1053,12,121889.48,0,0.0009375,0.09375,0,4,5,5,455,14,Champions,Low Risk,197867.63,905.300625,185.500903125,0.187582160622758,Low,Low-touch retention monitoring,918
C00507,high,organic,Chennai,18,female,37,77,577473,546349.66,403363.59,142986.07,26.17,14766.21,2025-03-11,2025-12-22,9,286,353,177,84,53,39,3,4,1,47.22,0.238,0.1501,0.1105,8,114281.26,0,0.00125,0.125,0,4,5,5,455,14,Champions,Low Risk,142986.07,721.8412500000001,178.73258750000002,0.18644739881368852,Low,Low-touch retention monitoring,919
C00291,medium,referral,Pune,30,female,13,32,352729,321818.57,247040.57,74777.99999999999,23.24,24755.27,2025-03-07,2025-11-30,31,268,151,80,37,19,15,3,4,1,17.71,0.245,0.1258,0.0993,6,173416.71,0,0.002265625,0.22656249999999997,0,2,3,4,234,9,At Risk High Value,Low Risk,74777.99999999999,799.1516406249999,169.41890624999996,0.18515344729783803,Low,Low-touch retention monitoring,920
C00820,medium,ads,Pune,38,female,16,29,205041,196606.56,139552.38,57054.17999999999,29.02,12287.91,2025-01-11,2025-12-23,8,346,155,75,36,28,16,3,4,1,16.88,0.2323,0.1806,0.1032,1,16467.92,0,0.002720588235294118,0.2720588235294118,0,4,3,3,433,10,Recent Customers,Low Risk,57054.17999999999,557.8321323529412,155.22093088235295,0.18231487754610948,Low,Low-touch retention monitoring,921
C00740,high,organic,Hyderabad,36,male,39,70,581713,538510.9,422421.27,116089.63,21.56,13807.97,2025-02-17,2025-12-26,5,312,307,141,93,41,32,3,4,1,45.63,0.3029,0.1336,0.1042,6,53678.39,0,0.00125,0.125,0,4,5,5,455,14,Champions,Low Risk,116089.63,727.14125,145.1120375,0.17903961943161337,Low,Low-touch retention monitoring,922
C00396,high,referral,Bangalore,40,male,45,90,906778,813821.72,647327.39,166494.33,20.46,18084.93,2025-04-19,2025-12-27,4,252,258,126,68,36,28,3,4,1,65.18,0.2636,0.1395,0.1085,12,192661.24,0,0.0008333333333333333,0.08333333333333333,0,5,5,5,555,15,Champions,Low Risk,166494.33,755.6483333333333,138.745275,0.177195992616961,Low,Low-touch retention monitoring,923
C00754,medium,ads,Pune,29,female,24,47,421663,394046.08,281329.01,112717.07,28.61,16418.59,2024-05-05,2025-11-07,54,551,285,147,65,37,36,3,4,1,15.9,0.2281,0.1298,0.1263,6,131997.87,0,0.0011363636363636363,0.11363636363636363,0,2,4,4,244,10,At Risk High Value,Low Risk,112717.07,479.16249999999997,128.08757954545456,0.1745401917059901,Low,Low-touch retention monitoring,924
C00411,high,referral,Delhi,31,female,49,90,986739,930351.37,703141.1900000001,227210.18,24.42,18986.76,2024-11-02,2025-12-27,4,420,410,201,102,72,35,3,4,1,42.58,0.2488,0.1756,0.0854,13,252367.86,0,0.000390625,0.0390625,0,5,5,5,555,15,Champions,Low Risk,227210.18,385.44492187500003,88.7539765625,0.1610933638993085,Low,Low-touch retention monitoring,925
C00640,high,referral,Jaipur,21,female,63,125,1011447,949347.76,731088.99,218258.77,22.99,15069.01,2024-06-25,2025-12-29,2,552,512,255,133,80,44,3,4,1,41.66,0.2598,0.1563,0.0859,12,170076.27,0,0.000390625,0.0390625,0,5,5,5,555,15,Champions,Low Risk,218258.77,395.09648437500005,85.25733203125,0.15967197306033606,Low,Low-touch retention monitoring,926
C00377,high,referral,Delhi,36,female,47,97,778177,730765.9,561226.76,169539.13999999998,23.2,15548.21,2025-01-20,2025-12-14,17,328,365,184,93,55,33,3,4,1,52.3,0.2548,0.1507,0.0904,10,219939.0,0,0.000390625,0.0390625,0,3,5,5,355,13,High Value,Low Risk,169539.13999999998,303.975390625,66.2262265625,0.15075559885649847,Low,Low-touch retention monitoring,927
C01064,medium,referral,Ahmedabad,43,female,11,23,181590,171786.04,122865.74,48920.3,28.48,15616.91,2025-07-02,2025-12-24,7,175,119,56,33,19,11,3,4,1,22.94,0.2773,0.1597,0.0924,4,138278.63999999998,0,0.001015625,0.1015625,0,4,3,2,432,9,Recent Customers,Low Risk,48920.3,184.42734375,49.68467968750001,0.14102780961850847,Low,Low-touch retention monitoring,928
C00579,medium,referral,Bangalore,41,female,10,17,78749,74958.52,54669.49,20289.03,27.07,7495.85,2025-05-18,2025-12-28,3,224,103,50,21,18,14,3,4,1,16.29,0.2039,0.1748,0.1359,7,189548.56,0,0.0020572916666666665,0.20572916666666666,0,5,3,2,532,10,Recent Customers,Low Risk,20289.03,162.0096614583333,41.74045234374999,0.13555486556449542,Low,Low-touch retention monitoring,929
C00007,high,ads,Bhubaneswar,27,female,105,217,2585990,2347321.23,1855999.01,491322.2199999999,20.93,22355.44,2024-01-21,2025-12-31,0,710,727,380,167,110,70,3,4,1,53.98,0.2297,0.1513,0.0963,19,465523.65,0,0.0,0.0,0,5,5,5,555,15,Champions,Low Risk,491322.2199999999,0.0,0.0,0.0,Low,Low-touch retention monitoring,930
C00099,high,organic,Delhi,42,male,79,166,2245158,2085638.3,1587658.29,497980.01,23.88,26400.48,2024-03-09,2025-12-29,2,660,650,321,167,94,68,3,4,1,43.69,0.2569,0.1446,0.1046,7,252326.32,0,0.0,0.0,0,5,5,5,555,15,Champions,Low Risk,497980.01,0.0,0.0,0.0,Low,Low-touch retention monitoring,931
C00816,high,ads,Ahmedabad,36,male,89,173,1987403,1823238.86,1430342.83,392896.0299999999,21.55,20485.83,2024-04-25,2025-12-28,3,612,623,306,157,98,62,3,4,1,53.08,0.252,0.1573,0.0995,13,387526.96,0,0.0,0.0,0,5,5,5,555,15,Champions,Low Risk,392896.0299999999,0.0,0.0,0.0,Low,Low-touch retention monitoring,932
C00526,high,ads,Bhubaneswar,31,male,72,151,1926295,1785754.36,1354086.4,431667.96,24.17,24802.14,2024-07-16,2025-12-19,12,521,554,267,147,76,64,3,4,1,50.44,0.2653,0.1372,0.1155,11,137862.24,0,0.0,0.0,0,4,5,5,455,14,Champions,Low Risk,431667.96,0.0,0.0,0.0,Low,Low-touch retention monitoring,933
C00315,high,organic,Jaipur,52,female,79,156,1754525,1619273.4,1261320.48,357952.92,22.11,20497.13,2024-03-06,2025-12-28,3,662,641,302,170,102,67,3,4,1,43.56,0.2652,0.1591,0.1045,14,275959.2,0,0.0,0.0,0,5,5,5,555,15,Champions,Low Risk,357952.92,0.0,0.0,0.0,Low,Low-touch retention monitoring,934
C00034,high,organic,Jaipur,27,male,68,142,1649204,1506282.85,1156841.93,349440.9199999999,23.2,22151.22,2024-03-05,2025-12-25,6,660,653,340,159,92,62,3,4,1,37.61,0.2435,0.1409,0.0949,9,294393.75,0,0.0,0.0,0,4,5,5,455,14,Champions,Low Risk,349440.9199999999,0.0,0.0,0.0,Low,Low-touch retention monitoring,935
C00389,high,organic,Ahmedabad,21,female,86,164,1534281,1373812.19,1059980.9,313831.29,22.84,15974.56,2024-02-11,2025-12-25,6,683,686,344,158,120,64,3,4,1,45.96,0.2303,0.1749,0.0933,4,48795.56,0,0.0,0.0,0,4,5,5,455,14,Champions,Low Risk,313831.29,0.0,0.0,0.0,Low,Low-touch retention monitoring,936
C00048,high,organic,Delhi,36,male,76,148,1460807,1353317.27,1037710.01,315607.25999999995,23.32,17806.81,2024-02-01,2025-12-22,9,690,671,330,169,101,71,3,4,1,40.2,0.2519,0.1505,0.1058,12,191660.0,0,0.0,0.0,0,4,5,5,455,14,Champions,Low Risk,315607.25999999995,0.0,0.0,0.0,Low,Low-touch retention monitoring,937
C00945,high,ads,Bangalore,40,male,63,119,1454630,1371803.23,1062258.3,309544.93,22.56,21774.65,2024-05-20,2025-12-22,9,581,578,287,134,90,67,3,4,1,39.58,0.2318,0.1557,0.1159,11,175222.8,0,0.0,0.0,0,4,5,5,455,14,Champions,Low Risk,309544.93,0.0,0.0,0.0,Low,Low-touch retention monitoring,938
C00595,high,organic,Delhi,48,other,67,131,1453829,1314890.07,1037482.98,277407.0899999999,21.1,19625.22,2024-08-12,2025-12-30,1,505,503,248,120,79,56,3,4,1,48.43,0.2386,0.1571,0.1113,8,232253.55,0,0.0,0.0,0,5,5,5,555,15,Champions,Low Risk,277407.0899999999,0.0,0.0,0.0,Low,Low-touch retention monitoring,939
C00702,high,organic,Bangalore,34,female,73,137,1387824,1284113.41,983792.24,300321.17,23.39,17590.59,2024-06-26,2025-12-28,3,550,593,301,138,79,75,3,4,1,48.45,0.2327,0.1332,0.1265,10,179038.03,0,0.0,0.0,0,5,5,5,555,15,Champions,Low Risk,300321.17,0.0,0.0,0.0,Low,Low-touch retention monitoring,940
C00857,high,ads,Bhubaneswar,35,female,83,170,1385444,1273558.35,962823.26,310735.09,24.4,15344.08,2024-04-22,2025-12-19,12,606,634,292,174,105,63,3,4,1,49.99,0.2744,0.1656,0.0994,17,217553.99,0,0.0,0.0,0,3,5,5,355,13,High Value,Low Risk,310735.09,0.0,0.0,0.0,Low,Low-touch retention monitoring,941
C00896,high,organic,Kolkata,44,female,76,146,1348458,1241472.66,957775.3,283697.3599999999,22.85,16335.17,2024-02-11,2025-12-28,3,686,653,332,167,98,56,3,4,1,40.44,0.2557,0.1501,0.0858,7,108267.22,0,0.0,0.0,0,5,5,5,555,15,Champions,Low Risk,283697.3599999999,0.0,0.0,0.0,Low,Low-touch retention monitoring,942
C00448,high,ads,Pune,35,female,65,132,1333202,1187990.62,923129.7,264860.9199999999,22.29,18276.78,2024-05-01,2025-12-31,0,609,610,315,149,87,59,3,4,1,38.96,0.2443,0.1426,0.0967,10,58306.55,0,0.0,0.0,0,5,5,5,555,15,Champions,Low Risk,264860.9199999999,0.0,0.0,0.0,Low,Low-touch retention monitoring,943
C00064,high,ads,Pune,22,male,76,145,1301747,1191019.87,936976.42,254043.44999999995,21.33,15671.31,2024-02-08,2025-12-18,13,679,678,339,174,107,58,3,4,1,40.85,0.2566,0.1578,0.0855,7,93179.12,0,0.0,0.0,0,3,5,5,355,13,High Value,Low Risk,254043.44999999995,0.0,0.0,0.0,Low,Low-touch retention monitoring,944
C00414,high,referral,Bhubaneswar,37,male,73,132,1295040,1210540.2,928250.75,282289.44999999995,23.32,16582.74,2024-03-01,2025-12-25,6,664,661,331,175,90,65,3,4,1,40.13,0.2648,0.1362,0.0983,10,413573.44,0,0.0,0.0,0,4,5,5,455,14,Champions,Low Risk,282289.44999999995,0.0,0.0,0.0,Low,Low-touch retention monitoring,945
C00508,high,organic,Bhubaneswar,43,female,61,119,1246911,1149701.02,878957.0900000001,270743.93,23.55,18847.56,2024-06-22,2025-12-31,0,557,485,236,112,78,59,3,4,1,39.97,0.2309,0.1608,0.1216,19,386391.29,0,0.0,0.0,0,5,5,5,555,15,Champions,Low Risk,270743.93,0.0,0.0,0.0,Low,Low-touch retention monitoring,946
C00320,high,ads,Bangalore,38,male,74,151,1201718,1099326.92,847699.66,251627.26,22.89,14855.77,2024-01-24,2025-12-31,0,707,712,360,178,105,69,3,4,1,38.2,0.25,0.1475,0.0969,5,163316.18,0,0.0,0.0,0,5,5,5,555,15,Champions,Low Risk,251627.26,0.0,0.0,0.0,Low,Low-touch retention monitoring,947
C00978,high,referral,Jaipur,30,male,64,134,1158465,1047158.86,816667.0700000001,230491.78999999995,22.01,16361.86,2024-05-31,2025-12-21,10,569,554,272,144,74,64,3,4,1,41.05,0.2599,0.1336,0.1155,9,204867.66,0,0.0,0.0,0,4,5,5,455,14,Champions,Low Risk,230491.78999999995,0.0,0.0,0.0,Low,Low-touch retention monitoring,948
C00235,high,ads,Ahmedabad,42,male,52,101,1150302,1064023.62,827465.12,236558.4999999999,22.23,20461.99,2024-10-11,2025-12-24,7,439,458,221,126,67,44,3,4,1,43.23,0.2751,0.1463,0.0961,17,250122.93,0,0.0,0.0,0,4,5,5,455,14,Champions,Low Risk,236558.4999999999,0.0,0.0,0.0,Low,Low-touch retention monitoring,949
C00471,high,referral,Jaipur,35,male,60,110,1146618,1031737.62,804812.28,226925.34,21.99,17195.63,2024-07-22,2025-12-27,4,523,556,286,140,74,56,3,4,1,41.87,0.2518,0.1331,0.1007,12,249982.71,0,0.0,0.0,0,5,5,5,555,15,Champions,Low Risk,226925.34,0.0,0.0,0.0,Low,Low-touch retention monitoring,950
C00349,high,referral,Ahmedabad,32,male,66,130,1140457,1054488.6,797216.64,257271.96,24.4,15977.1,2024-05-05,2025-12-24,7,598,593,300,148,87,58,3,4,1,40.28,0.2496,0.1467,0.0978,9,72582.84,0,0.0,0.0,0,4,5,5,455,14,Champions,Low Risk,257271.96,0.0,0.0,0.0,Low,Low-touch retention monitoring,951
C01094,high,ads,Ahmedabad,33,female,63,121,1122354,1051572.99,782831.9400000001,268741.05,25.56,16691.63,2024-04-08,2025-12-29,2,630,596,311,146,79,60,3,4,1,36.5,0.245,0.1326,0.1007,11,142991.21,0,0.0,0.0,0,5,5,5,555,15,Champions,Low Risk,268741.05,0.0,0.0,0.0,Low,Low-touch retention monitoring,952
C00626,high,organic,Jaipur,36,male,44,95,1065652,1017627.66,770563.1,247064.56,24.28,23127.9,2024-11-10,2025-12-24,7,409,405,194,108,58,45,3,4,1,39.27,0.2667,0.1432,0.1111,11,278380.63,0,0.0,0.0,0,4,5,5,455,14,Champions,Low Risk,247064.56,0.0,0.0,0.0,Low,Low-touch retention monitoring,953
C00327,high,ads,Kolkata,33,male,52,103,1051961,972075.08,764498.78,207576.3,21.35,18693.75,2024-10-11,2025-12-27,4,442,443,212,111,75,45,3,4,1,42.94,0.2506,0.1693,0.1016,10,113568.71,0,0.0,0.0,0,5,5,5,555,15,Champions,Low Risk,207576.3,0.0,0.0,0.0,Low,Low-touch retention monitoring,954
C00633,high,ads,Bhubaneswar,31,male,62,123,990698,897637.59,676511.32,221126.27,24.63,14478.03,2024-06-27,2025-12-30,1,551,550,288,117,79,66,3,4,1,41.07,0.2127,0.1436,0.12,10,154593.19,0,0.0,0.0,0,5,5,5,555,15,Champions,Low Risk,221126.27,0.0,0.0,0.0,Low,Low-touch retention monitoring,955
C00551,high,organic,Bhubaneswar,37,female,52,104,982854,919244.23,698003.69,221240.54,24.07,17677.77,2024-10-05,2025-12-23,8,444,449,214,109,70,56,3,4,1,42.75,0.2428,0.1559,0.1247,10,172189.68,0,0.0,0.0,0,4,5,5,455,14,Champions,Low Risk,221240.54,0.0,0.0,0.0,Low,Low-touch retention monitoring,956
C00187,high,organic,Kolkata,33,male,45,87,944849,869957.9199999999,661299.3,208658.62,23.98,19332.4,2024-11-19,2025-12-26,5,402,435,236,97,61,41,3,4,1,40.86,0.223,0.1402,0.0943,12,186422.19,0,0.0,0.0,0,4,5,5,455,14,Champions,Low Risk,208658.62,0.0,0.0,0.0,Low,Low-touch retention monitoring,957
C00850,high,ads,Pune,27,male,58,103,916865,835568.15,648071.67,187496.47999999995,22.44,14406.35,2024-09-06,2025-12-25,6,475,510,239,137,75,59,3,4,1,44.57,0.2686,0.1471,0.1157,12,205947.24,0,0.0,0.0,0,4,5,5,455,14,Champions,Low Risk,187496.47999999995,0.0,0.0,0.0,Low,Low-touch retention monitoring,958
C01199,high,organic,Bhubaneswar,34,female,40,91,758301,716659.63,551275.83,165383.8,23.08,17916.49,2025-03-04,2025-12-23,8,294,318,140,93,53,32,3,4,1,49.66,0.2925,0.1667,0.1006,10,101665.81,0,0.0,0.0,0,4,5,5,455,14,Champions,Low Risk,165383.8,0.0,0.0,0.0,Low,Low-touch retention monitoring,959
C00531,high,ads,Delhi,26,female,37,69,748134,708662.36,520984.45,187677.91,26.48,19153.04,2025-02-18,2025-12-27,4,312,334,162,84,53,35,3,4,1,43.29,0.2515,0.1587,0.1048,10,72655.12,0,0.0,0.0,0,5,5,5,555,15,Champions,Low Risk,187677.91,0.0,0.0,0.0,Low,Low-touch retention monitoring,960
C00215,high,ads,Bangalore,30,female,55,105,721224,667689.16,507273.68,160415.47999999998,24.03,12139.8,2024-08-09,2025-12-30,1,508,454,222,106,81,45,3,4,1,39.52,0.2335,0.1784,0.0991,7,184906.06,0,0.0,0.0,0,5,5,5,555,15,Champions,Low Risk,160415.47999999998,0.0,0.0,0.0,Low,Low-touch retention monitoring,961
C00718,high,organic,Hyderabad,34,female,37,77,655532,618678.4199999999,469483.74,149194.67999999996,24.12,16721.04,2025-03-27,2025-12-27,4,275,311,168,69,43,31,3,4,1,49.11,0.2219,0.1383,0.0997,17,256008.2,0,0.0,0.0,0,5,5,5,555,15,Champions,Low Risk,149194.67999999996,0.0,0.0,0.0,Low,Low-touch retention monitoring,962
C00136,high,organic,Delhi,26,female,35,72,582708,534134.6,413990.2,120144.4,22.49,15260.99,2025-02-05,2025-12-27,4,325,326,174,81,41,30,3,4,1,39.31,0.2485,0.1258,0.092,9,114822.71,0,0.0,0.0,0,5,5,5,555,15,Champions,Low Risk,120144.4,0.0,0.0,0.0,Low,Low-touch retention monitoring,963
C00542,high,organic,Ahmedabad,48,female,20,40,581428,543310.01,411228.21,132081.80000000002,24.31,27165.5,2025-07-14,2025-12-30,1,169,178,81,51,27,19,3,4,1,43.2,0.2865,0.1517,0.1067,14,254877.25,0,0.0,0.0,0,5,4,5,545,14,Champions,Low Risk,132081.80000000002,0.0,0.0,0.0,Low,Low-touch retention monitoring,964
C00568,high,referral,Ahmedabad,41,male,26,51,545504,503937.36,380524.09,123413.27,24.49,19382.21,2025-03-31,2025-12-26,5,270,287,144,75,42,26,3,4,1,35.15,0.2613,0.1463,0.0906,12,185586.76,0,0.0,0.0,0,4,4,4,444,12,Champions,Low Risk,123413.27,0.0,0.0,0.0,Low,Low-touch retention monitoring,965
C01216,high,ads,Kolkata,44,female,39,76,512672,469630.96,354162.5,115468.46,24.59,12041.82,2024-09-20,2025-12-24,7,460,441,224,104,60,53,3,4,1,30.95,0.2358,0.1361,0.1202,10,62230.56,0,0.0,0.0,0,4,5,4,454,13,Champions,Low Risk,115468.46,0.0,0.0,0.0,Low,Low-touch retention monitoring,966
C00822,medium,organic,Jaipur,40,female,13,28,210225,193233.47,145995.48,47237.99,24.45,14864.11,2025-01-14,2025-12-25,6,345,150,71,43,20,16,3,4,1,13.75,0.2867,0.1333,0.1067,2,4845.639999999999,0,0.0,0.0,0,4,3,3,433,10,Recent Customers,Low Risk,47237.99,0.0,0.0,0.0,Low,Low-touch retention monitoring,967
