customer_id,customer_segment,acquisition_channel,location,age,gender,total_orders,total_units,total_revenue,net_revenue,total_cost,gross_profit,gross_margin_percentage,average_order_value,first_purchase_date,last_purchase_date,recency_days,customer_lifespan_days,total_interactions,views,clicks,add_to_carts,email_opens,channels_used,interaction_types_used,has_interaction_history,annualized_order_frequency,click_rate,add_to_cart_rate,email_open_share,future_orders,future_revenue,churned
C00007,high,ads,Bhubaneswar,27,female,105,217,2585990,2347321.23,1855999.01,491322.2199999999,20.93,22355.44,2024-01-21,2025-12-31,0,710,727,380,167,110,70,3,4,1,53.98,0.2297,0.1513,0.0963,19,465523.65,0
C00811,high,organic,Mumbai,33,male,88,187,2248790,2093536.19,1614239.51,479296.67999999993,22.89,23790.18,2024-03-03,2025-12-29,2,666,645,301,173,104,67,3,4,1,48.23,0.2682,0.1612,0.1039,16,294355.59,0
C00099,high,organic,Delhi,42,male,79,166,2245158,2085638.3,1587658.29,497980.01,23.88,26400.48,2024-03-09,2025-12-29,2,660,650,321,167,94,68,3,4,1,43.69,0.2569,0.1446,0.1046,7,252326.31999999998,0
C00096,high,referral,Mumbai,36,other,93,189,2204099,2025062.95,1555988.38,469074.57,23.16,21774.87,2024-02-23,2025-12-28,3,674,700,352,163,110,75,3,4,1,50.36,0.2329,0.1571,0.1071,11,293446.15,0
C01204,high,organic,Ahmedabad,42,female,84,177,2030074,1873691.9,1438079.19,435612.7099999999,23.25,22305.86,2024-02-02,2025-12-28,3,695,697,347,187,102,61,3,4,1,44.12,0.2683,0.1463,0.0875,11,328545.37,0
C00816,high,ads,Ahmedabad,36,male,89,173,1987403,1823238.8599999999,1430342.83,392896.0299999999,21.55,20485.83,2024-04-25,2025-12-28,3,612,623,306,157,98,62,3,4,1,53.08,0.252,0.1573,0.0995,13,387526.95999999996,0
C00526,high,ads,Bhubaneswar,31,male,72,151,1926295,1785754.3599999999,1354086.4,431667.95999999996,24.17,24802.14,2024-07-16,2025-12-19,12,521,554,267,147,76,64,3,4,1,50.44,0.2653,0.1372,0.1155,11,137862.24,0
C00275,high,ads,Jaipur,53,male,67,136,1835481,1658547.03,1318969.82,339577.20999999996,20.47,24754.43,2024-06-17,2025-12-31,0,562,556,299,131,69,57,3,4,1,43.51,0.2356,0.1241,0.1025,15,148728.31,0
C00870,high,organic,Mumbai,33,female,91,194,1812649,1677755.64,1285565.8,392189.83999999997,23.38,18436.88,2024-03-01,2025-12-30,1,669,663,338,159,99,67,3,4,1,49.65,0.2398,0.1493,0.1011,6,46962.6,0
C00315,high,organic,Jaipur,52,female,79,156,1754525,1619273.4,1261320.48,357952.92,22.11,20497.13,2024-03-06,2025-12-28,3,662,641,302,170,102,67,3,4,1,43.56,0.2652,0.1591,0.1045,14,275959.2,0
C00906,high,organic,Mumbai,51,female,83,176,1750875,1609508.32,1268234.1400000001,341274.17999999993,21.2,19391.67,2024-02-04,2025-12-19,12,684,713,335,191,117,70,3,4,1,44.29,0.2679,0.1641,0.0982,7,50567.159999999996,0
C00956,high,organic,Bhubaneswar,24,male,89,188,1714602,1589550.59,1206719.03,382831.55999999994,24.08,17860.12,2024-01-12,2025-12-28,3,716,754,372,213,88,81,3,4,1,45.37,0.2825,0.1167,0.1074,7,29435.609999999997,0
C00899,high,ads,Hyderabad,34,female,84,166,1709267,1559158.56,1190742.08,368416.48,23.63,18561.41,2024-03-31,2025-12-25,6,634,627,317,169,88,53,3,4,1,48.36,0.2695,0.1404,0.0845,11,291526.36,0
C00561,high,organic,Delhi,40,female,68,138,1688299,1569528.8499999999,1215885.87,353642.98,22.53,23081.31,2024-06-25,2025-12-23,8,546,586,301,152,88,45,3,4,1,45.46,0.2594,0.1502,0.0768,11,190500.43,0
C00599,high,organic,Pune,22,male,97,182,1683689,1550251.3,1193790.1300000001,356461.1699999999,22.99,15981.97,2024-01-19,2025-12-28,3,709,730,386,184,104,56,3,4,1,49.94,0.2521,0.1425,0.0767,13,108115.81,0
C00874,high,organic,Delhi,31,female,80,167,1655304,1530990.37,1137084.34,393906.02999999997,25.73,19137.38,2024-02-13,2025-12-20,11,676,706,366,180,96,64,3,4,1,43.2,0.255,0.136,0.0907,8,184584.63999999998,0
C00034,high,organic,Jaipur,27,male,68,142,1649204,1506282.85,1156841.93,349440.9199999999,23.2,22151.22,2024-03-05,2025-12-25,6,660,653,340,159,92,62,3,4,1,37.61,0.2435,0.1409,0.0949,9,294393.75,0
C00518,high,organic,Mumbai,28,female,80,146,1637284,1503641.64,1158607.29,345034.3499999999,22.95,18795.52,2024-03-09,2025-12-19,12,650,679,326,158,107,88,3,4,1,44.92,0.2327,0.1576,0.1296,13,223054.41999999998,0
C00913,high,ads,Jaipur,29,male,73,153,1634827,1501316.59,1164486.3,336830.29,22.44,20565.98,2024-04-29,2025-12-19,12,599,565,260,132,110,63,3,4,1,44.48,0.2336,0.1947,0.1115,8,40813.159999999996,0
C00117,high,referral,Mumbai,46,female,75,161,1602819,1462466.33,1154571.93,307894.39999999997,21.05,19499.55,2024-02-05,2025-12-22,9,686,644,325,147,108,64,3,4,1,39.91,0.2283,0.1677,0.0994,9,73106.25,0
C00883,high,organic,Jaipur,39,male,88,163,1600041,1465097.07,1171738.57,293358.49999999994,20.02,16648.83,2024-01-27,2025-12-14,17,687,681,335,178,94,74,3,4,1,46.75,0.2614,0.138,0.1087,12,233017.35,0
C01100,high,ads,Mumbai,64,male,96,186,1591139,1494471.41,1124665.18,369806.2299999999,24.74,15567.41,2024-01-15,2025-12-30,1,715,717,359,180,98,80,3,4,1,49.01,0.251,0.1367,0.1116,10,74763.5,0
C00614,high,ads,Mumbai,41,other,61,133,1589162,1446321.64,1117433.58,328888.05999999994,22.74,23710.19,2024-06-15,2025-12-27,4,560,543,275,130,82,56,3,4,1,39.76,0.2394,0.151,0.1031,14,294361.46,0
C00582,high,organic,Chennai,40,female,88,170,1584511,1446791.6099999999,1134804.56,311987.05,21.56,16440.81,2024-05-30,2025-12-30,1,579,609,295,144,111,59,3,4,1,55.47,0.2365,0.1823,0.0969,13,187621.19,0
C01110,high,organic,Hyderabad,37,female,59,122,1583517,1437408.27,1167186.24,270222.02999999997,18.8,24362.85,2024-08-09,2025-12-31,0,509,488,240,128,70,50,3,4,1,42.31,0.2623,0.1434,0.1025,9,112085.12,0
C00357,high,organic,Bhubaneswar,55,female,61,123,1579968,1483576.9,1133945.22,349631.67999999993,23.57,24320.93,2024-04-16,2025-12-23,8,616,576,294,153,81,48,3,4,1,36.14,0.2656,0.1406,0.0833,13,207492.86,0
C00814,high,referral,Delhi,28,female,53,103,1572434,1458473.21,1114836.81,343636.39999999997,23.56,27518.36,2024-05-06,2025-12-30,1,603,565,263,142,89,71,3,4,1,32.08,0.2513,0.1575,0.1257,12,364583.74,0
C00350,high,ads,Pune,39,female,80,162,1560309,1476823.0799999998,1103418.29,373404.7899999999,25.28,18460.29,2024-02-06,2025-11-26,35,659,712,386,175,93,58,3,4,1,44.31,0.2458,0.1306,0.0815,13,199083.56,0
C00763,high,ads,Jaipur,41,female,85,161,1541978,1406727.42,1086475.24,320252.17999999993,22.77,16549.73,2024-02-03,2025-12-06,25,672,662,313,174,112,63,3,4,1,46.17,0.2628,0.1692,0.0952,11,400826.27999999997,0
C00389,high,organic,Ahmedabad,21,female,86,164,1534281,1373812.19,1059980.9,313831.29,22.84,15974.56,2024-02-11,2025-12-25,6,683,686,344,158,120,64,3,4,1,45.96,0.2303,0.1749,0.0933,4,48795.56,0
C01046,high,ads,Jaipur,48,female,66,121,1519586,1325620.96,1078260.25,247360.70999999993,18.66,20085.17,2024-06-03,2025-12-26,5,571,582,288,151,75,68,3,4,1,42.19,0.2595,0.1289,0.1168,11,193613.28999999998,0
C01222,high,organic,Delhi,46,male,85,167,1516171,1363825.53,1070635.28,293190.24999999994,21.5,16045.01,2024-03-30,2025-12-27,4,637,630,308,151,118,53,3,4,1,48.7,0.2397,0.1873,0.0841,10,37931.11,0
C00725,high,ads,Ahmedabad,22,female,77,149,1510336,1382622.7,1055095.18,327527.51999999996,23.69,17956.14,2024-03-11,2025-12-27,4,656,622,315,151,94,62,3,4,1,42.84,0.2428,0.1511,0.0997,18,359167.1,0
C00852,high,referral,Bangalore,18,male,89,171,1510224,1407996.97,1074242.87,333754.1,23.7,15820.19,2024-04-30,2025-12-28,3,607,597,315,148,90,44,3,4,1,53.52,0.2479,0.1508,0.0737,13,192583.13,0
C01107,high,organic,Kolkata,43,male,55,110,1508248,1412808.49,1077984.54,334823.94999999995,23.7,25687.43,2024-10-28,2025-12-11,20,409,458,228,120,64,46,3,4,1,49.08,0.262,0.1397,0.1004,5,177674.32,0
C01098,high,referral,Mumbai,27,female,90,182,1506135,1391924.33,1078038.67,313885.66,22.55,15465.83,2024-04-02,2025-12-28,3,635,649,301,197,94,57,3,4,1,51.73,0.3035,0.1448,0.0878,11,199240.05,0
C01143,high,referral,Mumbai,26,male,59,119,1485612,1408799.57,1044681.93,364117.63999999996,25.85,23877.96,2024-11-10,2025-12-19,12,404,420,192,111,75,42,3,4,1,53.3,0.2643,0.1786,0.1,8,260047.69,0
C01126,high,organic,Mumbai,46,female,79,156,1482861,1364385.59,1056120.71,308264.87999999995,22.59,17270.7,2024-01-30,2025-12-29,2,699,679,331,164,93,91,3,4,1,41.25,0.2415,0.137,0.134,10,185650.46,0
C00097,high,organic,Mumbai,26,male,74,157,1474307,1368866.68,1053382.07,315484.6099999999,23.05,18498.2,2024-06-15,2025-12-31,0,564,575,289,153,87,46,3,4,1,47.89,0.2661,0.1513,0.08,11,270262.27999999997,0
C00048,high,organic,Delhi,36,male,76,148,1460807,1353317.27,1037710.01,315607.25999999995,23.32,17806.81,2024-02-01,2025-12-22,9,690,671,330,169,101,71,3,4,1,40.2,0.2519,0.1505,0.1058,12,191660.0,0
C00174,high,organic,Mumbai,39,male,68,137,1456459,1310510.67,1017118.4400000001,293392.23,22.39,19272.22,2024-07-15,2025-12-19,12,522,536,259,130,90,57,3,4,1,47.55,0.2425,0.1679,0.1063,11,239465.08,0
C00945,high,ads,Bangalore,40,male,63,119,1454630,1371803.23,1062258.3,309544.93,22.56,21774.65,2024-05-20,2025-12-22,9,581,578,287,134,90,67,3,4,1,39.58,0.2318,0.1557,0.1159,11,175222.8,0
C00595,high,organic,Delhi,48,other,67,131,1453829,1314890.07,1037482.98,277407.0899999999,21.1,19625.22,2024-08-12,2025-12-30,1,505,503,248,120,79,56,3,4,1,48.43,0.2386,0.1571,0.1113,8,232253.55,0
C01211,high,organic,Bhubaneswar,39,female,74,150,1442214,1329908.9,1054250.05,275658.85,20.73,17971.74,2024-05-01,2025-12-07,24,585,599,303,149,90,57,3,4,1,46.17,0.2487,0.1503,0.0952,17,306670.38999999996,0
C00723,high,organic,Bangalore,18,male,79,157,1439242,1302322.82,1011281.6,291041.2199999999,22.35,16485.1,2024-05-01,2025-12-17,14,595,615,300,152,102,61,3,4,1,48.46,0.2472,0.1659,0.0992,11,253784.16,0
C00698,high,ads,Delhi,37,female,84,162,1437167,1348155.23,987675.01,360480.22,26.74,16049.47,2024-04-01,2025-11-23,38,601,616,317,153,85,61,3,4,1,51.01,0.2484,0.138,0.099,10,97574.55,0
C00005,high,referral,Hyderabad,37,female,87,171,1436606,1336938.0,1006856.5900000001,330081.4099999999,24.69,15367.1,2024-03-17,2025-12-23,8,646,670,351,157,103,59,3,4,1,49.16,0.2343,0.1537,0.0881,8,219372.09999999998,0
C00481,high,ads,Jaipur,36,female,78,147,1433005,1327614.83,997201.11,330413.72,24.89,17020.7,2024-01-29,2025-11-05,56,646,636,327,142,101,66,3,4,1,44.07,0.2233,0.1588,0.1038,12,346577.41000000003,0
C00091,high,ads,Ahmedabad,25,female,80,148,1432085,1310264.67,1017351.12,292913.54999999993,22.36,16378.31,2024-03-24,2025-12-28,3,644,682,352,159,110,61,3,4,1,45.34,0.2331,0.1613,0.0894,14,443551.56999999995,0
C00092,high,ads,Delhi,25,male,56,108,1419682,1317484.3699999999,1013084.0700000001,304400.29999999993,23.1,23526.51,2024-08-12,2025-12-23,8,498,508,253,137,69,49,3,4,1,41.04,0.2697,0.1358,0.0965,9,128853.68,0
C00702,high,organic,Bangalore,34,female,73,137,1387824,1284113.41,983792.24,300321.17,23.39,17590.59,2024-06-26,2025-12-28,3,550,593,301,138,79,75,3,4,1,48.45,0.2327,0.1332,0.1265,10,179038.03,0
C00857,high,ads,Bhubaneswar,35,female,83,170,1385444,1273558.3499999999,962823.26,310735.08999999997,24.4,15344.08,2024-04-22,2025-12-19,12,606,634,292,174,105,63,3,4,1,49.99,0.2744,0.1656,0.0994,17,217553.99,0
C01089,high,organic,Pune,44,male,83,157,1376545,1255288.6,979241.3,276047.3,21.99,15123.96,2024-02-21,2025-12-17,14,665,674,347,167,96,64,3,4,1,45.56,0.2478,0.1424,0.095,10,186588.25,0
C00012,high,ads,Chennai,25,female,60,122,1374526,1263218.74,990586.4,272632.34,21.58,21053.65,2024-12-08,2025-12-27,4,384,440,240,101,62,37,3,4,1,57.03,0.2295,0.1409,0.0841,10,127260.3,0
C00495,high,referral,Ahmedabad,18,male,67,132,1372183,1287027.5899999999,940976.22,346051.36999999994,26.89,19209.37,2024-06-19,2025-12-16,15,545,547,279,138,80,50,3,4,1,44.87,0.2523,0.1463,0.0914,11,197953.0,0
C01113,high,ads,Ahmedabad,45,female,55,102,1366689,1222505.25,974815.8400000001,247689.40999999992,20.26,22227.37,2024-08-19,2025-12-24,7,492,489,249,123,69,48,3,4,1,40.8,0.2515,0.1411,0.0982,13,265150.04,0
C00896,high,organic,Kolkata,44,female,76,146,1348458,1241472.66,957775.3,283697.3599999999,22.85,16335.17,2024-02-11,2025-12-28,3,686,653,332,167,98,56,3,4,1,40.44,0.2557,0.1501,0.0858,7,108267.22,0
C00897,high,referral,Mumbai,43,male,55,109,1341139,1194323.47,940052.98,254270.48999999993,21.29,21714.97,2024-10-08,2025-12-24,7,442,480,249,121,67,43,3,4,1,45.42,0.2521,0.1396,0.0896,11,74149.91,0
C00448,high,ads,Pune,35,female,65,132,1333202,1187990.6199999999,923129.7000000001,264860.9199999999,22.29,18276.78,2024-05-01,2025-12-31,0,609,610,315,149,87,59,3,4,1,38.96,0.2443,0.1426,0.0967,10,58306.55,0
C00993,high,organic,Bhubaneswar,43,male,62,128,1332870,1204987.43,934261.23,270726.19999999995,22.47,19435.28,2024-06-25,2025-12-22,9,545,532,263,130,91,48,3,4,1,41.52,0.2444,0.1711,0.0902,10,256899.67,0
C01208,high,organic,Hyderabad,20,female,69,139,1331751,1253851.59,929369.0,324482.58999999997,25.88,18171.76,2024-06-24,2025-12-30,1,554,518,245,131,92,50,3,4,1,45.46,0.2529,0.1776,0.0965,10,83319.55,0
C00323,high,ads,Bangalore,18,male,54,110,1325876,1228048.73,954813.92,273234.80999999994,22.25,22741.64,2024-08-20,2025-12-30,1,497,482,235,132,66,49,3,4,1,39.66,0.2739,0.1369,0.1017,4,66254.90000000001,0
C00541,high,organic,Kolkata,26,female,78,156,1324981,1220529.92,935886.64,284643.27999999997,23.32,15647.82,2024-04-12,2025-12-03,28,600,670,344,133,113,80,3,4,1,47.45,0.1985,0.1687,0.1194,13,430370.61,0
C00027,high,ads,Bhubaneswar,41,female,55,104,1319347,1224181.27,946595.79,277585.48,22.68,22257.84,2024-06-24,2025-12-31,0,555,598,300,170,71,57,3,4,1,36.17,0.2843,0.1187,0.0953,18,291374.1,0
C00363,high,ads,Mumbai,18,female,55,115,1306750,1209230.8399999999,929929.14,279301.69999999995,23.1,21986.02,2024-09-13,2025-12-30,1,473,441,205,124,69,43,3,4,1,42.44,0.2812,0.1565,0.0975,13,334594.25,0
C00064,high,ads,Pune,22,male,76,145,1301747,1191019.8699999999,936976.42,254043.44999999995,21.33,15671.31,2024-02-08,2025-12-18,13,679,678,339,174,107,58,3,4,1,40.85,0.2566,0.1578,0.0855,7,93179.12,0
C00414,high,referral,Bhubaneswar,37,male,73,132,1295040,1210540.2,928250.75,282289.44999999995,23.32,16582.74,2024-03-01,2025-12-25,6,664,661,331,175,90,65,3,4,1,40.13,0.2648,0.1362,0.0983,10,413573.44,0
C00557,high,organic,Delhi,21,male,60,117,1248612,1155478.83,884343.77,271135.06,23.47,19257.98,2024-12-21,2025-12-25,6,369,424,201,116,70,37,3,4,1,59.35,0.2736,0.1651,0.0873,7,210543.47999999998,0
C00508,high,organic,Bhubaneswar,43,female,61,119,1246911,1149701.02,878957.0900000001,270743.93,23.55,18847.56,2024-06-22,2025-12-31,0,557,485,236,112,78,59,3,4,1,39.97,0.2309,0.1608,0.1216,19,386391.29,0
C00197,high,referral,Bangalore,19,female,58,115,1234984,1108534.38,869565.0,238969.38,21.56,19112.66,2024-08-23,2025-12-30,1,494,486,263,106,79,38,3,4,1,42.85,0.2181,0.1626,0.0782,7,204893.09,0
C00397,high,referral,Hyderabad,37,female,67,118,1226850,1130715.88,854255.57,276460.31,24.45,16876.36,2024-06-03,2025-12-24,7,569,567,281,136,87,63,3,4,1,42.98,0.2399,0.1534,0.1111,15,137689.38,0
C00295,high,referral,Hyderabad,43,female,71,147,1226015,1096010.33,848182.52,247827.80999999997,22.61,15436.77,2024-05-05,2025-11-19,42,563,613,296,144,92,81,3,4,1,46.03,0.2349,0.1501,0.1321,4,191094.07,0
C00324,high,referral,Delhi,45,male,29,67,1222929,1128753.43,860072.25,268681.18,23.8,38922.53,2025-01-06,2025-12-16,15,344,329,168,88,42,31,3,4,1,30.77,0.2675,0.1277,0.0942,7,101315.75,0
C00320,high,ads,Bangalore,38,male,74,151,1201718,1099326.92,847699.66,251627.25999999998,22.89,14855.77,2024-01-24,2025-12-31,0,707,712,360,178,105,69,3,4,1,38.2,0.25,0.1475,0.0969,5,163316.18,0
C01042,high,organic,Bangalore,48,other,82,163,1187583,1120627.3,832572.67,288054.62999999995,25.7,13666.19,2024-02-07,2025-12-25,6,687,725,357,190,101,77,3,4,1,43.57,0.2621,0.1393,0.1062,10,107486.77,0
C00093,high,referral,Hyderabad,32,male,67,132,1179463,1121437.08,843374.04,278063.04,24.8,16737.87,2024-07-08,2025-12-12,19,522,512,267,124,65,56,3,4,1,46.85,0.2422,0.127,0.1094,16,357892.27999999997,0
C00178,high,organic,Delhi,40,male,60,128,1168665,1097667.97,831930.16,265737.81,24.21,18294.47,2024-10-18,2025-12-31,0,439,485,221,123,90,51,3,4,1,49.89,0.2536,0.1856,0.1052,15,209891.25,0
C00828,high,ads,Bangalore,33,female,68,133,1166630,1042994.01,833197.5700000001,209796.43999999994,20.11,15338.15,2024-04-06,2025-12-16,15,619,589,304,134,91,60,3,4,1,40.1,0.2275,0.1545,0.1019,11,151627.79,0
C00978,high,referral,Jaipur,30,male,64,134,1158465,1047158.86,816667.0700000001,230491.78999999995,22.01,16361.86,2024-05-31,2025-12-21,10,569,554,272,144,74,64,3,4,1,41.05,0.2599,0.1336,0.1155,9,204867.66,0
C01185,high,organic,Ahmedabad,39,female,65,139,1155123,1079487.76,789418.9,290068.86,26.87,16607.5,2024-03-20,2025-11-23,38,613,615,309,173,80,53,3,4,1,38.7,0.2813,0.1301,0.0862,10,67368.31999999999,0
C01120,high,organic,Kolkata,42,male,84,172,1153246,1055966.23,808027.59,247938.63999999996,23.48,12571.03,2024-05-17,2025-12-31,0,593,605,313,153,84,55,3,4,1,51.7,0.2529,0.1388,0.0909,14,192777.24,0
C00619,high,ads,Bhubaneswar,42,female,43,85,1151527,1066249.23,834847.3,231401.92999999993,21.7,24796.49,2024-12-31,2025-12-29,2,363,354,182,91,56,25,3,4,1,43.24,0.2571,0.1582,0.0706,12,55073.42,0
C00235,high,ads,Ahmedabad,42,male,52,101,1150302,1064023.6199999999,827465.12,236558.4999999999,22.23,20461.99,2024-10-11,2025-12-24,7,439,458,221,126,67,44,3,4,1,43.23,0.2751,0.1463,0.0961,17,250122.93,0
C00868,high,ads,Pune,40,male,45,101,1147551,989193.66,807507.23,181686.42999999996,18.37,21982.08,2024-11-24,2025-12-27,4,398,366,178,95,58,35,3,4,1,41.27,0.2596,0.1585,0.0956,9,268250.91,0
C00471,high,referral,Jaipur,35,male,60,110,1146618,1031737.62,804812.28,226925.34,21.99,17195.63,2024-07-22,2025-12-27,4,523,556,286,140,74,56,3,4,1,41.87,0.2518,0.1331,0.1007,12,249982.71000000002,0
C00349,high,referral,Ahmedabad,32,male,66,130,1140457,1054488.6,797216.64,257271.96,24.4,15977.1,2024-05-05,2025-12-24,7,598,593,300,148,87,58,3,4,1,40.28,0.2496,0.1467,0.0978,9,72582.84,0
C00652,high,referral,Kolkata,18,male,63,122,1125683,1035711.2,807669.97,228041.22999999995,22.02,16439.86,2024-07-10,2025-11-20,41,498,564,290,146,72,56,3,4,1,46.17,0.2589,0.1277,0.0993,10,83810.2,0
C01094,high,ads,Ahmedabad,33,female,63,121,1122354,1051572.99,782831.9400000001,268741.05,25.56,16691.63,2024-04-08,2025-12-29,2,630,596,311,146,79,60,3,4,1,36.5,0.245,0.1326,0.1007,11,142991.21,0
C00293,high,organic,Chennai,47,male,67,130,1112983,1021383.51,792819.49,228564.01999999996,22.38,15244.53,2024-09-12,2025-12-27,4,471,507,263,116,82,46,3,4,1,51.92,0.2288,0.1617,0.0907,8,172622.44,0
C00189,high,referral,Mumbai,27,female,57,110,1107345,1014730.29,774253.81,240476.47999999998,23.7,17802.29,2024-08-12,2025-11-09,52,454,514,254,140,68,52,3,4,1,45.83,0.2724,0.1323,0.1012,15,619120.13,0
C00926,high,organic,Mumbai,38,female,56,101,1105511,1008155.1,787327.91,220827.18999999997,21.9,18002.77,2024-10-18,2025-12-27,4,435,445,221,104,77,43,3,4,1,46.99,0.2337,0.173,0.0966,10,225425.84,0
C00795,high,ads,Pune,26,male,61,127,1105313,989166.82,791078.0,198088.81999999998,20.03,16215.85,2024-09-24,2025-12-31,0,463,474,234,119,81,40,3,4,1,48.09,0.2511,0.1709,0.0844,10,176573.11,0
C00277,high,organic,Hyderabad,24,male,62,121,1072104,992052.57,771191.53,220861.03999999998,22.26,16000.85,2024-08-20,2025-12-30,1,497,502,253,121,65,63,3,4,1,45.53,0.241,0.1295,0.1255,13,236326.13999999998,0
C00493,high,ads,Jaipur,38,male,48,99,1071904,977045.77,767665.4400000001,209380.33,21.43,20355.12,2024-09-22,2025-12-22,9,456,489,240,130,69,50,3,4,1,38.42,0.2658,0.1411,0.1022,13,422062.66000000003,0
C00856,high,organic,Jaipur,32,male,61,115,1071842,991110.86,752891.97,238218.88999999998,24.04,16247.72,2024-12-17,2025-12-08,23,356,373,206,82,52,33,3,4,1,62.54,0.2198,0.1394,0.0885,16,398405.66,0
C00230,high,organic,Delhi,35,male,60,117,1070493,985565.71,753886.73,231678.97999999995,23.51,16426.1,2024-07-27,2025-12-14,17,505,524,254,147,69,54,3,4,1,43.37,0.2805,0.1317,0.1031,6,129091.05,0
C00626,high,organic,Jaipur,36,male,44,95,1065652,1017627.66,770563.1,247064.55999999997,24.28,23127.9,2024-11-10,2025-12-24,7,409,405,194,108,58,45,3,4,1,39.27,0.2667,0.1432,0.1111,11,278380.63,0
C00380,high,referral,Chennai,38,male,49,101,1059762,969787.75,746232.4400000001,223555.30999999997,23.05,19791.59,2024-09-05,2025-12-01,30,452,474,245,104,66,59,3,4,1,39.57,0.2194,0.1392,0.1245,7,71558.25,0
C00478,high,ads,Chennai,45,female,50,97,1059126,982998.23,753708.48,229289.74999999994,23.33,19659.96,2024-10-17,2025-12-12,19,421,396,192,104,61,39,3,4,1,43.35,0.2626,0.154,0.0985,6,173757.57,0
C00327,high,ads,Kolkata,33,male,52,103,1051961,972075.08,764498.78,207576.29999999996,21.35,18693.75,2024-10-11,2025-12-27,4,442,443,212,111,75,45,3,4,1,42.94,0.2506,0.1693,0.1016,10,113568.71,0
C00157,high,organic,Mumbai,24,male,56,114,1050633,984283.14,717727.6900000001,266555.45,27.08,17576.48,2024-09-08,2025-12-20,11,468,469,228,128,72,41,3,4,1,43.68,0.2729,0.1535,0.0874,11,175058.22,0
C01047,high,ads,Bangalore,30,male,57,114,1023554,904155.7,721840.5,182315.19999999998,20.16,15862.38,2024-08-23,2025-11-11,50,445,460,240,113,59,48,3,4,1,46.75,0.2457,0.1283,0.1043,10,253684.33,0
C00930,high,ads,Ahmedabad,33,other,42,85,1022684,952678.11,722844.83,229833.27999999997,24.12,22682.81,2025-01-18,2025-12-16,15,332,348,195,73,50,30,3,4,1,46.17,0.2098,0.1437,0.0862,7,128544.42,0
C00969,high,ads,Ahmedabad,20,female,61,130,1019290,933652.45,720152.83,213499.61999999997,22.87,15305.78,2024-10-29,2025-12-27,4,424,409,200,92,74,43,3,4,1,52.51,0.2249,0.1809,0.1051,14,302606.82,0
C00543,high,ads,Bangalore,47,female,75,141,1019015,935858.27,707375.29,228482.97999999998,24.41,12478.11,2024-04-13,2025-12-04,27,600,659,328,168,88,75,3,4,1,45.63,0.2549,0.1335,0.1138,16,226990.48,0
C00640,high,referral,Jaipur,21,female,63,125,1011447,949347.76,731088.99,218258.76999999996,22.99,15069.01,2024-06-25,2025-12-29,2,552,512,255,133,80,44,3,4,1,41.66,0.2598,0.1563,0.0859,12,170076.27,0
C00876,high,organic,Hyderabad,43,male,55,100,1002650,927420.76,709473.8200000001,217946.93999999997,23.5,16862.2,2024-08-15,2025-12-27,4,499,524,271,126,71,56,3,4,1,40.23,0.2405,0.1355,0.1069,7,180571.45,0
C00633,high,ads,Bhubaneswar,31,male,62,123,990698,897637.59,676511.32,221126.26999999996,24.63,14478.03,2024-06-27,2025-12-30,1,551,550,288,117,79,66,3,4,1,41.07,0.2127,0.1436,0.12,10,154593.19,0
C01146,high,organic,Jaipur,34,female,42,88,987912,904369.25,720975.97,183393.27999999997,20.28,21532.6,2025-03-25,2025-12-31,0,281,302,143,83,48,28,3,4,1,54.56,0.2748,0.1589,0.0927,12,204574.06,0
C00411,high,referral,Delhi,31,female,49,90,986739,930351.37,703141.1900000001,227210.18,24.42,18986.76,2024-11-02,2025-12-27,4,420,410,201,102,72,35,3,4,1,42.58,0.2488,0.1756,0.0854,13,252367.86,0
C00551,high,organic,Bhubaneswar,37,female,52,104,982854,919244.23,698003.69,221240.53999999998,24.07,17677.77,2024-10-05,2025-12-23,8,444,449,214,109,70,56,3,4,1,42.75,0.2428,0.1559,0.1247,10,172189.68,0
C00469,high,organic,Hyderabad,26,female,75,157,976632,874250.63,671684.68,202565.95,23.17,11656.68,2024-04-14,2025-12-23,8,618,578,296,144,79,59,3,4,1,44.3,0.2491,0.1367,0.1021,11,320047.26,0
C00515,high,organic,Ahmedabad,22,male,53,104,974320,895635.94,677921.71,217714.22999999995,24.31,16898.79,2024-11-07,2025-12-31,0,419,449,227,109,64,49,3,4,1,46.17,0.2428,0.1425,0.1091,8,74822.35,0
C00050,high,organic,Hyderabad,47,female,58,118,971065,899961.17,693141.27,206819.9,22.98,15516.57,2024-10-18,2025-12-30,1,438,437,210,109,64,54,3,4,1,48.33,0.2494,0.1465,0.1236,14,211358.19999999998,0
C00231,high,organic,Delhi,26,female,64,121,965654,887812.22,689944.59,197867.62999999998,22.29,13872.07,2024-07-16,2025-12-26,5,528,513,272,120,67,54,3,4,1,44.24,0.2339,0.1306,0.1053,12,121889.48,0
C00266,high,referral,Kolkata,39,female,47,89,963681,895588.84,689642.9,205945.93999999994,23.0,19055.08,2024-12-11,2025-12-13,18,367,387,171,122,61,33,3,4,1,46.74,0.3152,0.1576,0.0853,9,79068.33,0
C00187,high,organic,Kolkata,33,male,45,87,944849,869957.9199999999,661299.3,208658.61999999997,23.98,19332.4,2024-11-19,2025-12-26,5,402,435,236,97,61,41,3,4,1,40.86,0.223,0.1402,0.0943,12,186422.18999999997,0
C00589,high,organic,Hyderabad,22,male,55,111,937269,865322.65,658816.32,206506.33,23.86,15733.14,2024-07-09,2025-12-21,10,530,548,279,128,90,51,3,4,1,37.88,0.2336,0.1642,0.0931,6,250977.54,0
C00080,high,organic,Chennai,18,male,46,90,922412,830083.96,640263.6,189820.36000000002,22.87,18045.3,2024-09-28,2025-12-25,6,453,422,202,107,60,53,3,4,1,37.06,0.2536,0.1422,0.1256,9,247891.27,0
C00850,high,ads,Pune,27,male,58,103,916865,835568.15,648071.67,187496.47999999995,22.44,14406.35,2024-09-06,2025-12-25,6,475,510,239,137,75,59,3,4,1,44.57,0.2686,0.1471,0.1157,12,205947.24,0
C00396,high,referral,Bangalore,40,male,45,90,906778,813821.72,647327.39,166494.33,20.46,18084.93,2025-04-19,2025-12-27,4,252,258,126,68,36,28,3,4,1,65.18,0.2636,0.1395,0.1085,12,192661.24,0
C00798,high,ads,Kolkata,41,female,52,100,900923,848111.77,650780.56,197331.20999999996,23.27,16309.84,2024-12-11,2025-12-15,16,369,372,195,83,55,39,3,4,1,51.44,0.2231,0.1478,0.1048,14,158044.09,0
C00011,high,referral,Jaipur,35,female,56,116,896986,841997.79,649118.49,192879.3,22.91,15035.67,2024-08-05,2025-12-19,12,501,522,264,137,69,52,3,4,1,40.8,0.2625,0.1322,0.0996,20,342282.18,0
C01050,medium,ads,Mumbai,41,female,34,66,893755,845315.21,626208.48,219106.72999999998,25.92,24862.21,2024-04-25,2025-11-05,56,559,290,133,75,53,29,3,4,1,22.2,0.2586,0.1828,0.1,5,242974.68,0
C01026,high,ads,Ahmedabad,44,male,35,73,889024,815460.4,639038.72,176421.67999999996,21.63,23298.87,2025-01-24,2025-12-30,1,340,350,177,90,43,40,3,4,1,37.57,0.2571,0.1229,0.1143,10,95442.62,0
C00061,high,ads,Mumbai,35,female,32,67,884238,817923.61,634067.42,183856.18999999997,22.48,25560.11,2025-04-01,2025-12-27,4,270,269,141,52,52,24,3,4,1,43.26,0.1933,0.1933,0.0892,12,96526.46,0
C00462,high,ads,Jaipur,48,female,34,66,880219,821353.72,638754.81,182598.90999999997,22.23,24157.46,2025-03-10,2025-12-29,2,294,251,111,65,46,29,3,4,1,42.21,0.259,0.1833,0.1155,13,208393.78,0
C00382,medium,ads,Chennai,45,male,31,68,869090,809432.36,609065.02,200367.33999999997,24.75,26110.72,2024-03-25,2025-12-22,9,637,327,177,81,41,28,3,4,1,17.76,0.2477,0.1254,0.0856,4,23695.86,0
C00858,medium,referral,Kolkata,41,male,35,71,859150,813559.91,595398.4,218161.50999999998,26.82,23244.57,2024-02-21,2025-12-18,13,666,324,145,98,50,31,3,4,1,19.18,0.3025,0.1543,0.0957,2,10490.92,0
C00586,medium,organic,Hyderabad,39,male,33,68,830774,762753.2,574301.66,188451.54,24.71,23113.73,2024-05-08,2025-12-12,19,583,304,146,76,42,40,3,4,1,20.66,0.25,0.1382,0.1316,5,46210.189999999995,0
C00282,high,organic,Chennai,29,other,25,46,828008,761878.1,586937.37,174940.72999999998,22.96,30475.12,2025-03-05,2025-12-31,0,301,331,165,88,45,33,3,4,1,30.32,0.2659,0.136,0.0997,12,174882.57,0
C00877,high,ads,Pune,38,male,41,77,826672,730374.97,574909.32,155465.65,21.29,17814.02,2025-02-06,2025-12-31,0,328,318,169,80,44,25,3,4,1,45.63,0.2516,0.1384,0.0786,2,21705.5,0
C00624,high,organic,Mumbai,23,male,38,77,818982,761638.2999999999,589173.5800000001,172464.71999999994,22.64,20043.11,2024-12-02,2025-12-30,1,393,382,197,97,50,38,3,4,1,35.29,0.2539,0.1309,0.0995,9,403586.16,0
C01070,medium,ads,Mumbai,30,female,32,62,809239,732028.3,597862.98,134165.32,18.33,22875.88,2024-04-16,2025-12-20,11,613,295,160,76,37,22,3,4,1,19.05,0.2576,0.1254,0.0746,5,66842.61,0
C00577,high,referral,Chennai,29,male,42,88,806279,722305.4299999999,578251.55,144053.88,19.94,17197.75,2025-02-01,2025-12-25,6,327,361,183,93,50,35,3,4,1,46.88,0.2576,0.1385,0.097,8,132058.75,0
C01177,medium,ads,Pune,50,male,27,59,802066,757956.53,565637.88,192318.64999999997,25.37,28072.46,2024-03-30,2025-10-29,63,578,320,145,91,52,32,3,4,1,17.05,0.2844,0.1625,0.1,3,96052.70999999999,0
C00354,high,ads,Pune,28,male,39,76,794450,730069.2999999999,568789.55,161279.74999999994,22.09,18719.73,2024-11-04,2025-12-31,0,422,391,221,86,52,32,3,4,1,33.73,0.2199,0.133,0.0818,9,124298.05,0
C01103,medium,ads,Delhi,36,male,32,57,789041,707216.98,554388.9,152828.08,21.61,22100.53,2024-05-27,2025-12-15,16,567,263,118,73,45,27,3,4,1,20.6,0.2776,0.1711,0.1027,2,53855.009999999995,0
C00494,high,organic,Jaipur,39,female,35,76,782184,698748.14,551772.87,146975.27000000002,21.03,19964.23,2025-05-20,2025-12-27,4,221,235,109,67,38,21,3,4,1,57.81,0.2851,0.1617,0.0894,11,306396.15,0
C00849,medium,ads,Bhubaneswar,30,male,29,65,778355,734721.58,559959.28,174762.3,23.79,25335.23,2024-03-19,2025-12-23,8,644,323,156,85,53,29,3,4,1,16.44,0.2632,0.1641,0.0898,2,64488.119999999995,0
C00377,high,referral,Delhi,36,female,47,97,778177,730765.9,561226.76,169539.13999999998,23.2,15548.21,2025-01-20,2025-12-14,17,328,365,184,93,55,33,3,4,1,52.3,0.2548,0.1507,0.0904,10,219939.0,0
C00002,high,referral,Hyderabad,47,female,38,73,772807,714174.05,575748.38,138425.66999999998,19.38,18794.05,2025-03-20,2025-12-29,2,284,311,158,78,47,28,3,4,1,48.84,0.2508,0.1511,0.09,7,106062.76,0
C00441,high,ads,Bangalore,25,female,37,72,763053,714003.27,536395.13,177608.13999999996,24.87,19297.39,2025-01-30,2025-12-22,9,326,336,163,87,53,33,3,4,1,41.43,0.2589,0.1577,0.0982,9,142833.34,0
C01199,high,organic,Bhubaneswar,34,female,40,91,758301,716659.63,551275.83,165383.8,23.08,17916.49,2025-03-04,2025-12-23,8,294,318,140,93,53,32,3,4,1,49.66,0.2925,0.1667,0.1006,10,101665.81,0
C00998,high,organic,Bangalore,25,male,39,88,756711,709614.91,532226.84,177388.06999999998,25.0,18195.25,2024-12-25,2025-11-28,33,338,402,201,101,54,46,3,4,1,42.12,0.2512,0.1343,0.1144,15,333747.05,0
C00990,medium,referral,Bangalore,32,female,33,67,751298,698818.87,517139.69,181679.18,26.0,21176.33,2024-02-12,2025-12-30,1,687,328,155,93,43,37,3,4,1,17.53,0.2835,0.1311,0.1128,2,46496.45,0
C00531,high,ads,Delhi,26,female,37,69,748134,708662.36,520984.45,187677.90999999997,26.48,19153.04,2025-02-18,2025-12-27,4,312,334,162,84,53,35,3,4,1,43.29,0.2515,0.1587,0.1048,10,72655.12,0
C00392,high,ads,Kolkata,38,male,44,85,746000,692814.64,523163.38,169651.25999999998,24.49,15745.79,2024-11-19,2025-12-11,20,387,376,181,115,44,36,3,4,1,41.5,0.3059,0.117,0.0957,9,239829.82,0
C00755,high,ads,Pune,46,male,43,86,744964,687950.01,525571.91,162378.1,23.6,15998.84,2025-04-18,2025-12-30,1,256,277,142,78,35,22,3,4,1,61.31,0.2816,0.1264,0.0794,16,375900.32999999996,0
C00083,high,organic,Pune,23,male,35,64,742920,684933.56,506956.64,177976.92,25.98,19569.53,2025-04-12,2025-12-19,12,251,278,129,70,47,32,3,4,1,50.9,0.2518,0.1691,0.1151,10,74953.04,0
C00139,medium,ads,Pune,52,female,35,67,727933,688589.63,543068.9500000001,145520.67999999996,21.13,19673.99,2024-01-17,2025-12-26,5,709,342,173,82,52,35,3,4,1,18.02,0.2398,0.152,0.1023,1,11994.480000000001,0
C00215,high,ads,Bangalore,30,female,55,105,721224,667689.16,507273.68,160415.47999999998,24.03,12139.8,2024-08-09,2025-12-30,1,508,454,222,106,81,45,3,4,1,39.52,0.2335,0.1784,0.0991,7,184906.06,0
C00372,high,ads,Delhi,18,male,43,82,715220,667277.66,515128.89,152148.77,22.8,15518.09,2024-11-03,2025-12-30,1,422,408,199,102,61,46,3,4,1,37.19,0.25,0.1495,0.1127,12,202637.56,0
C00960,high,organic,Delhi,32,male,32,62,711266,668568.01,482597.32,185970.68999999997,27.82,20892.75,2025-06-03,2025-12-30,1,210,251,120,69,42,20,3,4,1,55.62,0.2749,0.1673,0.0797,8,101762.2,0
C00666,medium,ads,Bhubaneswar,33,female,35,66,707797,660446.58,490354.91,170091.66999999998,25.75,18869.9,2024-03-22,2025-12-31,0,649,313,145,84,47,37,3,4,1,19.68,0.2684,0.1502,0.1182,1,6931.280000000001,0
C00677,medium,referral,Chennai,50,male,24,47,700880,660079.98,490510.46,169569.52,25.69,27503.33,2024-09-03,2025-12-05,26,458,239,120,61,33,25,3,4,1,19.13,0.2552,0.1381,0.1046,4,39631.86,0
C00550,high,ads,Bhubaneswar,40,female,26,54,698148,653629.76,489155.84,164473.92,25.16,25139.61,2025-06-24,2025-12-28,3,187,205,103,54,33,15,3,4,1,50.75,0.2634,0.161,0.0732,8,154954.28,0
C01051,medium,organic,Chennai,41,female,32,62,697197,627775.83,493015.65,134760.18,21.47,19617.99,2024-02-17,2025-12-16,15,668,371,211,73,56,31,3,4,1,17.49,0.1968,0.1509,0.0836,1,26466.45,0
C01171,high,organic,Hyderabad,51,male,46,92,694722,637203.1799999999,488908.12,148295.05999999997,23.27,13852.24,2024-10-15,2025-12-25,6,436,441,204,124,64,49,3,4,1,38.51,0.2812,0.1451,0.1111,12,182073.41,0
C00066,medium,organic,Bhubaneswar,34,male,30,66,692057,650578.88,476806.75,173772.12999999998,26.71,21685.96,2024-04-25,2025-11-17,44,571,297,136,79,42,40,3,4,1,19.18,0.266,0.1414,0.1347,1,3308.2,0
C01041,high,referral,Bangalore,22,male,31,63,691459,630470.71,499417.85000000003,131052.85999999999,20.79,20337.76,2025-03-05,2025-12-29,2,299,263,131,59,45,28,3,4,1,37.84,0.2243,0.1711,0.1065,14,510756.76,0
C00834,medium,organic,Hyderabad,33,male,33,59,687613,634890.85,488882.42,146008.43,23.0,19239.12,2024-01-27,2025-12-26,5,699,314,151,92,42,29,3,4,1,17.23,0.293,0.1338,0.0924,2,20051.1,0
C00101,high,organic,Hyderabad,30,female,46,87,687575,630704.17,488530.23000000004,142173.93999999997,22.54,13710.96,2024-12-10,2025-12-04,27,359,373,196,87,58,32,3,4,1,46.77,0.2332,0.1555,0.0858,10,91061.03,0
C00480,high,organic,Bangalore,50,male,54,108,686710,641789.75,478237.39,163552.36,25.48,11885.0,2024-12-31,2025-12-30,1,364,421,214,101,70,36,3,4,1,54.15,0.2399,0.1663,0.0855,10,89834.70999999999,0
C00513,medium,ads,Chennai,49,male,26,51,675160,623930.7999999999,488152.42000000004,135778.37999999998,21.76,23997.34,2024-01-18,2025-12-27,4,709,346,179,82,49,36,3,4,1,13.39,0.237,0.1416,0.104,4,59832.06,0
C01202,medium,organic,Delhi,18,female,27,64,663341,607336.79,457946.63,149390.15999999997,24.6,22493.96,2024-06-23,2025-10-07,85,471,268,134,62,46,26,3,4,1,20.92,0.2313,0.1716,0.097,3,9185.96,0
C00718,high,organic,Hyderabad,34,female,37,77,655532,618678.4199999999,469483.74,149194.67999999996,24.12,16721.04,2025-03-27,2025-12-27,4,275,311,168,69,43,31,3,4,1,49.11,0.2219,0.1383,0.0997,17,256008.19999999998,0
C00660,medium,ads,Mumbai,32,female,19,38,652501,614253.87,451773.27,162480.6,26.45,32329.15,2024-04-05,2025-12-19,12,623,305,166,66,43,30,3,4,1,11.13,0.2164,0.141,0.0984,6,132692.24,0
C00596,medium,ads,Bangalore,24,female,18,47,652133,622825.95,473520.75,149305.19999999995,23.97,34601.44,2024-10-17,2025-12-29,2,438,233,117,55,33,28,3,4,1,15.0,0.2361,0.1416,0.1202,4,77899.73999999999,0
C00777,high,referral,Jaipur,32,male,33,65,651159,596581.09,452873.24000000005,143707.84999999998,24.09,18078.21,2025-01-24,2025-12-25,6,335,325,158,77,54,36,3,4,1,35.96,0.2369,0.1662,0.1108,20,408849.63,0
C01162,medium,organic,Bangalore,42,male,25,42,640853,601661.26,481082.39,120578.86999999997,20.04,24066.45,2024-08-04,2025-12-03,28,486,261,128,60,44,29,3,4,1,18.78,0.2299,0.1686,0.1111,2,19273.32,0
C00045,medium,referral,Pune,30,female,26,54,637473,582289.88,440213.11,142076.77,24.4,22395.76,2024-06-27,2025-12-12,19,533,260,127,68,44,21,3,4,1,17.8,0.2615,0.1692,0.0808,2,23168.16,0
C00533,high,organic,Bhubaneswar,27,female,35,65,630798,530981.24,446249.58,84731.66000000002,15.96,15170.89,2025-03-05,2025-12-14,17,284,291,150,76,42,23,3,4,1,44.98,0.2612,0.1443,0.079,11,393487.25,0
C00105,medium,organic,Chennai,30,male,26,55,626123,575557.07,437955.01,137602.06,23.91,22136.81,2024-03-17,2025-12-16,15,639,313,140,82,51,40,3,4,1,14.85,0.262,0.1629,0.1278,1,5235.9,0
C01027,medium,referral,Kolkata,32,male,28,59,621828,573546.93,438612.45,134934.48,23.53,20483.82,2024-05-10,2025-12-23,8,592,303,148,78,44,33,3,4,1,17.26,0.2574,0.1452,0.1089,5,122103.2,0
C00351,medium,ads,Mumbai,27,female,26,49,620799,554686.25,425517.76,129168.48999999999,23.29,21334.09,2024-11-10,2025-12-29,2,414,220,101,56,40,23,3,4,1,22.92,0.2545,0.1818,0.1045,5,44025.92,0
C01134,high,organic,Bangalore,49,male,40,79,619412,560587.24,431237.98000000004,129349.25999999997,23.07,14014.68,2024-12-15,2025-12-26,5,376,357,166,106,58,27,3,4,1,38.83,0.2969,0.1625,0.0756,12,128386.40000000001,0
C00439,medium,organic,Hyderabad,37,male,25,47,602980,552094.91,418603.62,133491.29,24.18,22083.8,2024-05-14,2025-12-29,2,594,275,143,58,49,25,3,4,1,15.36,0.2109,0.1782,0.0909,1,4572.52,0
C00560,medium,ads,Bhubaneswar,40,female,25,49,602711,578959.4,423986.93,154972.46999999997,26.77,23158.38,2024-01-23,2025-12-31,0,708,342,177,84,51,30,3,4,1,12.89,0.2456,0.1491,0.0877,1,1868.76,0
C00054,medium,referral,Bangalore,47,male,24,53,600259,570799.5599999999,422636.36,148163.19999999998,25.96,23783.31,2024-02-26,2025-11-18,43,631,330,175,85,36,34,3,4,1,13.88,0.2576,0.1091,0.103,2,8284.32,0
C00863,medium,ads,Bangalore,37,male,24,52,598652,551157.0599999999,437840.23000000004,113316.82999999996,20.56,22964.88,2024-01-08,2025-10-23,69,654,352,184,103,45,20,3,4,1,13.39,0.2926,0.1278,0.0568,5,64974.89,0
C00033,high,organic,Kolkata,26,male,30,64,593590,552819.59,398144.14,154675.44999999998,27.98,18427.32,2025-04-30,2025-12-20,11,234,246,118,62,39,27,3,4,1,46.79,0.252,0.1585,0.1098,10,185115.37,0
C00107,medium,ads,Bhubaneswar,40,female,17,36,590657,549401.04,418548.33,130852.70999999999,23.82,32317.71,2025-05-14,2025-11-25,36,195,120,53,30,25,12,3,4,1,31.82,0.25,0.2083,0.1,3,43854.439999999995,0
C00153,medium,ads,Chennai,39,male,30,46,588439,533830.8099999999,408217.94,125612.86999999997,23.53,17794.36,2024-02-16,2025-11-02,59,625,341,148,94,55,44,3,4,1,17.52,0.2757,0.1613,0.129,5,130890.15000000001,0
C01073,medium,organic,Chennai,30,female,23,38,587062,529459.26,403950.93,125508.32999999999,23.71,23019.97,2024-09-11,2025-12-14,17,459,242,125,63,34,20,3,4,1,18.29,0.2603,0.1405,0.0826,2,18223.11,0
C00136,high,organic,Delhi,26,female,35,72,582708,534134.6,413990.2,120144.4,22.49,15260.99,2025-02-05,2025-12-27,4,325,326,174,81,41,30,3,4,1,39.31,0.2485,0.1258,0.092,9,114822.71,0
C00458,medium,ads,Ahmedabad,31,female,21,44,582281,532410.04,429430.02999999997,102980.01000000001,19.34,25352.86,2024-10-17,2025-12-02,29,411,241,127,54,36,24,3,4,1,18.65,0.2241,0.1494,0.0996,3,25099.440000000002,0
C00987,high,ads,Jaipur,18,female,45,85,582043,532415.53,410407.51,122008.01999999999,22.92,11831.46,2024-10-06,2025-12-21,10,441,468,238,122,68,40,3,4,1,37.24,0.2607,0.1453,0.0855,7,119464.11,0
C00740,high,organic,Hyderabad,36,male,39,70,581713,538510.9,422421.27,116089.62999999999,21.56,13807.97,2025-02-17,2025-12-26,5,312,307,141,93,41,32,3,4,1,45.63,0.3029,0.1336,0.1042,6,53678.39,0
C00542,high,organic,Ahmedabad,48,female,20,40,581428,543310.01,411228.20999999996,132081.80000000002,24.31,27165.5,2025-07-14,2025-12-30,1,169,178,81,51,27,19,3,4,1,43.2,0.2865,0.1517,0.1067,14,254877.25,0
C00794,medium,organic,Hyderabad,42,female,17,38,579951,550029.48,404384.43,145645.04999999996,26.48,32354.68,2024-11-09,2025-12-31,0,417,205,107,51,29,18,3,4,1,14.88,0.2488,0.1415,0.0878,1,5970.24,0
C00381,medium,ads,Ahmedabad,27,female,30,68,578852,532733.38,404974.82,127758.55999999997,23.98,17757.78,2024-06-26,2025-12-26,5,548,246,130,61,39,16,3,4,1,19.98,0.248,0.1585,0.065,3,59928.47,0
C00507,high,organic,Chennai,18,female,37,77,577473,546349.66,403363.59,142986.07,26.17,14766.21,2025-03-11,2025-12-22,9,286,353,177,84,53,39,3,4,1,47.22,0.238,0.1501,0.1105,8,114281.26,0
C00973,medium,organic,Pune,40,female,26,52,574524,523276.2,400527.42000000004,122748.77999999998,23.46,20126.01,2024-05-01,2025-11-03,58,551,285,137,68,43,37,3,4,1,17.22,0.2386,0.1509,0.1298,4,97968.9,0
C00694,medium,organic,Kolkata,34,male,32,75,572131,535940.58,400690.99,135249.59,25.24,16748.14,2024-01-19,2025-12-26,5,707,361,177,87,60,37,3,4,1,16.52,0.241,0.1662,0.1025,3,15691.8,0
C00552,medium,ads,Bangalore,21,male,20,43,569005,527104.11,415612.21,111491.9,21.15,26355.21,2024-08-07,2025-11-01,60,451,226,113,63,31,19,3,4,1,16.19,0.2788,0.1372,0.0841,1,19925.84,0
C00591,medium,organic,Hyderabad,44,female,21,47,565950,524611.96,411112.01,113499.95000000001,21.64,24981.52,2024-08-19,2025-12-26,5,494,242,129,61,32,20,3,4,1,15.52,0.2521,0.1322,0.0826,3,14915.34,0
C00106,medium,organic,Ahmedabad,21,male,27,54,565258,529576.68,417713.84,111862.83999999998,21.12,19613.95,2024-06-29,2025-12-08,23,527,297,137,85,41,34,3,4,1,18.7,0.2862,0.138,0.1145,6,64661.329999999994,0
C00434,medium,ads,Mumbai,30,male,29,56,562462,533661.7,399282.44,134379.25999999998,25.18,18402.13,2024-05-23,2025-12-12,19,568,272,138,61,49,24,3,4,1,18.64,0.2243,0.1801,0.0882,3,20568.920000000002,0
C00391,medium,organic,Bhubaneswar,33,male,25,53,562087,515220.22,374451.28,140768.93999999997,27.32,20608.81,2024-02-25,2025-12-31,0,675,293,139,75,52,27,3,4,1,13.52,0.256,0.1775,0.0922,2,22400.66,0
C01033,medium,referral,Pune,47,female,22,43,560830,516384.97,394775.84,121609.12999999999,23.55,23472.04,2024-04-29,2025-10-22,70,541,278,144,73,39,22,3,4,1,14.84,0.2626,0.1403,0.0791,4,123419.37,0
C01175,medium,organic,Mumbai,46,male,25,58,560539,512143.26,394644.8,117498.45999999999,22.94,20485.73,2024-06-08,2025-12-12,19,552,261,129,69,43,20,3,4,1,16.53,0.2644,0.1648,0.0766,5,159166.61,0
C00961,high,organic,Delhi,34,female,21,48,559839,540698.78,372850.23,167848.55,31.04,25747.56,2025-08-01,2025-12-18,13,139,168,81,38,33,16,3,4,1,55.14,0.2262,0.1964,0.0952,12,307137.54,0
C00147,high,organic,Bhubaneswar,33,female,34,67,559045,517530.02999999997,395814.75,121715.27999999997,23.52,15221.47,2025-05-14,2025-12-19,12,219,259,129,61,41,28,3,4,1,56.67,0.2355,0.1583,0.1081,7,144504.47999999998,0
C00838,high,ads,Mumbai,46,male,26,52,556237,516611.55,394589.30000000005,122022.24999999997,23.62,19869.67,2025-06-22,2025-12-11,20,172,186,89,47,30,20,3,4,1,55.17,0.2527,0.1613,0.1075,11,79326.37,0
C00200,high,organic,Hyderabad,20,female,31,58,556063,504063.37,406450.73000000004,97612.63999999997,19.37,16260.11,2025-05-12,2025-12-19,12,221,225,111,48,48,18,3,4,1,51.2,0.2133,0.2133,0.08,11,225190.91,0
C01025,medium,organic,Chennai,18,other,29,55,553518,513781.89,403831.01,109950.87999999998,21.4,17716.62,2024-01-19,2025-12-24,7,705,328,163,93,46,26,3,4,1,15.01,0.2835,0.1402,0.0793,7,172116.08,0
C00547,medium,referral,Kolkata,21,male,32,66,552652,508781.06,385386.27999999997,123394.77999999998,24.25,15899.41,2024-02-21,2025-12-12,19,660,344,185,74,55,30,3,4,1,17.7,0.2151,0.1599,0.0872,3,44659.25,0
C00436,medium,organic,Ahmedabad,34,male,34,69,551728,488203.43,383913.89,104289.54000000001,21.36,14358.92,2024-03-03,2025-12-20,11,657,324,154,93,48,29,3,4,1,18.89,0.287,0.1481,0.0895,8,101813.68,0
C00985,medium,ads,Ahmedabad,49,male,25,52,549425,505812.97,388435.89,117377.07999999999,23.21,20232.52,2024-05-20,2025-12-29,2,588,250,107,65,39,39,3,4,1,15.52,0.26,0.156,0.156,3,35840.27,0
C00460,medium,ads,Pune,62,male,19,43,549088,495402.77,391764.76,103638.01,20.92,26073.83,2024-07-19,2025-11-29,32,498,249,126,59,33,31,3,4,1,13.93,0.2369,0.1325,0.1245,2,7110.28,0
C00568,high,referral,Ahmedabad,41,male,26,51,545504,503937.36,380524.09,123413.26999999999,24.49,19382.21,2025-03-31,2025-12-26,5,270,287,144,75,42,26,3,4,1,35.15,0.2613,0.1463,0.0906,12,185586.75999999998,0
C00098,medium,organic,Jaipur,30,male,21,41,543957,496527.19999999995,394607.95,101919.24999999996,20.53,23644.15,2024-02-06,2025-06-26,188,506,341,174,90,47,30,3,4,1,15.15,0.2639,0.1378,0.088,3,148196.81999999998,0
C01032,medium,organic,Ahmedabad,30,male,24,55,542095,501037.89,382036.93,119000.96,23.75,20876.58,2024-02-13,2025-11-07,54,633,327,160,74,54,39,3,4,1,13.84,0.2263,0.1651,0.1193,5,135784.43,0
C00875,medium,organic,Bangalore,26,male,29,59,539283,506547.61,363903.06,142644.55,28.16,17467.16,2024-03-20,2025-12-02,29,622,322,158,75,55,34,3,4,1,17.02,0.2329,0.1708,0.1056,7,215656.35,0
C00572,high,organic,Jaipur,29,male,28,61,538729,480616.18,373776.63,106839.54999999999,22.23,17164.86,2025-05-24,2025-12-27,4,217,213,101,54,31,27,3,4,1,47.1,0.2535,0.1455,0.1268,11,162081.1,0
C00428,medium,organic,Bangalore,56,female,16,32,537049,502542.33999999997,377524.2,125018.13999999998,24.88,31408.9,2025-01-12,2025-11-13,48,305,181,89,46,25,21,3,4,1,19.15,0.2541,0.1381,0.116,6,117421.09,0
C01069,medium,ads,Bhubaneswar,37,male,16,36,536921,478272.88999999996,381552.48,96720.40999999999,20.22,29892.06,2025-03-20,2025-11-07,54,232,141,65,36,27,13,3,4,1,25.17,0.2553,0.1915,0.0922,2,9171.0,0
C00628,medium,ads,Ahmedabad,32,female,32,57,536079,457530.29,394161.05,63369.24,13.85,14297.82,2024-03-16,2025-11-02,59,596,307,145,75,58,29,3,4,1,19.6,0.2443,0.1889,0.0945,3,32552.96,0
C00398,medium,referral,Chennai,47,female,23,43,535988,476245.96,384490.06,91755.89999999998,19.27,20706.35,2024-05-22,2025-12-10,21,567,265,153,58,29,25,3,4,1,14.81,0.2189,0.1094,0.0943,0,0.0,1
C00576,medium,referral,Pune,35,male,30,65,531311,503954.02999999997,383311.78,120642.24999999999,23.94,16798.47,2024-04-25,2025-12-14,17,598,267,126,76,39,26,3,4,1,18.31,0.2846,0.1461,0.0974,3,88824.48,0
C00111,high,organic,Delhi,34,female,30,59,529380,474690.32,364178.95999999996,110511.36,23.28,15823.01,2025-02-27,2025-12-27,4,303,306,166,61,44,35,3,4,1,36.14,0.1993,0.1438,0.1144,16,290101.34,0
C00783,high,organic,Pune,45,male,21,48,528300,483445.74,374629.57,108816.16999999998,22.51,23021.23,2025-08-28,2025-12-23,8,117,145,64,38,23,20,3,4,1,65.51,0.2621,0.1586,0.1379,8,116700.57,0
C01058,high,organic,Bangalore,42,male,31,60,527019,477056.92000000004,366128.22,110928.70000000001,23.25,15388.93,2025-04-22,2025-12-28,3,250,274,135,76,36,27,3,4,1,45.26,0.2774,0.1314,0.0985,14,303432.19,0
C00445,high,ads,Jaipur,42,female,30,56,526055,495719.33999999997,375291.04000000004,120428.29999999997,24.29,16523.98,2025-05-31,2025-12-15,16,198,185,94,43,31,17,3,4,1,55.3,0.2324,0.1676,0.0919,13,428501.18,0
C01080,medium,ads,Mumbai,44,male,22,45,525267,474091.31,364343.29,109748.01999999999,23.15,21549.6,2024-06-14,2025-12-31,0,565,251,130,66,34,21,3,4,1,14.21,0.2629,0.1355,0.0837,4,15091.29,0
C00840,high,referral,Bhubaneswar,34,female,26,48,524684,465687.69,371094.93,94592.76,20.31,17911.06,2025-06-03,2025-12-14,17,194,197,93,59,27,18,3,4,1,48.92,0.2995,0.1371,0.0914,16,485925.72000000003,0
C00004,medium,organic,Bangalore,38,male,28,52,523309,503765.64,366189.60000000003,137576.03999999998,27.31,17991.63,2024-05-06,2025-10-26,66,538,275,121,79,49,26,3,4,1,19.0,0.2873,0.1782,0.0945,3,33631.600000000006,0
C00882,medium,organic,Bhubaneswar,27,female,20,38,523238,503653.8,360612.14,143041.66,28.4,25182.69,2025-01-22,2025-12-07,24,319,189,80,48,39,22,3,4,1,22.88,0.254,0.2063,0.1164,4,13471.289999999999,0
C01067,medium,ads,Chennai,34,male,20,41,522951,481055.47000000003,370608.76,110446.70999999999,22.96,24052.77,2024-06-06,2025-12-09,22,551,288,145,64,51,28,3,4,1,13.25,0.2222,0.1771,0.0972,5,150323.01,0
C00229,high,ads,Ahmedabad,54,female,38,72,521746,494135.36,370323.75,123811.61,25.06,13003.56,2025-03-19,2025-12-24,7,280,314,161,71,50,32,3,4,1,49.54,0.2261,0.1592,0.1019,8,85079.74,0
C00265,medium,organic,Mumbai,21,male,21,42,521414,471157.77,376014.5,95143.26999999999,20.19,22436.08,2024-05-23,2025-09-19,103,484,278,133,65,51,29,3,4,1,15.84,0.2338,0.1835,0.1043,3,54491.67,0
C00991,medium,referral,Hyderabad,38,female,12,27,520630,496742.51,342291.18,154451.33,31.09,41395.21,2024-10-14,2025-12-27,4,439,221,116,53,30,22,3,4,1,9.98,0.2398,0.1357,0.0995,4,27910.42,0
C00009,medium,ads,Kolkata,19,female,26,46,517172,472052.17,362679.48000000004,109372.68999999997,23.17,18155.85,2024-06-23,2025-11-09,52,504,280,144,61,42,33,3,4,1,18.83,0.2179,0.15,0.1179,3,118984.31999999999,0
C00288,high,organic,Bangalore,18,male,13,30,515459,492945.92,362927.45,130018.47,26.38,37918.92,2025-09-06,2025-12-21,10,106,158,82,39,19,18,3,4,1,44.76,0.2468,0.1203,0.1139,8,220128.99000000002,0
C00773,medium,referral,Bangalore,54,female,13,30,514494,488648.45,361800.34,126848.10999999999,25.96,37588.34,2024-11-01,2025-11-11,50,375,181,87,42,32,20,3,4,1,12.65,0.232,0.1768,0.1105,2,18012.780000000002,0
C00028,high,ads,Jaipur,28,female,31,61,513835,455435.51,376381.23000000004,79054.27999999998,17.36,14691.47,2025-04-07,2025-12-21,10,258,238,123,67,31,17,3,4,1,43.86,0.2815,0.1303,0.0714,13,131185.66999999998,0
C01216,high,ads,Kolkata,44,female,39,76,512672,469630.96,354162.5,115468.45999999999,24.59,12041.82,2024-09-20,2025-12-24,7,460,441,224,104,60,53,3,4,1,30.95,0.2358,0.1361,0.1202,10,62230.56,0
C01148,medium,ads,Hyderabad,42,male,26,58,507782,463629.18,360378.1,103251.08,22.27,17831.89,2024-05-04,2025-11-30,31,575,291,147,81,41,22,3,4,1,16.5,0.2784,0.1409,0.0756,4,95984.64,0
C00909,medium,referral,Bangalore,35,male,26,51,507224,461316.32,351715.65,109600.66999999998,23.76,17742.94,2024-03-17,2025-12-12,19,635,312,161,76,44,31,3,4,1,14.94,0.2436,0.141,0.0994,1,22937.46,0
C00756,medium,referral,Kolkata,39,male,30,60,504756,480243.51,349717.55,130525.95999999998,27.18,16008.12,2024-02-23,2025-12-30,1,676,358,190,96,40,32,3,4,1,16.2,0.2682,0.1117,0.0894,3,7473.58,0
C00190,medium,ads,Pune,37,male,25,48,502646,476637.26,375996.86,100640.39999999998,21.11,19065.49,2024-09-09,2025-12-19,12,466,244,116,72,35,21,3,4,1,19.58,0.2951,0.1434,0.0861,6,43737.45,0
C01065,medium,organic,Chennai,40,male,22,45,498737,461157.41,341706.38,119451.02999999998,25.9,20961.7,2024-09-19,2025-11-29,32,436,237,114,72,35,16,3,4,1,18.42,0.3038,0.1477,0.0675,4,37382.61,0
C00784,medium,organic,Jaipur,59,male,22,48,496456,464567.46,345446.21,119121.25,25.64,21116.7,2024-04-17,2025-12-22,9,614,319,159,84,49,27,3,4,1,13.08,0.2633,0.1536,0.0846,3,37366.700000000004,0
C00001,medium,ads,Bhubaneswar,25,male,27,50,495149,460370.33999999997,332454.73,127915.60999999997,27.79,17050.75,2024-05-18,2025-12-26,5,587,289,136,66,50,37,3,4,1,16.79,0.2284,0.173,0.128,4,22493.37,0
C01205,medium,ads,Ahmedabad,25,female,30,52,494487,441260.93,335011.82,106249.11,24.08,14708.7,2024-02-21,2025-11-16,45,634,360,167,102,56,35,3,4,1,17.27,0.2833,0.1556,0.0972,7,40137.61,0
C00952,medium,ads,Kolkata,27,female,24,43,492903,461804.95999999996,333687.27,128117.68999999999,27.74,19241.87,2024-02-16,2025-12-30,1,683,330,167,78,50,35,3,4,1,12.83,0.2364,0.1515,0.1061,3,27180.749999999996,0
C00642,medium,organic,Pune,30,male,25,52,492638,455062.46,354005.56,101056.90000000001,22.21,18202.5,2024-08-24,2025-12-20,11,483,208,115,47,27,19,3,4,1,18.89,0.226,0.1298,0.0913,4,116390.58,0
C01127,high,organic,Ahmedabad,53,female,27,60,490331,451751.67,343991.94,107759.73,23.85,16731.54,2025-04-25,2025-12-15,16,234,259,127,74,38,20,3,4,1,42.12,0.2857,0.1467,0.0772,14,193265.77,0
C00632,medium,ads,Jaipur,22,female,19,43,489133,409073.88,346340.02,62733.85999999998,15.34,21530.2,2024-07-07,2025-12-13,18,524,256,134,69,36,17,3,4,1,13.23,0.2695,0.1406,0.0664,4,165122.0,0
C00729,medium,organic,Pune,41,other,25,51,488873,454055.32999999996,359788.9,94266.42999999998,20.76,18162.21,2024-06-29,2025-12-22,9,541,290,146,80,44,20,3,4,1,16.87,0.2759,0.1517,0.069,4,116138.29000000001,0
C00986,high,organic,Jaipur,34,male,23,38,487034,454548.6,347265.21,107283.38999999998,23.6,19762.98,2025-06-08,2025-12-24,7,199,207,105,58,29,15,3,4,1,42.19,0.2802,0.1401,0.0725,19,203386.93,0
C00423,medium,ads,Bhubaneswar,19,male,24,48,486524,456999.75999999995,342549.61,114450.14999999997,25.04,19041.66,2024-07-17,2025-12-03,28,504,222,105,53,43,21,3,4,1,17.38,0.2387,0.1937,0.0946,2,103708.44,0
C00535,medium,referral,Mumbai,33,female,22,46,485624,420134.32,346852.7,73281.61999999998,17.44,19097.01,2024-10-17,2025-12-09,22,418,244,116,65,45,18,3,4,1,19.21,0.2664,0.1844,0.0738,0,0.0,1
C00826,medium,organic,Delhi,28,male,14,28,485205,430864.04,346002.36000000004,84861.67999999998,19.7,30776.0,2024-08-18,2025-10-27,65,435,253,131,70,27,25,3,4,1,11.75,0.2767,0.1067,0.0988,4,35293.59,0
C00726,medium,referral,Bhubaneswar,35,male,22,45,483616,464010.36,348644.33999999997,115366.02000000002,24.86,21091.38,2024-06-04,2025-12-20,11,564,278,141,71,37,29,3,4,1,14.24,0.2554,0.1331,0.1043,1,60019.74,0
C00554,medium,organic,Jaipur,18,female,22,51,483033,416013.07,346951.75,69061.31999999998,16.6,18909.69,2024-04-18,2025-09-13,109,513,323,175,73,45,30,3,4,1,15.65,0.226,0.1393,0.0929,5,35243.79,0
C01181,medium,ads,Kolkata,37,male,26,48,481368,446691.1,340141.11,106549.99,23.85,17180.43,2024-06-03,2025-12-28,3,573,272,117,71,56,28,3,4,1,16.56,0.261,0.2059,0.1029,9,228137.50999999998,0
C00172,high,ads,Bhubaneswar,32,female,31,60,478118,446702.2,348919.94,97782.25999999997,21.89,14409.75,2025-05-06,2025-12-28,3,236,268,135,64,46,23,3,4,1,47.94,0.2388,0.1716,0.0858,10,201134.18000000002,0
C00680,medium,ads,Ahmedabad,39,female,25,53,476781,421029.96,335326.13,85703.82999999999,20.36,16841.2,2024-07-22,2025-12-15,16,511,291,137,69,58,27,3,4,1,17.86,0.2371,0.1993,0.0928,3,23915.14,0
C00290,medium,organic,Hyderabad,45,female,16,34,472438,434037.16,327686.59,106350.56999999999,24.5,27127.32,2025-03-13,2025-11-06,55,238,136,67,27,29,13,3,4,1,24.54,0.1985,0.2132,0.0956,3,10837.01,0
C00029,medium,organic,Pune,39,male,22,47,472192,446991.92,330148.76,116843.15999999999,26.14,20317.81,2025-01-03,2025-12-24,7,355,211,107,58,30,16,3,4,1,22.62,0.2749,0.1422,0.0758,5,45984.31,0
C00917,medium,referral,Bangalore,30,male,22,41,469911,434184.1,335203.27999999997,98980.81999999999,22.8,19735.64,2024-03-17,2025-12-15,16,638,329,169,72,48,40,3,4,1,12.59,0.2188,0.1459,0.1216,4,40554.85,0
C00364,medium,referral,Delhi,34,male,21,45,469220,410728.44,320341.69,90386.75,22.01,19558.5,2024-12-02,2025-12-10,21,373,207,86,58,36,27,3,4,1,20.55,0.2802,0.1739,0.1304,2,32239.649999999998,0
C00821,high,organic,Pune,29,female,32,64,468826,426282.7,341108.56,85174.14,19.98,13321.33,2025-06-09,2025-12-29,2,203,214,119,47,27,21,3,4,1,57.54,0.2196,0.1262,0.0981,9,207863.58,0
C00766,medium,organic,Jaipur,35,female,18,34,467741,451211.14999999997,349021.92,102189.22999999997,22.65,25067.29,2024-03-22,2025-12-27,4,645,290,152,71,37,30,3,4,1,10.19,0.2448,0.1276,0.1034,5,132508.37,0
C00585,medium,referral,Bhubaneswar,41,male,27,55,467498,447703.48,330957.12,116746.35999999997,26.08,16581.61,2024-04-03,2025-12-22,9,628,313,167,64,52,30,3,4,1,15.69,0.2045,0.1661,0.0958,2,8170.8,0
C00958,medium,organic,Pune,37,female,22,48,465684,430487.27,334090.63,96396.64,22.39,19567.6,2024-06-15,2025-12-24,7,557,272,135,79,31,27,3,4,1,14.42,0.2904,0.114,0.0993,2,36274.92,0
C01088,medium,organic,Delhi,24,male,17,34,465200,413590.25,337428.98000000004,76161.26999999999,18.41,24328.84,2024-06-18,2025-12-27,4,557,262,128,63,43,28,3,4,1,11.14,0.2405,0.1641,0.1069,6,35938.35,0
C01035,medium,ads,Chennai,18,female,18,37,461960,425050.52999999997,352722.36,72328.17,17.02,23613.92,2024-11-03,2025-12-18,13,410,192,82,66,30,14,3,4,1,16.02,0.3438,0.1563,0.0729,3,83266.56,0
C00430,medium,ads,Chennai,45,male,30,56,461115,409160.64,316261.45,92899.19,22.7,13638.69,2024-04-20,2025-11-09,52,568,294,133,77,56,28,3,4,1,19.28,0.2619,0.1905,0.0952,5,51137.17,0
C00524,medium,ads,Kolkata,20,female,26,47,457755,407906.21,319287.12,88619.09,21.73,15688.7,2024-05-02,2025-12-02,29,579,276,121,70,53,32,3,4,1,16.39,0.2536,0.192,0.1159,3,28526.79,0
C00567,medium,ads,Delhi,28,female,17,38,457534,414037.71,331680.16000000003,82357.55,19.89,24355.16,2024-10-15,2025-11-10,51,391,219,132,46,27,14,3,4,1,15.87,0.21,0.1233,0.0639,3,92985.66,0
C01108,medium,organic,Chennai,29,male,11,22,456829,436715.41,319748.08,116967.32999999999,26.78,39701.4,2025-01-02,2025-12-15,16,347,150,84,37,20,9,3,4,1,11.57,0.2467,0.1333,0.06,5,56320.64,0
C00344,medium,ads,Chennai,49,male,23,44,455700,422574.1,315518.17,107055.93,25.33,18372.79,2024-06-27,2025-11-07,54,498,256,125,60,42,29,3,4,1,16.86,0.2344,0.1641,0.1133,4,21698.22,0
C01152,high,organic,Ahmedabad,28,female,18,38,455116,429937.46,317113.99,112823.47,26.24,23885.41,2025-06-22,2025-12-25,6,186,191,104,44,25,18,3,4,1,35.32,0.2304,0.1309,0.0942,7,102983.86,0
C00737,medium,organic,Delhi,51,male,23,44,455109,418208.57,329899.59,88308.97999999998,21.12,18182.98,2024-06-01,2025-10-18,74,504,278,148,69,42,19,3,4,1,16.66,0.2482,0.1511,0.0683,3,132241.55,0
C01154,medium,ads,Chennai,40,male,20,46,453417,430017.76,324764.07,105253.68999999999,24.48,21500.89,2024-04-09,2025-12-29,2,629,307,146,73,55,33,3,4,1,11.61,0.2378,0.1792,0.1075,6,45640.049999999996,0
C00658,medium,organic,Mumbai,22,female,20,34,451566,411513.26,331636.35,79876.91,19.41,20575.66,2024-05-09,2025-12-25,6,595,271,117,77,46,31,3,4,1,12.27,0.2841,0.1697,0.1144,4,96197.44,0
C00787,high,organic,Bangalore,27,male,32,59,450647,421823.24,321789.08,100034.15999999996,23.71,13181.98,2025-03-27,2025-12-17,14,265,275,132,71,43,29,3,4,1,44.08,0.2582,0.1564,0.1055,8,52464.4,0
C01011,high,ads,Bangalore,25,male,37,76,450491,420856.89,314388.81,106468.08,25.3,11374.51,2025-04-06,2025-12-29,2,267,306,151,86,39,30,3,4,1,50.58,0.281,0.1275,0.098,12,102020.38,0
C00719,medium,ads,Ahmedabad,32,female,27,63,449050,400512.02,310783.36,89728.65999999999,22.4,14833.78,2024-01-11,2025-12-30,1,719,384,215,75,54,40,3,4,1,13.71,0.1953,0.1406,0.1042,4,67593.52,0
C00065,medium,organic,Jaipur,36,female,19,40,448777,414569.73,313911.6,100658.12999999999,24.28,21819.46,2024-09-19,2025-11-24,37,431,248,131,60,39,18,3,4,1,16.09,0.2419,0.1573,0.0726,3,17600.030000000002,0
C00525,high,ads,Pune,38,female,17,33,448001,427002.42000000004,304958.01,122044.41,28.58,25117.79,2025-09-29,2025-12-30,1,92,116,58,29,17,12,3,4,1,67.45,0.25,0.1466,0.1034,7,178325.98,0
C00425,medium,organic,Bangalore,23,other,28,65,446605,412296.39,323888.10000000003,88408.28999999998,21.44,14724.87,2024-03-20,2025-12-28,3,648,314,165,62,56,31,3,4,1,15.77,0.1975,0.1783,0.0987,2,20103.5,0
C00059,medium,ads,Bangalore,21,male,35,69,445846,420344.95,321503.95,98840.99999999999,23.51,12009.86,2024-04-23,2025-12-31,0,617,279,124,74,48,33,3,4,1,20.71,0.2652,0.172,0.1183,1,10939.66,0
C00292,medium,ads,Bhubaneswar,18,male,21,48,445279,413331.76999999996,304065.65,109266.12,26.44,19682.47,2024-05-16,2025-12-10,21,573,285,148,62,39,36,3,4,1,13.38,0.2175,0.1368,0.1263,4,145215.25999999998,0
C01223,medium,ads,Bhubaneswar,55,male,22,46,445211,413055.56,320305.4,92750.15999999997,22.45,18775.25,2024-03-05,2025-12-29,2,664,317,178,78,44,17,3,4,1,12.09,0.2461,0.1388,0.0536,4,59649.7,0
C00710,high,ads,Pune,28,male,23,45,444934,411778.82999999996,317961.7,93817.12999999999,22.78,17903.43,2025-04-05,2025-12-27,4,266,234,120,60,32,22,3,4,1,31.56,0.2564,0.1368,0.094,12,369764.01,0
C00149,medium,ads,Hyderabad,28,male,21,45,444262,406206.93,313394.11,92812.81999999998,22.85,19343.19,2024-08-20,2025-10-25,67,431,232,117,58,40,17,3,4,1,17.78,0.25,0.1724,0.0733,3,118413.75,0
C00041,high,ads,Chennai,37,other,24,44,443976,406895.79,298837.39,108058.40000000001,26.56,16953.99,2025-07-26,2025-12-28,3,155,146,71,35,25,15,3,4,1,56.52,0.2397,0.1712,0.1027,6,33254.74,0
C00085,medium,ads,Mumbai,38,female,22,46,443083,388554.7,297178.77,91375.93000000001,23.52,17661.58,2024-09-09,2025-12-27,4,474,240,115,54,42,29,3,4,1,16.94,0.225,0.175,0.1208,5,96579.81999999999,0
C00416,high,organic,Bhubaneswar,27,male,15,34,441200,399464.25,298015.01,101449.24,25.4,26630.95,2025-09-06,2025-12-05,26,90,126,62,31,18,15,3,4,1,60.83,0.246,0.1429,0.119,10,240451.57,0
C00278,medium,ads,Bhubaneswar,24,female,23,45,440976,393266.31,316529.42,76736.88999999997,19.51,17098.54,2024-07-22,2025-11-11,50,477,279,133,78,42,26,3,4,1,17.6,0.2796,0.1505,0.0932,7,69152.66,0
C00968,medium,ads,Bhubaneswar,39,female,24,46,440600,402616.89,311339.92,91276.97,22.67,16775.7,2024-06-28,2025-10-24,68,483,247,111,74,31,31,3,4,1,18.14,0.2996,0.1255,0.1255,1,40580.8,0
C01081,medium,ads,Bhubaneswar,32,female,24,50,440319,414929.94999999995,305322.91,109607.03999999998,26.42,17288.75,2024-08-30,2025-12-14,17,471,262,132,71,38,21,3,4,1,18.6,0.271,0.145,0.0802,1,2919.35,0
C00479,medium,ads,Ahmedabad,30,male,12,25,440318,385507.55,332126.28,53381.26999999997,13.85,32125.63,2024-10-19,2025-12-06,25,413,209,109,49,34,17,3,4,1,10.61,0.2344,0.1627,0.0813,8,87942.05,0
C00307,medium,referral,Bangalore,53,male,15,34,438954,387547.0,324405.7,63141.3,16.29,25836.47,2025-02-10,2025-12-24,7,317,157,75,36,23,23,3,4,1,17.27,0.2293,0.1465,0.1465,3,55330.59,0
C00328,medium,organic,Delhi,37,female,23,39,438236,408386.27999999997,298691.84,109694.44,26.86,17755.93,2024-02-09,2025-12-06,25,666,305,147,79,50,29,3,4,1,12.61,0.259,0.1639,0.0951,5,263728.02,0
C00216,high,organic,Mumbai,50,male,23,46,438133,393976.97,317021.62,76955.34999999998,19.53,17129.43,2025-07-20,2025-12-19,12,152,163,87,37,21,18,3,4,1,55.23,0.227,0.1288,0.1104,7,155011.58,0
C01106,medium,organic,Chennai,51,female,18,39,437700,401933.69,308139.38,93794.31000000001,23.34,22329.65,2025-01-16,2025-10-23,69,280,178,81,45,32,20,3,4,1,23.46,0.2528,0.1798,0.1124,4,45630.59,0
C00855,medium,ads,Jaipur,32,female,19,37,436162,413876.47,311791.71,102084.75999999998,24.67,21782.97,2024-05-19,2025-11-27,34,557,299,138,77,48,36,3,4,1,12.45,0.2575,0.1605,0.1204,5,64828.92,0
C00625,medium,ads,Hyderabad,42,male,23,44,435031,392107.95,302773.65,89334.3,22.78,17048.17,2024-09-27,2025-12-21,10,450,232,121,58,31,22,3,4,1,18.66,0.25,0.1336,0.0948,4,30970.75,0
C00753,medium,referral,Hyderabad,39,male,25,43,434545,416363.23,312476.82,103886.40999999999,24.95,16654.53,2024-04-01,2025-11-13,48,591,295,141,68,50,36,3,4,1,15.44,0.2305,0.1695,0.122,3,22757.68,0
C01004,high,ads,Kolkata,54,female,14,34,434411,404471.67,308141.92,96329.74999999999,23.82,28890.83,2025-09-14,2025-12-21,10,98,130,65,32,22,11,3,4,1,52.14,0.2462,0.1692,0.0846,14,170230.43,0
C00463,medium,organic,Mumbai,49,female,27,56,433828,417797.56,295010.17,122787.38999999998,29.39,15473.98,2024-04-18,2025-12-17,14,608,287,137,85,41,24,3,4,1,16.21,0.2962,0.1429,0.0836,2,70219.95,0
C01166,medium,referral,Ahmedabad,22,female,25,53,432838,403913.41,301872.86,102040.55,25.26,16156.54,2024-07-03,2025-12-13,18,528,264,138,65,38,23,3,4,1,17.28,0.2462,0.1439,0.0871,3,16999.46,0
C01072,medium,referral,Ahmedabad,39,female,16,39,430359,393799.88,304009.91,89789.97,22.8,24612.49,2024-12-20,2025-10-29,63,313,207,96,61,40,10,3,4,1,18.66,0.2947,0.1932,0.0483,3,33902.729999999996,0
C00780,medium,ads,Ahmedabad,27,male,16,36,429419,393059.51,292880.02,100179.49,25.49,24566.22,2024-11-03,2025-12-31,0,423,207,104,53,28,22,3,4,1,13.81,0.256,0.1353,0.1063,5,84663.74,0
C00254,medium,organic,Pune,27,male,11,24,428644,400570.22,304741.62,95828.59999999996,23.92,36415.47,2025-05-28,2025-12-25,6,211,98,47,28,16,7,3,4,1,19.03,0.2857,0.1633,0.0714,4,126171.87,0
C00934,medium,ads,Pune,38,male,22,43,428183,391322.12,303022.62,88299.49999999997,22.56,17787.37,2024-10-10,2025-11-06,55,392,200,87,60,36,17,3,4,1,20.48,0.3,0.18,0.085,6,100670.62,0
C00305,medium,ads,Mumbai,34,male,21,39,427539,400911.26,316167.41000000003,84743.84999999999,21.14,19091.01,2024-06-14,2025-12-26,5,560,275,142,63,44,26,3,4,1,13.69,0.2291,0.16,0.0945,2,12711.71,0
C00736,medium,referral,Jaipur,43,male,27,57,426577,397458.55,305092.85,92365.7,23.24,14720.69,2024-06-07,2025-12-11,20,552,300,140,84,44,32,3,4,1,17.85,0.28,0.1467,0.1067,3,42065.86,0
C00049,medium,organic,Mumbai,18,male,18,34,426523,389667.08,284408.7,105258.38000000002,27.01,21648.17,2024-06-16,2025-12-17,14,549,252,120,64,44,24,3,4,1,11.97,0.254,0.1746,0.0952,2,6140.8,0
C00155,medium,ads,Delhi,22,male,22,38,423247,408463.48,289847.63,118615.84999999999,29.04,18566.52,2024-07-13,2025-12-16,15,521,279,160,57,40,22,3,4,1,15.41,0.2043,0.1434,0.0789,5,100993.61,0
C00025,medium,ads,Bhubaneswar,44,female,23,48,422924,363567.95,282050.65,81517.3,22.42,15807.3,2024-07-26,2025-12-23,8,515,246,136,56,34,20,3,4,1,16.3,0.2276,0.1382,0.0813,6,61316.14,0
C00980,medium,organic,Hyderabad,32,male,24,41,421973,397404.41,297447.76,99956.64999999997,25.15,16558.52,2024-01-14,2025-09-17,105,612,352,159,103,59,31,3,4,1,14.31,0.2926,0.1676,0.0881,2,52238.899999999994,0
C00754,medium,ads,Pune,29,female,24,47,421663,394046.08,281329.01,112717.06999999999,28.61,16418.59,2024-05-05,2025-11-07,54,551,285,147,65,37,36,3,4,1,15.9,0.2281,0.1298,0.1263,6,131997.87,0
C00181,medium,organic,Chennai,37,male,25,47,418962,358186.12,298933.15,59252.96999999998,16.54,14327.44,2024-10-22,2025-11-30,31,404,238,124,50,40,24,3,4,1,22.59,0.2101,0.1681,0.1008,2,39131.619999999995,0
C00768,medium,organic,Jaipur,47,female,23,45,418011,400413.31,285352.81,115060.5,28.74,17409.27,2024-06-06,2025-12-26,5,568,279,143,62,51,23,3,4,1,14.78,0.2222,0.1828,0.0824,4,97008.39,0
C00937,high,ads,Chennai,45,female,24,47,415753,385916.25,293530.60000000003,92385.64999999998,23.94,16079.84,2025-06-13,2025-12-15,16,185,223,114,54,33,22,3,4,1,47.35,0.2422,0.148,0.0987,14,194440.84,0
C00456,medium,organic,Ahmedabad,32,male,15,32,415109,377615.93,302418.2,75197.73,19.91,25174.4,2025-05-31,2025-11-13,48,166,145,76,43,17,9,3,4,1,32.98,0.2966,0.1172,0.0621,4,8478.539999999999,0
C01001,medium,ads,Bangalore,30,male,21,38,412183,371676.1,306623.89,65052.20999999999,17.5,17698.86,2024-12-28,2025-12-17,14,354,203,104,59,24,16,3,4,1,21.65,0.2906,0.1182,0.0788,0,0.0,1
C00555,high,referral,Hyderabad,43,female,16,32,411285,367686.72,290923.15,76763.56999999998,20.88,22980.42,2025-09-13,2025-12-30,1,108,113,50,28,21,14,3,4,1,54.07,0.2478,0.1858,0.1239,14,261828.67,0
C00213,medium,ads,Kolkata,18,male,21,43,409740,393852.85,281916.13,111936.72,28.42,18754.9,2024-01-06,2025-12-16,15,710,318,152,87,45,34,3,4,1,10.8,0.2736,0.1415,0.1069,5,76753.81,0
C00796,medium,organic,Delhi,18,female,21,36,406789,371704.76,279761.74,91943.01999999997,24.74,17700.23,2024-07-24,2025-12-12,19,506,242,116,71,33,22,3,4,1,15.15,0.2934,0.1364,0.0909,1,10241.0,0
C00627,medium,organic,Chennai,33,female,28,57,405245,377560.89999999997,292657.52,84903.37999999998,22.49,13484.32,2024-05-31,2025-12-13,18,561,292,142,82,37,31,3,4,1,18.22,0.2808,0.1267,0.1062,7,105597.54,0
C00732,medium,organic,Ahmedabad,27,female,26,50,404160,373495.63999999996,297495.71,75999.92999999998,20.35,14365.22,2024-08-18,2025-12-12,19,481,241,117,59,37,28,3,4,1,19.73,0.2448,0.1535,0.1162,4,119277.04,0
C00210,medium,referral,Ahmedabad,41,male,24,55,402041,374253.43,281698.92,92554.50999999998,24.73,15593.89,2024-05-19,2025-12-30,1,590,292,147,73,43,29,3,4,1,14.85,0.25,0.1473,0.0993,3,26785.239999999998,0
C00452,medium,ads,Chennai,32,male,23,43,400181,371702.81,293092.84,78609.96999999997,21.15,16160.99,2024-08-26,2025-10-27,65,427,217,113,50,30,24,3,4,1,19.66,0.2304,0.1382,0.1106,4,102753.53,0
C00894,medium,organic,Mumbai,38,female,25,50,399279,367229.88,281105.05,86124.82999999997,23.45,14689.2,2024-03-20,2025-12-15,16,635,342,172,91,51,28,3,4,1,14.37,0.2661,0.1491,0.0819,0,0.0,1
C00951,medium,organic,Pune,30,female,17,33,398973,372201.5,281248.87,90952.63,24.44,21894.21,2024-09-06,2025-11-08,53,428,232,106,66,37,23,3,4,1,14.5,0.2845,0.1595,0.0991,1,10647.91,0
C00845,medium,organic,Ahmedabad,42,male,28,55,398050,372466.66,285535.28,86931.37999999999,23.34,13302.38,2024-06-17,2025-12-28,3,559,312,156,78,51,27,3,4,1,18.28,0.25,0.1635,0.0865,4,42187.42,0
C00786,medium,ads,Delhi,31,female,22,40,397484,363016.07,295608.7,67407.37,18.57,16500.73,2024-06-13,2025-12-24,7,559,286,149,63,42,32,3,4,1,14.36,0.2203,0.1469,0.1119,7,221198.51,0
C00901,medium,ads,Bhubaneswar,38,female,17,33,397054,380463.43,285024.48,95438.94999999998,25.08,22380.2,2024-06-22,2025-12-10,21,536,240,117,59,36,28,3,4,1,11.58,0.2458,0.15,0.1167,4,81708.79,0
C00832,medium,organic,Chennai,18,female,24,48,396609,373304.3,278539.67,94764.62999999999,25.39,15554.35,2024-02-29,2025-11-09,52,619,338,161,92,43,42,3,4,1,14.15,0.2722,0.1272,0.1243,6,158463.74,0
C00609,medium,organic,Delhi,44,female,14,27,395827,347049.17,282235.8,64813.36999999998,18.68,24789.23,2025-02-07,2025-12-06,25,302,153,75,37,24,17,3,4,1,16.92,0.2418,0.1569,0.1111,4,41516.88,0
C00359,medium,ads,Kolkata,30,male,28,56,393661,376095.45999999996,266442.52999999997,109652.93,29.16,13431.98,2024-05-19,2025-12-24,7,584,289,151,55,53,30,3,4,1,17.5,0.1903,0.1834,0.1038,2,13165.43,0
C01029,medium,organic,Hyderabad,40,male,11,28,393444,359382.56,275615.87,83766.68999999997,23.31,32671.14,2025-07-30,2025-12-09,22,132,79,34,19,12,14,3,4,1,30.42,0.2405,0.1519,0.1772,6,117542.75,0
C00605,medium,organic,Delhi,42,male,17,37,391444,353825.68,270783.19,83042.48999999999,23.47,20813.28,2024-09-08,2025-12-18,13,466,250,138,56,36,20,3,4,1,13.32,0.224,0.144,0.08,2,48608.99,0
C01170,medium,ads,Hyderabad,38,male,22,39,391299,366177.66,271725.32,94452.33999999998,25.79,16644.44,2024-06-28,2025-10-04,88,463,237,118,61,30,28,3,4,1,17.34,0.2574,0.1266,0.1181,2,7758.660000000001,0
C00221,medium,ads,Bhubaneswar,28,male,19,33,390775,358217.58,282709.49,75508.09,21.08,18853.56,2024-07-14,2025-12-27,4,531,292,145,85,34,28,3,4,1,13.06,0.2911,0.1164,0.0959,3,42014.29,0
C00330,medium,organic,Ahmedabad,34,female,18,39,390392,364437.36,283097.58,81339.77999999998,22.32,20246.52,2024-11-02,2025-12-05,26,398,206,95,49,45,17,3,4,1,16.51,0.2379,0.2184,0.0825,4,103037.35,0
C00274,medium,ads,Chennai,35,male,29,59,389559,365226.99,265056.38,100170.61,27.43,12594.03,2024-02-11,2025-12-12,19,670,310,165,75,37,33,3,4,1,15.8,0.2419,0.1194,0.1065,3,14368.41,0
C00892,high,organic,Kolkata,47,male,13,31,389091,359020.18,274039.83,84980.35,23.67,27616.94,2025-10-07,2025-12-29,2,83,84,33,24,20,7,3,4,1,57.17,0.2857,0.2381,0.0833,8,154575.57,0
C00276,medium,ads,Jaipur,18,female,21,34,389082,359240.65,287446.29000000004,71794.35999999999,19.99,17106.7,2024-01-13,2025-12-15,16,702,329,158,75,65,31,3,4,1,10.92,0.228,0.1976,0.0942,3,7746.0,0
C00830,medium,ads,Mumbai,32,male,20,38,386988,365357.49,271945.4,93412.09000000001,25.57,18267.87,2024-03-22,2025-11-22,39,610,319,165,75,48,31,3,4,1,11.97,0.2351,0.1505,0.0972,3,185428.85,0
C00703,high,ads,Bangalore,44,male,24,52,386826,365848.58999999997,286349.2,79499.38999999997,21.73,15243.69,2025-07-01,2025-12-26,5,178,190,96,48,30,16,3,4,1,49.21,0.2526,0.1579,0.0842,5,117643.04999999999,0
C01201,medium,organic,Bangalore,26,male,16,33,385588,366359.13,276819.9,89539.23,24.44,22897.45,2024-10-17,2025-12-27,4,436,228,112,56,39,21,3,4,1,13.39,0.2456,0.1711,0.0921,2,10965.619999999999,0
C00994,medium,ads,Mumbai,23,female,24,53,385587,333957.76,263395.23,70562.53,21.13,13914.91,2024-01-18,2025-12-25,6,707,319,164,77,43,35,3,4,1,12.39,0.2414,0.1348,0.1097,2,22026.519999999997,0
C00212,medium,organic,Jaipur,32,male,27,56,385527,351560.64,254443.52000000002,97117.11999999998,27.62,13020.76,2024-05-26,2025-12-31,0,584,285,150,64,38,33,3,4,1,16.88,0.2246,0.1333,0.1158,5,48131.19,0
C00072,medium,organic,Delhi,31,male,28,56,383000,353948.59,261351.93,92596.65999999999,26.16,12641.02,2024-05-05,2025-11-03,58,547,314,142,92,46,34,3,4,1,18.68,0.293,0.1465,0.1083,2,101334.23,0
C00607,medium,ads,Kolkata,32,male,24,45,382018,359602.77999999997,270600.95,89001.82999999999,24.75,14983.45,2024-09-08,2025-11-18,43,436,240,123,52,41,24,3,4,1,20.09,0.2167,0.1708,0.1,4,46372.99,0
C01119,medium,organic,Chennai,18,male,14,33,380924,343307.51999999996,262731.68,80575.83999999998,23.47,24521.97,2024-12-10,2025-11-30,31,355,180,87,44,28,21,3,4,1,14.39,0.2444,0.1556,0.1167,1,6084.54,0
C00466,medium,ads,Chennai,37,female,14,33,379378,358883.18,269072.79000000004,89810.38999999997,25.02,25634.51,2024-08-25,2025-11-06,55,438,224,111,62,22,29,3,4,1,11.67,0.2768,0.0982,0.1295,6,68282.20000000001,0
C00861,medium,ads,Kolkata,40,male,29,56,378784,354599.38,263195.91,91403.47,25.78,12227.56,2024-02-26,2025-12-02,29,645,327,169,83,39,36,3,4,1,16.41,0.2538,0.1193,0.1101,2,104880.84,0
C00629,medium,ads,Hyderabad,28,male,23,48,378122,351499.12,269221.92,82277.19999999998,23.41,15282.57,2024-09-23,2025-11-01,60,404,220,106,54,38,22,3,4,1,20.78,0.2455,0.1727,0.1,4,49114.49,0
C00491,medium,ads,Delhi,37,female,30,62,378055,348132.16,268336.6,79795.55999999998,22.92,11604.41,2024-01-27,2025-12-10,21,683,341,184,69,56,32,3,4,1,16.03,0.2023,0.1642,0.0938,2,44587.14,0
C01165,medium,referral,Bhubaneswar,25,male,24,44,376138,353142.39999999997,266218.84,86923.55999999998,24.61,14714.27,2024-02-09,2025-11-21,40,651,328,165,81,44,38,3,4,1,13.46,0.247,0.1341,0.1159,2,144408.99,0
C00911,medium,referral,Delhi,46,female,20,44,372817,345578.49,257075.66,88502.83,25.61,17278.92,2024-06-02,2025-12-15,16,561,275,141,66,40,28,3,4,1,13.01,0.24,0.1455,0.1018,3,128902.62000000001,0
C00069,medium,referral,Jaipur,21,other,24,47,371317,348290.3,256310.98,91979.31999999998,26.41,14512.1,2024-01-18,2025-12-08,23,690,336,173,92,36,35,3,4,1,12.7,0.2738,0.1071,0.1042,1,1783.6,0
C00365,medium,referral,Chennai,33,female,26,51,369379,341507.23,252751.91,88755.31999999999,25.99,13134.89,2024-06-07,2025-11-21,40,532,294,141,80,54,19,3,4,1,17.84,0.2721,0.1837,0.0646,4,207312.01,0
C00053,medium,referral,Ahmedabad,46,female,19,35,369193,343658.31,253195.4,90462.91,26.32,18087.28,2024-12-13,2025-12-29,2,381,185,90,60,19,16,3,4,1,18.2,0.3243,0.1027,0.0865,6,112234.81,0
C00270,medium,referral,Jaipur,28,female,14,29,366258,321163.69,254543.79,66619.9,20.74,22940.26,2025-01-10,2025-12-19,12,343,214,96,59,32,27,3,4,1,14.9,0.2757,0.1495,0.1262,3,22851.84,0
C01052,medium,organic,Chennai,32,male,19,33,365830,346664.61,259007.77,87656.83999999998,25.29,18245.51,2024-09-12,2025-12-15,16,459,229,121,48,38,22,3,4,1,15.11,0.2096,0.1659,0.0961,0,0.0,1
C00649,medium,ads,Jaipur,18,female,20,37,364505,337741.08,239023.05,98718.03,29.23,16887.05,2024-01-16,2025-12-24,7,708,337,168,80,58,31,3,4,1,10.31,0.2374,0.1721,0.092,2,29920.29,0
C01017,medium,organic,Delhi,42,male,17,37,363542,337285.18,263594.6,73690.57999999999,21.85,19840.3,2024-11-23,2025-11-25,36,367,190,102,41,27,20,3,4,1,16.91,0.2158,0.1421,0.1053,4,168457.0,0
C00893,medium,referral,Mumbai,56,male,14,30,360544,318933.32,273630.96,45302.359999999986,14.2,22780.95,2025-04-29,2025-12-16,15,231,103,53,27,19,4,3,4,1,22.12,0.2621,0.1845,0.0388,4,55317.35,0
C00940,medium,organic,Ahmedabad,24,female,15,23,359533,337535.72,270788.47000000003,66747.24999999999,19.77,22502.38,2025-04-14,2025-12-01,30,231,176,83,46,36,11,3,4,1,23.7,0.2614,0.2045,0.0625,3,27234.850000000002,0
C00078,medium,organic,Chennai,42,male,18,47,359287,325957.81,252986.05000000002,72971.76,22.39,18108.77,2024-07-02,2025-11-13,48,499,244,119,69,37,19,3,4,1,13.17,0.2828,0.1516,0.0779,3,14415.28,0
C00775,medium,ads,Kolkata,56,male,23,46,358617,324328.75,252132.69,72196.06,22.26,14101.25,2024-02-27,2025-11-25,36,637,325,173,66,58,28,3,4,1,13.18,0.2031,0.1785,0.0862,6,108104.96,0
C01031,high,organic,Mumbai,35,female,17,30,358190,304286.47,257296.82,46989.64999999997,15.44,17899.2,2025-08-24,2025-12-02,29,100,132,68,28,19,17,3,4,1,62.05,0.2121,0.1439,0.1288,11,151878.19,0
C00018,medium,organic,Mumbai,41,female,24,46,357654,337738.87,246121.15,91617.71999999999,27.13,14072.45,2024-05-12,2025-12-19,12,586,288,157,60,43,28,3,4,1,14.95,0.2083,0.1493,0.0972,1,28578.4,0
C01012,medium,ads,Jaipur,37,female,21,38,357310,338590.62,248968.25,89622.36999999998,26.47,16123.36,2024-05-18,2025-11-04,57,535,269,145,65,33,26,3,4,1,14.33,0.2416,0.1227,0.0967,3,44430.6,0
C00148,medium,organic,Jaipur,35,female,19,32,354942,337666.38,254049.52,83616.85999999999,24.76,17771.91,2025-04-14,2025-12-31,0,261,160,87,43,16,14,3,4,1,26.57,0.2687,0.1,0.0875,1,2499.0,0
C00243,medium,ads,Pune,20,female,19,42,354585,329158.03,250300.24,78857.79,23.96,17324.11,2024-07-10,2025-10-30,62,477,276,128,67,40,41,3,4,1,14.54,0.2428,0.1449,0.1486,3,36468.340000000004,0
C01172,medium,referral,Bhubaneswar,33,male,24,44,354392,325427.45999999996,246775.88,78651.58,24.17,13559.48,2024-03-08,2025-11-08,53,610,323,144,92,54,33,3,4,1,14.36,0.2848,0.1672,0.1022,2,57146.97,0
C00291,medium,referral,Pune,30,female,13,32,352729,321818.57,247040.57,74777.99999999999,23.24,24755.27,2025-03-07,2025-11-30,31,268,151,80,37,19,15,3,4,1,17.71,0.245,0.1258,0.0993,6,173416.71,0
C00440,medium,ads,Jaipur,38,female,19,43,352321,307045.56,245153.46,61892.10000000001,20.16,16160.29,2024-06-01,2025-11-18,43,535,260,132,68,38,22,3,4,1,12.96,0.2615,0.1462,0.0846,3,110130.00000000001,0
C01215,high,referral,Kolkata,42,male,15,32,351332,323642.97,237293.82,86349.15,26.68,21576.2,2025-10-19,2025-12-22,9,64,89,40,29,13,7,3,4,1,85.55,0.3258,0.1461,0.0787,5,128073.25,0
C00647,medium,referral,Bangalore,42,male,16,36,351022,326783.91,240462.22,86321.68999999999,26.42,20423.99,2025-04-14,2025-12-29,2,259,147,73,35,25,14,3,4,1,22.55,0.2381,0.1701,0.0952,6,91373.46,0
C00408,medium,organic,Jaipur,23,female,15,31,349118,324712.82,238248.13999999998,86464.68,26.63,21647.52,2024-11-30,2025-11-15,46,350,197,100,53,21,23,3,4,1,15.64,0.269,0.1066,0.1168,7,88560.49,0
C00690,medium,referral,Kolkata,21,female,14,26,347737,318937.89999999997,241162.16,77775.73999999996,24.39,22781.28,2025-01-02,2025-11-24,37,326,157,85,40,18,14,3,4,1,15.67,0.2548,0.1146,0.0892,4,19894.83,0
C01021,medium,organic,Pune,30,female,21,41,346584,329079.7,244694.96000000002,84384.73999999999,25.64,15670.46,2024-10-11,2025-12-12,19,427,213,116,45,31,21,3,4,1,17.95,0.2113,0.1455,0.0986,4,79831.14,0
C00769,medium,referral,Bangalore,42,female,18,34,346001,319280.48,240877.36000000002,78403.11999999998,24.56,17737.8,2024-09-08,2025-12-23,8,471,216,109,49,34,24,3,4,1,13.95,0.2269,0.1574,0.1111,4,90084.87999999999,0
C00539,medium,ads,Delhi,18,female,25,41,345685,328420.75,243185.17,85235.57999999999,25.95,13136.83,2024-09-24,2025-11-18,43,420,264,129,66,44,25,3,4,1,21.73,0.25,0.1667,0.0947,4,30928.97,0
C00975,medium,organic,Chennai,19,female,17,39,345331,319386.76,241877.13,77509.62999999999,24.27,18787.46,2024-09-04,2025-10-20,72,411,245,123,67,36,19,3,4,1,15.1,0.2735,0.1469,0.0776,4,56812.73,0
C01076,medium,ads,Jaipur,26,male,9,19,344559,297052.83,253782.41,43270.419999999984,14.57,33005.87,2025-06-10,2025-12-29,2,202,116,58,35,16,7,3,4,1,16.26,0.3017,0.1379,0.0603,8,171090.44999999998,0
C01184,high,organic,Jaipur,44,female,22,43,344097,303783.20999999996,243147.59,60635.61999999998,19.96,13808.33,2025-04-20,2025-12-25,6,249,221,121,53,22,25,3,4,1,32.25,0.2398,0.0995,0.1131,20,282436.38,0
C00908,medium,organic,Jaipur,21,female,17,30,342731,313354.02,237773.35,75580.66999999998,24.12,18432.59,2025-01-30,2025-12-17,14,321,160,77,51,24,8,3,4,1,19.33,0.3187,0.15,0.05,7,35939.07,0
C01156,medium,organic,Jaipur,38,male,18,35,342648,302313.35000000003,231020.11,71293.24000000002,23.58,16795.19,2024-09-02,2025-11-27,34,451,273,130,67,42,34,3,4,1,14.57,0.2454,0.1538,0.1245,3,11748.68,0
C00713,medium,referral,Kolkata,49,male,12,24,341488,297783.04,250244.77000000002,47538.26999999998,15.96,24815.25,2024-09-25,2025-11-04,57,405,223,115,50,35,23,3,4,1,10.81,0.2242,0.157,0.1031,3,37990.2,0
C00100,high,ads,Chennai,23,male,26,43,341209,316738.77,232945.22,83793.55,26.46,12182.26,2025-06-12,2025-12-31,0,202,206,107,43,30,26,3,4,1,46.98,0.2087,0.1456,0.1262,8,116223.11,0
C01168,medium,ads,Delhi,35,female,10,21,340836,299674.89999999997,249241.03000000003,50433.86999999997,16.83,29967.49,2025-05-28,2025-11-27,34,183,115,54,33,19,9,3,4,1,19.95,0.287,0.1652,0.0783,5,63287.48,0
C01220,medium,ads,Bangalore,21,male,20,40,339390,317777.66,245641.67,72135.98999999998,22.7,15888.88,2024-06-14,2025-12-31,0,565,236,115,51,42,28,3,4,1,12.92,0.2161,0.178,0.1186,6,100354.87999999999,0
C01111,medium,ads,Chennai,37,male,26,49,338871,308637.23,244202.56,64434.669999999984,20.88,11870.66,2024-06-10,2025-11-21,40,529,266,135,79,29,23,3,4,1,17.94,0.297,0.109,0.0865,2,24436.739999999998,0
C00851,medium,referral,Kolkata,30,female,17,38,337154,311975.89,242258.34,69717.55,22.35,18351.52,2024-03-05,2025-12-04,27,639,304,144,73,51,36,3,4,1,9.71,0.2401,0.1678,0.1184,4,44348.869999999995,0
C00437,medium,referral,Jaipur,37,female,14,30,336979,308607.12,229102.77000000002,79504.34999999999,25.76,22043.37,2025-02-17,2025-12-31,0,317,177,95,44,25,13,3,4,1,16.12,0.2486,0.1412,0.0734,5,194124.88,0
C01097,medium,ads,Ahmedabad,35,female,19,39,334126,314205.74,246751.36,67454.37999999999,21.47,16537.14,2024-10-12,2025-12-16,15,430,205,100,49,31,25,3,4,1,16.13,0.239,0.1512,0.122,3,8210.06,0
C01008,medium,ads,Jaipur,33,female,16,36,331694,312626.44,225494.73,87131.70999999999,27.87,19539.15,2024-09-10,2025-12-09,22,455,211,95,59,29,28,3,4,1,12.84,0.2796,0.1374,0.1327,3,16093.939999999999,0
C01133,medium,ads,Mumbai,24,female,9,18,331577,308086.15,232732.33000000002,75353.81999999999,24.46,34231.79,2025-05-13,2025-11-22,39,193,155,85,38,23,9,3,4,1,17.02,0.2452,0.1484,0.0581,4,20450.67,0
C00918,high,ads,Chennai,21,female,16,33,331322,296319.26,237319.06,59000.2,19.91,18519.95,2025-09-24,2025-12-15,16,82,113,58,35,11,9,3,4,1,71.22,0.3097,0.0973,0.0796,17,226429.21,0
C00467,medium,organic,Bangalore,22,male,21,37,331101,300185.04,229163.11000000002,71021.93,23.66,14294.53,2024-04-29,2025-12-07,24,587,267,138,60,35,34,3,4,1,13.06,0.2247,0.1311,0.1273,3,146663.77,0
C00406,medium,ads,Ahmedabad,35,male,18,35,330944,317238.6,227188.68,90049.92000000001,28.39,17624.37,2024-08-05,2025-10-31,61,452,281,137,80,34,30,3,4,1,14.54,0.2847,0.121,0.1068,5,65001.479999999996,0
C00638,medium,referral,Bangalore,35,male,16,35,330395,308870.91,226344.83000000002,82526.07999999999,26.72,19304.43,2024-05-21,2025-12-29,2,587,274,125,81,33,35,3,4,1,9.95,0.2956,0.1204,0.1277,6,125699.31,0
C00407,medium,ads,Bangalore,40,male,20,36,329394,312477.69,232901.97000000003,79575.71999999997,25.47,15623.88,2024-06-28,2025-10-25,67,484,256,125,64,48,19,3,4,1,15.08,0.25,0.1875,0.0742,4,121678.13,0
C00484,medium,organic,Delhi,35,male,17,34,329390,309530.48,230298.02000000002,79232.45999999999,25.6,18207.68,2024-07-20,2025-12-03,28,501,257,144,52,35,26,3,4,1,12.39,0.2023,0.1362,0.1012,5,125446.45999999999,0
C01096,medium,organic,Hyderabad,18,male,14,24,329295,279045.65,226430.9,52614.75,18.86,19931.83,2024-12-26,2025-12-29,2,368,192,102,50,17,23,3,4,1,13.89,0.2604,0.0885,0.1198,0,0.0,1
C00685,medium,organic,Hyderabad,24,female,15,34,327534,304442.82999999996,226963.3,77479.52999999998,25.45,20296.19,2024-09-27,2025-12-02,29,431,234,123,57,29,25,3,4,1,12.7,0.2436,0.1239,0.1068,2,12104.84,0
C01142,medium,organic,Delhi,24,female,11,25,327247,289208.47,234746.83000000002,54461.639999999985,18.83,26291.68,2025-03-12,2025-12-29,2,292,145,77,31,15,22,3,4,1,13.75,0.2138,0.1034,0.1517,4,41405.21,0
C00140,high,ads,Delhi,47,female,17,37,327095,298501.98,226248.77,72253.20999999999,24.21,17558.94,2025-08-02,2025-12-25,6,145,186,95,48,26,17,3,4,1,42.79,0.2581,0.1398,0.0914,12,123245.53,0
C00296,medium,ads,Delhi,18,male,9,23,325964,304420.61,225070.25,79350.36,26.07,33824.51,2025-06-17,2025-11-30,31,166,94,56,20,9,9,3,4,1,19.79,0.2128,0.0957,0.0957,6,125201.69,0
C00684,medium,organic,Bhubaneswar,31,male,10,19,325637,292074.79,236948.51,55126.279999999984,18.87,29207.48,2025-07-26,2025-12-10,21,137,90,48,21,14,7,3,4,1,26.64,0.2333,0.1556,0.0778,1,25410.600000000002,0
C00201,medium,ads,Ahmedabad,30,male,12,21,323803,307904.95999999996,217462.72,90442.23999999998,29.37,25658.75,2025-04-13,2025-12-27,4,258,126,68,29,18,11,3,4,1,16.98,0.2302,0.1429,0.0873,4,32822.67,0
C00475,medium,referral,Delhi,44,female,17,36,323514,294718.29,228028.85,66689.43999999999,22.63,17336.37,2025-01-07,2025-12-03,28,330,195,88,58,28,21,3,4,1,18.8,0.2974,0.1436,0.1077,3,5700.76,0
C00173,medium,organic,Hyderabad,43,male,16,32,322438,300507.39,227638.45,72868.93999999999,24.25,18781.71,2024-08-19,2025-12-12,19,480,231,111,68,29,23,3,4,1,12.17,0.2944,0.1255,0.0996,5,47527.62,0
C00809,medium,ads,Ahmedabad,38,male,22,46,320950,292933.88,218600.74,74333.13999999998,25.38,13315.18,2024-05-17,2025-12-30,1,592,310,153,84,43,30,3,4,1,13.56,0.271,0.1387,0.0968,5,69272.55,0
C00789,medium,organic,Pune,43,female,17,32,320790,301003.15,230117.53,70885.62,23.55,17706.07,2024-12-07,2025-12-28,3,386,205,107,47,28,23,3,4,1,16.08,0.2293,0.1366,0.1122,1,75971.56,0
C00026,medium,ads,Kolkata,21,female,9,19,320381,308066.9,233954.75,74112.15,24.06,34229.66,2024-11-21,2025-10-30,62,343,201,95,60,23,23,3,4,1,9.58,0.2985,0.1144,0.1144,4,16015.48,0
C00118,medium,organic,Pune,37,other,24,53,320028,309244.57,225697.24000000002,83547.32999999999,27.02,12885.19,2024-06-28,2025-11-26,35,516,285,159,59,42,25,3,4,1,16.98,0.207,0.1474,0.0877,8,75733.13,0
C01124,medium,ads,Delhi,26,female,13,24,320002,299377.47,220704.61,78672.86,26.28,23029.04,2025-02-14,2025-11-23,38,282,167,92,43,21,11,3,4,1,16.83,0.2575,0.1257,0.0659,2,13346.88,0
C00251,medium,ads,Ahmedabad,18,male,21,38,319447,273467.29,214964.97,58502.32,21.39,13022.25,2024-07-08,2025-12-25,6,535,271,126,71,50,24,3,4,1,14.33,0.262,0.1845,0.0886,5,19869.95,0
C00214,high,organic,Jaipur,47,female,10,22,318951,284121.27,214509.8,69611.47,24.5,28412.13,2025-10-03,2025-12-30,1,88,78,32,30,9,7,3,4,1,41.48,0.3846,0.1154,0.0897,7,156036.34999999998,0
C00947,high,ads,Bhubaneswar,29,female,24,49,317803,298164.02999999997,226007.21,72156.81999999999,24.2,12423.5,2025-06-29,2025-12-29,2,183,178,88,48,32,10,3,4,1,47.87,0.2697,0.1798,0.0562,6,49327.66,0
C00757,medium,ads,Hyderabad,36,female,24,45,317310,298660.61,229367.76,69292.84999999998,23.2,12444.19,2024-02-28,2025-12-10,21,651,343,169,89,56,29,3,4,1,13.46,0.2595,0.1633,0.0845,2,2866.71,0
C00721,medium,referral,Hyderabad,39,male,13,26,317305,292771.14999999997,235190.57,57580.57999999998,19.67,22520.86,2024-09-22,2025-11-30,31,434,200,96,57,26,21,3,4,1,10.93,0.285,0.13,0.105,1,4266.96,0
C00584,high,organic,Kolkata,38,female,22,44,317272,287065.85,223919.65,63146.2,22.0,13048.45,2025-07-22,2025-12-19,12,150,151,76,51,13,11,3,4,1,53.53,0.3377,0.0861,0.0728,12,124687.14,0
C00264,medium,ads,Bangalore,34,female,19,42,317167,282521.43,216994.58000000002,65526.84999999999,23.19,14869.55,2024-09-30,2025-12-30,1,456,201,93,55,34,19,3,4,1,15.21,0.2736,0.1692,0.0945,2,10414.24,0
C00537,medium,ads,Bhubaneswar,44,male,14,32,317100,289905.63999999996,224754.83000000002,65150.809999999976,22.47,20707.55,2025-02-11,2025-11-14,47,276,154,78,41,23,12,3,4,1,18.51,0.2662,0.1494,0.0779,0,0.0,1
C01209,medium,referral,Pune,38,male,18,35,313865,286892.84,213388.81,73504.03,25.62,15938.49,2024-09-03,2025-10-17,75,409,236,109,51,35,41,3,4,1,16.06,0.2161,0.1483,0.1737,2,41756.58,0
C00854,medium,ads,Kolkata,33,female,21,43,313657,285587.42,222024.11000000002,63563.309999999976,22.26,13599.4,2024-09-01,2025-12-11,20,466,228,116,59,34,19,3,4,1,16.45,0.2588,0.1491,0.0833,4,129175.39000000001,0
C01136,medium,referral,Kolkata,38,female,7,14,312472,270809.22,218199.01,52610.20999999999,19.43,38687.03,2025-04-03,2025-11-30,31,241,123,57,36,15,15,3,4,1,10.6,0.2927,0.122,0.122,1,9624.57,0
C00311,medium,organic,Ahmedabad,46,male,19,37,312168,282068.03,215149.52000000002,66918.51,23.72,14845.69,2024-07-02,2025-11-27,34,513,252,134,63,35,20,3,4,1,13.52,0.25,0.1389,0.0794,2,52733.53,0
C00701,medium,ads,Kolkata,31,female,16,31,312096,281918.61,218660.06,63258.55000000002,22.44,17619.91,2024-11-20,2025-12-26,5,401,183,90,43,33,17,3,4,1,14.56,0.235,0.1803,0.0929,4,31940.85,0
C00312,medium,ads,Mumbai,48,male,15,32,311920,295569.58,212213.74,83355.84,28.2,19704.64,2024-08-17,2025-12-02,29,472,223,98,66,32,27,3,4,1,11.6,0.296,0.1435,0.1211,1,108143.18999999999,0
C00839,medium,organic,Bhubaneswar,33,male,15,35,310786,258028.22,217268.47999999998,40759.740000000005,15.8,17201.88,2025-02-15,2025-12-30,1,318,149,67,41,22,19,3,4,1,17.22,0.2752,0.1477,0.1275,3,17623.52,0
C01145,medium,ads,Jaipur,48,other,21,49,310667,279690.8,224082.94,55607.86,19.88,13318.61,2024-08-02,2025-12-30,1,515,282,138,61,55,28,3,4,1,14.88,0.2163,0.195,0.0993,4,18072.18,0
C00361,medium,ads,Mumbai,29,female,17,33,309719,277745.97,217507.38,60238.59,21.69,16338.0,2024-10-31,2025-12-20,11,415,238,117,61,31,29,3,4,1,14.95,0.2563,0.1303,0.1218,1,2761.65,0
C00810,high,referral,Bhubaneswar,34,female,22,44,309526,282829.8,215723.27,67106.53,23.73,12855.9,2025-07-15,2025-12-20,11,158,186,92,52,29,13,3,4,1,50.82,0.2796,0.1559,0.0699,11,323809.43,0
C00453,medium,ads,Jaipur,34,male,15,28,306955,279149.93,222831.45,56318.47999999998,20.17,18610.0,2024-12-13,2025-12-18,13,370,190,90,52,26,22,3,4,1,14.8,0.2737,0.1368,0.1158,1,16858.600000000002,0
C00511,medium,ads,Pune,25,male,17,36,306811,282028.17,206572.22,75455.95,26.75,16589.89,2024-11-07,2025-12-29,2,417,214,104,57,36,17,3,4,1,14.88,0.2664,0.1682,0.0794,4,126675.0,0
C00369,medium,ads,Mumbai,34,female,10,24,305232,269986.17,208234.82,61751.34999999999,22.87,26998.62,2024-11-19,2025-10-27,65,342,185,93,54,22,16,3,4,1,10.67,0.2919,0.1189,0.0865,2,94142.46,0
C00379,medium,ads,Bangalore,18,male,13,27,304879,291089.78,216802.33,74287.45000000001,25.52,22391.52,2025-02-19,2025-09-27,95,220,150,73,38,28,11,3,4,1,21.57,0.2533,0.1867,0.0733,2,128118.26999999999,0
C00921,high,organic,Bhubaneswar,23,male,17,28,304081,277574.26,210438.34,67135.91999999998,24.19,16327.9,2025-07-13,2025-12-12,19,152,166,93,33,32,8,3,4,1,40.82,0.1988,0.1928,0.0482,15,223920.18,0
C00352,medium,ads,Hyderabad,38,female,18,33,302719,274451.55,210050.57,64400.97999999999,23.47,15247.31,2024-12-16,2025-12-07,24,356,172,78,51,27,16,3,4,1,18.46,0.2965,0.157,0.093,4,83784.17,0
C00366,medium,organic,Mumbai,39,male,28,59,300340,275573.05,209962.63,65610.41999999998,23.81,9841.89,2024-01-28,2025-11-30,31,672,309,142,87,49,31,3,4,1,15.21,0.2816,0.1586,0.1003,2,65875.98,0
C00227,medium,organic,Delhi,37,male,12,28,299296,287961.36,208582.69,79378.66999999997,27.57,23996.78,2025-03-08,2025-12-29,2,296,130,62,30,17,21,3,4,1,14.8,0.2308,0.1308,0.1615,2,32674.41,0
C00419,high,organic,Ahmedabad,39,male,18,29,296793,282683.01,202070.81,80612.2,28.52,15704.61,2025-07-29,2025-12-22,9,146,150,72,40,25,13,3,4,1,45.0,0.2667,0.1667,0.0867,9,216397.75,0
C00833,medium,referral,Bangalore,40,male,15,35,294312,265248.74,215094.02000000002,50154.71999999997,18.91,17683.25,2025-02-26,2025-12-29,2,306,149,68,40,29,12,3,4,1,17.89,0.2685,0.1946,0.0805,6,35350.32,0
C00242,medium,organic,Mumbai,39,male,27,54,294121,274205.52999999997,212651.67,61553.85999999999,22.45,10155.76,2024-05-20,2025-11-10,51,539,299,139,82,49,29,3,4,1,18.28,0.2742,0.1639,0.097,6,65374.54,0
C01005,medium,referral,Mumbai,36,female,19,37,293749,272239.88,197751.04,74488.84,27.36,14328.41,2024-04-17,2025-12-20,11,612,269,139,66,36,28,3,4,1,11.33,0.2454,0.1338,0.1041,2,4958.97,0
C00825,medium,referral,Jaipur,44,male,14,32,293396,264399.4,212544.0,51855.399999999994,19.61,18885.67,2024-07-26,2025-12-25,6,517,249,115,63,44,27,3,4,1,9.88,0.253,0.1767,0.1084,3,146621.3,0
C00603,medium,organic,Jaipur,18,female,14,32,292196,248333.76,211964.94,36368.82,14.65,17738.13,2024-08-21,2025-12-17,14,483,215,107,58,25,25,3,4,1,10.58,0.2698,0.1163,0.1163,3,42247.31,0
C00257,medium,organic,Chennai,28,male,13,26,290689,266569.01,214327.74000000002,52241.26999999998,19.6,20505.31,2024-12-04,2025-12-24,7,385,166,80,41,24,21,3,4,1,12.32,0.247,0.1446,0.1265,12,97308.79,0
C00853,medium,ads,Kolkata,42,male,11,22,290155,275631.39,201912.15,73719.23999999999,26.75,25057.4,2024-09-27,2025-11-27,34,426,212,107,51,36,18,3,4,1,9.42,0.2406,0.1698,0.0849,4,17750.6,0
C00465,medium,referral,Chennai,33,female,18,30,289327,271653.23,191405.34,80247.88999999998,29.54,15091.85,2024-11-01,2025-11-22,39,386,204,93,48,42,21,3,4,1,17.02,0.2353,0.2059,0.1029,4,40497.39,0
C00563,medium,organic,Pune,34,male,6,15,288798,277652.92,208834.16,68818.75999999997,24.79,46275.49,2025-05-23,2025-11-01,60,162,163,90,37,22,14,3,4,1,13.52,0.227,0.135,0.0859,2,60309.96,0
C00808,medium,ads,Delhi,46,male,13,24,288542,275192.71,192390.65,82802.06000000001,30.09,21168.67,2025-07-31,2025-12-07,24,129,111,53,32,16,10,3,4,1,36.78,0.2883,0.1441,0.0901,2,50989.11,0
C00300,medium,ads,Kolkata,27,female,15,32,287030,266105.86,198130.19999999998,67975.66,25.54,17740.39,2024-12-22,2025-12-14,17,357,190,96,50,25,19,3,4,1,15.34,0.2632,0.1316,0.1,1,16890.0,0
C00337,medium,organic,Chennai,56,female,8,17,286770,265376.3,202878.64,62497.66,23.55,33172.04,2025-08-27,2025-12-01,30,96,81,36,24,13,8,3,4,1,30.42,0.2963,0.1605,0.0988,1,35272.51,0
C00164,medium,ads,Kolkata,33,male,23,42,285492,268856.17,194146.07,74710.09999999999,27.79,11689.4,2024-02-09,2025-12-01,30,661,328,161,88,53,26,3,4,1,12.7,0.2683,0.1616,0.0793,4,33986.19,0
C00152,medium,organic,Bhubaneswar,23,other,8,16,284003,258789.24000000002,189116.99,69672.25,26.92,32348.66,2025-06-25,2025-11-11,50,139,93,47,26,13,7,3,4,1,21.01,0.2796,0.1398,0.0753,3,100970.93999999999,0
C00739,medium,ads,Hyderabad,28,female,16,29,283326,264099.98,199362.09,64737.89000000001,24.51,16506.25,2025-01-21,2025-12-08,23,321,162,82,40,25,15,3,4,1,18.19,0.2469,0.1543,0.0926,1,20645.399999999998,0
C01077,medium,referral,Bangalore,41,male,9,20,282720,254574.74,197058.39,57516.34999999999,22.59,28286.08,2025-06-15,2025-11-26,35,164,86,40,19,20,7,3,4,1,20.03,0.2209,0.2326,0.0814,6,57030.149999999994,0
C00016,medium,ads,Mumbai,30,female,27,58,281474,262940.23,185324.98,77615.24999999999,29.52,9738.53,2024-04-18,2025-12-12,19,603,250,125,52,50,23,3,4,1,16.34,0.208,0.2,0.092,1,3948.8,0
C01135,high,organic,Chennai,27,female,19,32,280989,236426.62,200824.41,35602.21,15.06,12443.51,2025-09-13,2025-12-31,0,109,116,60,24,17,15,3,4,1,63.62,0.2069,0.1466,0.1293,8,336872.27999999997,0
C00503,medium,ads,Pune,35,male,10,21,278843,262561.74,184306.94,78254.79999999999,29.8,26256.17,2025-05-16,2025-12-25,6,223,130,56,45,16,13,3,4,1,16.37,0.3462,0.1231,0.1,3,66544.74,0
C00087,medium,referral,Hyderabad,29,female,13,24,277383,255858.63999999998,203033.63,52825.01,20.65,19681.43,2024-10-27,2025-12-10,21,409,195,88,55,37,15,3,4,1,11.6,0.2821,0.1897,0.0769,1,733.1999999999999,0
C01060,medium,organic,Ahmedabad,22,male,21,45,277234,257105.96999999997,189120.77,67985.19999999998,26.44,12243.14,2024-04-12,2025-11-26,35,593,359,181,81,63,34,3,4,1,12.93,0.2256,0.1755,0.0947,5,23226.27,0
C00114,medium,referral,Kolkata,36,female,11,23,276483,257239.97999999998,201353.57,55886.409999999974,21.73,23385.45,2025-05-18,2025-11-18,43,184,125,56,37,18,14,3,4,1,21.82,0.296,0.144,0.112,1,34294.08,0
C00252,medium,ads,Pune,46,male,20,40,276248,260047.46,196093.25,63954.21,24.59,13002.37,2024-07-13,2025-12-20,11,525,250,117,69,38,26,3,4,1,13.9,0.276,0.152,0.104,3,15602.099999999999,0
C00248,medium,organic,Bhubaneswar,28,male,14,32,275153,253589.31,188413.41,65175.9,25.7,18113.52,2025-02-16,2025-11-22,39,279,148,80,25,21,22,3,4,1,18.32,0.1689,0.1419,0.1486,3,21716.37,0
C00818,medium,ads,Pune,26,female,21,45,274479,251023.12,191730.74000000002,59292.38,23.62,11953.48,2024-07-25,2025-12-25,6,518,255,116,74,31,34,3,4,1,14.8,0.2902,0.1216,0.1333,5,33421.299999999996,0
C00730,medium,ads,Bangalore,51,male,10,19,274181,255011.34,200995.17,54016.169999999984,21.18,25501.13,2024-10-22,2025-12-12,19,416,179,101,37,24,17,3,4,1,8.77,0.2067,0.1341,0.095,1,2657.7999999999997,0
C00347,medium,ads,Jaipur,19,female,8,17,273599,253282.66999999998,192237.88,61044.79,24.1,31660.33,2025-04-14,2025-11-12,49,212,143,73,34,24,12,3,4,1,13.77,0.2378,0.1678,0.0839,3,7310.5,0
C00104,medium,ads,Chennai,33,male,12,23,273513,255639.24,179461.53,76177.70999999999,29.8,21303.27,2025-04-17,2025-12-30,1,257,121,60,32,20,9,3,4,1,17.04,0.2645,0.1653,0.0744,5,108246.84,0
C00501,high,ads,Kolkata,27,male,19,39,272186,246043.43,193576.32,52467.10999999999,21.32,12949.65,2025-07-19,2025-12-26,5,160,162,78,43,22,19,3,4,1,43.34,0.2654,0.1358,0.1173,12,119203.17,0
C01140,medium,ads,Bangalore,31,male,19,31,271906,245664.47,191349.41,54315.06,22.11,12929.71,2025-01-18,2025-11-14,47,300,172,80,45,28,19,3,4,1,23.12,0.2616,0.1628,0.1105,6,58716.47,0
C00922,medium,organic,Chennai,36,female,16,34,270128,248633.98,188618.56,60015.42,24.14,15539.62,2025-04-21,2025-12-24,7,247,147,69,44,24,10,3,4,1,23.64,0.2993,0.1633,0.068,4,112672.47,0
C00678,medium,ads,Bhubaneswar,27,female,15,31,270043,223082.77,207318.1,15764.669999999987,7.07,14872.18,2024-11-09,2025-12-28,3,414,202,114,42,23,23,3,4,1,13.22,0.2079,0.1139,0.1139,1,7440.099999999999,0
C00669,medium,referral,Pune,25,male,18,37,269811,256409.84,195868.77,60541.06999999999,23.61,14244.99,2024-08-21,2025-12-04,27,470,230,119,46,43,22,3,4,1,13.98,0.2,0.187,0.0957,3,62620.98,0
C01210,medium,referral,Pune,31,male,9,19,267814,252977.41,187975.4,65002.009999999995,25.69,28108.6,2025-05-18,2025-11-25,36,191,111,50,29,19,13,3,4,1,17.2,0.2613,0.1712,0.1171,3,103648.05,0
C00521,medium,referral,Jaipur,27,female,6,14,267763,248403.69,185200.11000000002,63203.57999999999,25.44,41400.61,2025-09-13,2025-12-29,2,107,62,22,20,15,5,3,4,1,20.47,0.3226,0.2419,0.0806,4,187532.81999999998,0
C00281,medium,referral,Hyderabad,41,male,22,46,264576,248094.36,181989.61000000002,66104.75,26.65,11277.02,2024-06-10,2025-10-19,73,496,284,138,77,42,27,3,4,1,16.19,0.2711,0.1479,0.0951,5,99284.83,0
C00654,medium,ads,Chennai,24,male,8,20,264244,242508.95,193019.45,49489.499999999985,20.41,30313.62,2024-09-22,2025-12-06,25,440,218,107,54,33,24,3,4,1,6.64,0.2477,0.1514,0.1101,4,124307.37,0
C00527,high,referral,Mumbai,42,male,14,33,264179,232502.24,177601.71,54900.53,23.61,16607.3,2025-05-24,2025-12-31,0,221,220,113,59,27,21,3,4,1,23.12,0.2682,0.1227,0.0955,3,19387.23,0
C00695,medium,ads,Kolkata,18,male,17,36,263494,242964.18,191549.87,51414.31,21.16,14292.01,2024-05-20,2025-12-05,26,564,278,153,63,34,28,3,4,1,11.0,0.2266,0.1223,0.1007,0,0.0,1
C00989,high,referral,Pune,35,male,5,9,263311,243506.07,195212.58000000002,48293.48999999998,19.83,48701.21,2025-11-26,2025-12-30,1,34,41,25,10,3,3,3,4,1,53.68,0.2439,0.0732,0.0732,8,152660.62,0
C00583,medium,referral,Chennai,37,female,18,36,262705,248412.55,179930.63,68481.92,27.57,13800.7,2024-06-30,2025-11-25,36,513,237,135,57,33,12,3,4,1,12.81,0.2405,0.1392,0.0506,2,30464.88,0
C00013,medium,organic,Hyderabad,50,female,10,18,261766,240031.45,181031.69,58999.759999999995,24.58,24003.15,2025-04-29,2025-12-27,4,242,138,59,31,27,21,3,4,1,15.08,0.2246,0.1957,0.1522,3,79176.64,0
C00244,medium,ads,Bangalore,36,female,18,31,261235,244432.91,182406.14,62026.76999999999,25.38,13579.61,2024-12-21,2025-12-24,7,368,195,96,48,32,19,3,4,1,17.85,0.2462,0.1641,0.0974,6,130429.95999999999,0
C00057,high,referral,Delhi,24,male,9,18,260282,218626.28,196052.39,22573.889999999985,10.33,24291.81,2025-07-23,2025-12-22,9,152,166,78,44,28,16,3,4,1,21.61,0.2651,0.1687,0.0964,13,266305.7,0
C00446,medium,organic,Delhi,27,male,24,48,260282,236595.35,178512.79,58082.55999999998,24.55,9858.14,2024-04-16,2025-09-21,101,523,294,161,74,35,24,3,4,1,16.75,0.2517,0.119,0.0816,4,109647.78,0
C00812,medium,organic,Mumbai,32,male,8,16,258911,250645.9,168100.45,82545.44999999998,32.93,31330.74,2025-05-19,2025-12-22,9,217,115,58,32,14,11,3,4,1,13.46,0.2783,0.1217,0.0957,4,64310.97,0
C01092,medium,ads,Bangalore,25,male,14,28,258898,237095.16,173003.34,64091.82,27.03,16935.37,2024-05-18,2025-09-17,105,487,266,136,68,40,22,3,4,1,10.49,0.2556,0.1504,0.0827,3,20145.48,0
C00505,medium,organic,Bhubaneswar,29,female,19,38,255593,232634.71,183443.49,49191.22000000001,21.15,12243.93,2024-09-26,2025-12-19,12,449,230,125,53,32,20,3,4,1,15.45,0.2304,0.1391,0.087,3,13685.07,0
C01122,medium,ads,Pune,18,male,19,38,254514,236484.44,181478.19,55006.24999999999,23.26,12446.55,2024-05-13,2025-12-06,25,572,276,137,79,33,27,3,4,1,12.12,0.2862,0.1196,0.0978,6,114092.93,0
C00506,high,organic,Ahmedabad,35,female,22,41,254218,234471.44999999998,171433.25,63038.19999999999,26.89,10657.79,2025-08-04,2025-12-29,2,147,150,82,30,21,17,3,4,1,54.63,0.2,0.14,0.1133,5,125970.18,0
C00052,high,organic,Jaipur,33,male,18,34,253338,231181.27,184608.86000000002,46572.40999999999,20.15,12843.4,2025-08-28,2025-12-12,19,106,114,49,26,24,15,3,4,1,61.98,0.2281,0.2105,0.1316,6,164351.56,0
C01214,high,ads,Mumbai,33,female,9,19,251800,229745.97,170345.38,59400.58999999999,25.85,25527.33,2025-11-11,2025-12-28,3,47,44,25,7,11,1,3,4,1,69.89,0.1591,0.25,0.0227,7,131205.46,0
C01188,high,organic,Ahmedabad,20,female,12,27,250608,239286.13,177124.47,62161.65999999999,25.98,19940.51,2025-07-20,2025-12-31,0,164,162,73,38,29,22,3,4,1,26.71,0.2346,0.179,0.1358,10,182361.69,0
C00199,medium,referral,Ahmedabad,28,female,15,28,249162,228848.89,167832.12,61016.77,26.66,15256.59,2024-04-28,2025-10-19,73,539,295,152,73,39,31,3,4,1,10.16,0.2475,0.1322,0.1051,1,1769.6,0
C00477,high,organic,Bangalore,31,female,18,37,248771,234454.07,173539.16,60914.909999999996,25.98,13025.23,2025-09-14,2025-12-29,2,106,139,66,37,21,15,3,4,1,61.98,0.2662,0.1511,0.1079,16,387235.82999999996,0
C00712,medium,organic,Mumbai,24,male,7,15,248449,235015.72,170207.45,64808.27,27.58,33573.67,2025-07-11,2025-12-16,15,158,93,44,26,13,10,3,4,1,16.17,0.2796,0.1398,0.1075,5,90394.43,0
C00912,medium,organic,Kolkata,22,other,22,44,248432,234492.6,181190.6,53302.0,22.73,10658.75,2024-06-29,2025-11-28,33,517,260,127,69,41,23,3,4,1,15.53,0.2654,0.1577,0.0885,5,179351.22999999998,0
C00206,medium,ads,Bhubaneswar,27,male,12,26,245168,233231.78,169920.76,63311.01999999999,27.15,19435.98,2025-02-01,2025-12-08,23,310,160,85,36,21,18,3,4,1,14.13,0.225,0.1313,0.1125,3,88334.69999999998,0
C00929,medium,organic,Chennai,49,female,13,28,244837,230071.66,164611.23,65460.42999999999,28.45,17697.82,2024-11-25,2025-12-29,2,399,191,101,40,30,20,3,4,1,11.89,0.2094,0.1571,0.1047,2,22613.7,0
C01084,medium,ads,Bangalore,25,male,22,39,244257,221013.02,179985.18,41027.840000000004,18.56,10046.05,2024-01-16,2025-12-12,19,696,318,167,72,50,29,3,4,1,11.54,0.2264,0.1572,0.0912,3,207394.8,0
C00340,high,referral,Delhi,36,male,22,44,244117,229715.27,169463.24,60252.03,26.23,10441.6,2025-05-28,2025-12-31,0,217,230,113,58,35,24,3,4,1,37.0,0.2522,0.1522,0.1043,13,214067.18,0
C00509,medium,ads,Delhi,53,female,20,42,243676,220715.59,164640.38,56075.20999999999,25.41,11035.78,2024-03-19,2025-12-27,4,648,327,185,72,28,42,3,4,1,11.27,0.2202,0.0856,0.1284,2,26524.92,0
C00262,medium,organic,Delhi,35,female,18,39,241125,231202.34999999998,177773.01,53429.33999999999,23.11,12844.57,2024-11-04,2025-12-20,11,411,214,110,53,24,27,3,4,1,15.99,0.2477,0.1121,0.1262,5,100549.97,0
C00109,medium,ads,Bangalore,60,female,13,27,239181,223051.51,177224.19,45827.31999999999,20.55,17157.81,2025-02-14,2025-10-05,87,233,143,65,42,21,15,3,4,1,20.36,0.2937,0.1469,0.1049,4,34648.6,0
C00553,medium,organic,Jaipur,36,male,19,41,238089,227532.04,167642.96,59889.079999999994,26.32,11975.37,2024-10-20,2025-11-12,49,388,212,109,52,30,21,3,4,1,17.87,0.2453,0.1415,0.0991,4,235254.9,0
C00068,medium,referral,Bhubaneswar,31,male,15,32,236662,209287.88,164464.1,44823.77999999999,21.42,13952.53,2025-02-07,2025-12-28,3,324,150,79,32,24,15,3,4,1,16.9,0.2133,0.16,0.1,5,139632.88,0
C00141,medium,organic,Pune,30,female,13,29,235517,218732.56999999998,172607.03,46125.53999999999,21.09,16825.58,2025-04-25,2025-10-30,62,188,119,63,34,12,10,3,4,1,25.24,0.2857,0.1008,0.084,5,46998.23,0
C00734,medium,ads,Bangalore,40,female,9,17,235331,226308.44,173681.64,52626.8,23.25,25145.38,2025-04-12,2025-12-06,25,238,121,60,36,10,15,3,4,1,13.8,0.2975,0.0826,0.124,3,107335.56,0
C00687,medium,referral,Jaipur,40,female,10,18,235083,184726.76,176223.29,8503.469999999996,4.6,18472.68,2025-05-04,2025-10-28,64,177,126,59,34,21,12,3,4,1,20.62,0.2698,0.1667,0.0952,3,11693.14,0
C00309,medium,organic,Jaipur,39,male,11,22,233770,224044.41,161073.46000000002,62970.94999999999,28.11,20367.67,2025-05-22,2025-12-20,11,212,106,57,30,12,7,3,4,1,18.94,0.283,0.1132,0.066,4,59385.9,0
C00781,medium,organic,Pune,23,male,11,18,233660,217483.89,154344.88,63139.01000000001,29.03,19771.26,2024-08-15,2025-09-28,94,409,246,113,83,29,21,3,4,1,9.82,0.3374,0.1179,0.0854,3,24797.52,0
C00492,medium,ads,Ahmedabad,25,male,14,23,231833,214746.41999999998,156047.39,58699.02999999999,27.33,15339.03,2024-12-14,2025-12-26,5,377,203,97,47,37,22,3,4,1,13.55,0.2315,0.1823,0.1084,4,18814.079999999998,0
C01117,medium,referral,Bangalore,27,male,12,23,230720,199841.99,160402.29,39439.69999999999,19.74,16653.5,2025-04-27,2025-12-27,4,244,135,66,30,28,11,3,4,1,17.95,0.2222,0.2074,0.0815,2,8644.529999999999,0
C00032,medium,ads,Hyderabad,23,male,13,20,229279,221670.56,162395.75,59274.80999999999,26.74,17051.58,2025-07-19,2025-12-30,1,164,83,37,20,19,7,3,4,1,28.93,0.241,0.2289,0.0843,0,0.0,1
C00131,medium,ads,Hyderabad,32,female,16,37,229212,213513.77000000002,161868.66,51645.11000000001,24.19,13344.61,2025-04-25,2025-12-31,0,250,120,60,27,22,11,3,4,1,23.36,0.225,0.1833,0.0917,3,88662.74,0
C01028,medium,ads,Mumbai,35,female,15,33,228695,209031.55,160086.46,48945.09,23.42,13935.44,2025-02-16,2025-10-24,68,250,157,80,35,21,21,3,4,1,21.9,0.2229,0.1338,0.1338,1,8706.24,0
C00167,medium,organic,Mumbai,33,female,11,20,228142,215052.47,160719.45,54333.01999999999,25.27,19550.22,2025-02-04,2025-12-19,12,318,173,92,39,28,14,3,4,1,12.63,0.2254,0.1618,0.0809,4,130040.3,0
C00714,medium,referral,Bangalore,37,male,13,27,227795,219040.95,154443.55,64597.4,29.49,16849.3,2025-02-21,2025-12-30,1,312,146,70,36,23,17,3,4,1,15.21,0.2466,0.1575,0.1164,4,12438.199999999999,0
C00860,medium,organic,Mumbai,21,female,14,28,226920,212593.63,155169.86000000002,57423.76999999999,27.01,15185.26,2024-12-05,2025-10-12,80,311,195,106,44,31,14,3,4,1,16.43,0.2256,0.159,0.0718,4,88434.25,0
C00145,medium,ads,Delhi,18,male,6,12,226592,212481.56,159798.42,52683.14,24.79,35413.59,2025-08-31,2025-12-14,17,105,65,31,17,13,4,3,4,1,20.86,0.2615,0.2,0.0615,1,11048.4,0
C01147,medium,organic,Mumbai,40,male,20,34,225486,207788.84,160855.12,46933.71999999999,22.59,10389.44,2024-11-25,2025-12-14,17,384,196,91,56,34,15,3,4,1,19.01,0.2857,0.1735,0.0765,4,46557.439999999995,0
C00813,medium,referral,Bhubaneswar,23,male,21,41,225233,207787.57,163700.96,44086.60999999999,21.22,9894.65,2024-07-28,2025-12-24,7,514,223,109,62,28,24,3,4,1,14.91,0.278,0.1256,0.1076,3,16162.019999999999,0
C00802,medium,organic,Ahmedabad,43,female,29,49,225095,202007.69,157151.37,44856.32,22.21,6965.78,2024-04-26,2025-12-20,11,603,321,146,88,53,34,3,4,1,17.55,0.2741,0.1651,0.1059,2,22643.739999999998,0
C00982,medium,organic,Jaipur,25,male,3,5,221765,218838.49,165736.4,53102.08999999998,24.27,72946.16,2025-10-17,2025-11-12,49,26,32,20,8,3,1,3,4,1,42.12,0.25,0.0938,0.0313,2,17484.0,0
C00075,medium,organic,Hyderabad,30,female,12,27,220949,210550.12,157018.86,53531.26,25.42,17545.84,2025-02-16,2025-12-20,11,307,137,66,42,20,9,3,4,1,14.27,0.3066,0.146,0.0657,5,47014.04,0
C00610,medium,organic,Hyderabad,36,other,5,10,220926,214027.12,146884.56,67142.56,31.37,42805.42,2025-10-19,2025-12-15,16,57,49,23,11,7,8,3,4,1,32.02,0.2245,0.1429,0.1633,1,21075.66,0
C00297,medium,organic,Hyderabad,50,female,11,25,220184,205922.38,149698.89,56223.48999999999,27.3,18720.22,2025-04-21,2025-11-09,52,202,126,75,22,16,13,3,4,1,19.88,0.1746,0.127,0.1032,2,16741.92,0
C00177,medium,ads,Delhi,24,male,10,17,219886,200487.32,154507.76,45979.56,22.93,20048.73,2025-01-14,2025-12-13,18,333,148,80,29,25,14,3,4,1,10.96,0.1959,0.1689,0.0946,4,72995.69,0
C01056,medium,ads,Kolkata,46,male,14,32,217328,203004.46,152615.92,50388.53999999999,24.82,14500.32,2024-07-28,2025-06-05,209,312,238,139,40,35,24,3,4,1,16.38,0.1681,0.1471,0.1008,5,64970.1,0
C00707,medium,organic,Bhubaneswar,25,male,19,36,215335,202485.66999999998,149904.4,52581.27,25.97,10657.14,2024-07-24,2025-11-18,43,482,280,135,67,49,29,3,4,1,14.39,0.2393,0.175,0.1036,0,0.0,1
C00963,medium,ads,Mumbai,40,male,20,37,215135,197806.33,156903.45,40902.87999999999,20.68,9890.32,2024-08-06,2025-12-24,7,505,255,132,69,39,15,3,4,1,14.46,0.2706,0.1529,0.0588,3,73362.47,0
C00204,medium,referral,Hyderabad,40,female,7,13,214809,196036.29,148213.31,47822.98000000001,24.39,28005.18,2025-06-13,2025-11-03,58,143,92,41,24,14,13,3,4,1,17.87,0.2609,0.1522,0.1413,2,81762.82999999999,0
C00073,medium,ads,Jaipur,22,female,9,21,214124,204892.75,143856.41,61036.33999999999,29.79,22765.86,2025-06-06,2025-12-19,12,196,104,48,25,19,12,3,4,1,16.76,0.2404,0.1827,0.1154,4,41046.22,0
C00693,medium,organic,Pune,35,male,16,36,211871,172313.73,154129.45,18184.28,10.55,10769.61,2025-02-20,2025-12-31,0,314,154,80,40,25,9,3,4,1,18.6,0.2597,0.1623,0.0584,2,15804.18,0
C00942,medium,organic,Ahmedabad,24,female,13,30,211713,197889.89,141501.61000000002,56388.28,28.49,15222.3,2024-12-17,2025-10-30,62,317,203,105,49,27,22,3,4,1,14.97,0.2414,0.133,0.1084,1,1655.0800000000002,0
C00175,medium,ads,Mumbai,25,female,22,45,211698,194779.28,148365.08,46414.2,23.83,8853.6,2024-08-16,2025-12-05,26,476,239,121,57,41,20,3,4,1,16.87,0.2385,0.1715,0.0837,2,56321.74,0
C00602,medium,referral,Pune,28,female,19,31,211499,195674.84,144038.69,51636.15,26.39,10298.68,2024-10-08,2025-12-10,21,428,221,108,55,32,26,3,4,1,16.2,0.2489,0.1448,0.1176,3,49622.36,0
C00822,medium,organic,Jaipur,40,female,13,28,210225,193233.47,145995.48,47237.99,24.45,14864.11,2025-01-14,2025-12-25,6,345,150,71,43,20,16,3,4,1,13.75,0.2867,0.1333,0.1067,2,4845.639999999999,0
C00574,medium,referral,Kolkata,22,male,20,40,209944,190665.34999999998,148470.81,42194.539999999986,22.13,9533.27,2024-06-22,2025-10-25,67,490,273,148,53,45,27,3,4,1,14.9,0.1941,0.1648,0.0989,1,1681.68,0
C00044,medium,ads,Pune,21,male,7,17,209161,195669.5,138480.59,57188.909999999996,29.23,27952.79,2025-06-25,2025-12-23,8,181,118,57,31,17,13,3,4,1,14.12,0.2627,0.1441,0.1102,5,62964.090000000004,0
C01082,low,organic,Chennai,64,male,5,13,208281,178617.72,142693.25999999998,35924.46000000001,20.11,35723.54,2024-11-21,2025-09-12,110,295,91,60,11,12,8,3,4,1,6.19,0.1209,0.1319,0.0879,0,0.0,1
C00615,medium,ads,Jaipur,43,female,12,28,207629,190146.84999999998,139666.09,50480.75999999999,26.55,15845.57,2025-03-15,2025-11-17,44,247,149,76,44,17,12,3,4,1,17.73,0.2953,0.1141,0.0805,1,7297.08,0
C01189,medium,organic,Kolkata,35,female,14,28,207221,182122.71,143547.39,38575.32,21.18,13008.76,2024-12-12,2025-12-05,26,358,165,73,47,27,18,3,4,1,14.27,0.2848,0.1636,0.1091,3,39230.75,0
C00081,medium,organic,Delhi,44,female,17,32,207163,197310.5,153396.65,43913.85,22.26,11606.5,2024-11-04,2025-12-23,8,414,230,101,70,33,26,3,4,1,14.99,0.3043,0.1435,0.113,4,53582.21,0
C00820,medium,ads,Pune,38,female,16,29,205041,196606.56,139552.38,57054.17999999999,29.02,12287.91,2025-01-11,2025-12-23,8,346,155,75,36,28,16,3,4,1,16.88,0.2323,0.1806,0.1032,1,16467.92,0
C00279,medium,ads,Delhi,18,female,5,8,204295,191592.16999999998,156126.81,35465.359999999986,18.51,38318.43,2025-10-28,2025-11-26,35,29,38,22,9,4,3,3,4,1,62.93,0.2368,0.1053,0.0789,3,6888.53,0
C00062,medium,ads,Chennai,24,female,13,31,203986,176345.32,150509.28,25836.040000000005,14.65,13565.02,2025-03-09,2025-11-17,44,253,133,64,30,26,13,3,4,1,18.75,0.2256,0.1955,0.0977,3,29931.879999999997,0
C00724,medium,ads,Kolkata,29,male,9,17,203918,190921.33,144163.43,46757.899999999994,24.49,21213.48,2025-01-13,2025-12-06,25,327,151,85,32,18,16,3,4,1,10.05,0.2119,0.1192,0.106,4,56105.810000000005,0
C00648,medium,organic,Mumbai,23,male,11,24,201911,185990.11,132179.04,53811.06999999998,28.93,16908.19,2025-01-04,2025-11-30,31,330,172,94,41,18,19,3,4,1,12.17,0.2384,0.1047,0.1105,5,44195.87,0
C00393,medium,organic,Delhi,37,female,7,16,201105,169779.76,140913.17,28866.58999999999,17.0,24254.25,2025-07-27,2025-12-04,27,130,113,57,24,24,8,3,4,1,19.65,0.2124,0.2124,0.0708,1,13218.3,0
C00681,medium,organic,Pune,33,male,14,29,200825,185008.14,145028.9,39979.24,21.61,13214.87,2025-02-23,2025-11-23,38,273,132,64,37,19,12,3,4,1,18.72,0.2803,0.1439,0.0909,1,4324.5,0
C01015,medium,organic,Pune,33,male,11,24,200344,189446.65,135672.73,53773.920000000006,28.38,17222.42,2025-06-17,2025-12-24,7,190,94,46,19,23,6,3,4,1,21.13,0.2021,0.2447,0.0638,8,127682.53,0
C00646,medium,ads,Bangalore,42,female,11,22,200286,172758.97,134346.2,38412.77,22.23,15705.36,2025-05-01,2025-12-27,4,240,125,64,34,14,13,3,4,1,16.73,0.272,0.112,0.104,3,13161.64,0
C00887,medium,referral,Bhubaneswar,50,male,7,14,200195,163216.17,140728.46000000002,22487.709999999995,13.78,23316.6,2025-06-29,2025-12-27,4,181,110,64,30,8,8,3,4,1,14.12,0.2727,0.0727,0.0727,3,50304.27,0
C01194,medium,organic,Bhubaneswar,21,female,10,21,200104,170505.68,133133.23,37372.45,21.92,17050.57,2024-11-19,2025-12-29,2,405,185,94,43,28,20,3,4,1,9.01,0.2324,0.1514,0.1081,6,88061.41,0
C00154,medium,ads,Pune,23,female,9,19,200033,193674.91999999998,147412.9,46262.02,23.89,21519.44,2025-07-18,2025-12-25,6,160,87,45,22,15,5,3,4,1,20.53,0.2529,0.1724,0.0575,3,11082.119999999999,0
C00907,high,referral,Chennai,26,female,14,30,199448,181545.93,137783.0,43762.93,24.11,12967.57,2025-08-12,2025-12-10,21,120,160,82,42,17,19,3,4,1,42.58,0.2625,0.1062,0.1187,15,431171.61,0
C01030,medium,referral,Bhubaneswar,18,male,18,37,196880,180374.82,132993.04,47381.77999999999,26.27,10020.82,2024-05-19,2025-12-23,8,583,283,144,69,40,30,3,4,1,11.27,0.2438,0.1413,0.106,4,29709.0,0
C01200,medium,ads,Bhubaneswar,53,male,5,11,196784,191315.16,142232.02000000002,49083.139999999985,25.66,38263.03,2025-05-08,2025-12-29,2,235,117,53,25,17,22,3,4,1,7.77,0.2137,0.1453,0.188,2,11413.64,0
C00234,medium,organic,Pune,32,male,15,29,195030,183419.94,133435.88,49984.06,27.25,12228.0,2024-10-20,2025-12-27,4,433,220,114,53,38,15,3,4,1,12.64,0.2409,0.1727,0.0682,3,73320.54,0
C00696,medium,ads,Delhi,26,male,8,15,194293,171193.15,128822.58,42370.56999999999,24.75,21399.14,2024-12-14,2025-11-14,47,335,174,92,40,20,22,3,4,1,8.72,0.2299,0.1149,0.1264,4,81930.52,0
C01187,medium,referral,Mumbai,33,female,14,25,193999,177672.27,139761.06,37911.20999999999,21.34,12690.88,2024-12-27,2025-11-30,31,338,142,70,30,27,15,3,4,1,15.12,0.2113,0.1901,0.1056,2,78815.1,0
C00367,high,ads,Pune,29,other,18,36,193317,178695.24,136857.33,41837.90999999999,23.41,9927.51,2025-07-23,2025-12-30,1,160,151,82,35,19,15,3,4,1,41.06,0.2318,0.1258,0.0993,7,176936.38999999998,0
C01128,medium,referral,Chennai,19,male,12,19,193232,180976.13,134720.42,46255.71,25.56,15081.34,2024-10-26,2025-12-31,0,431,206,105,51,28,22,3,4,1,10.16,0.2476,0.1359,0.1068,5,14360.16,0
C00487,medium,ads,Chennai,50,male,15,35,192848,183657.81,128580.12,55077.689999999995,29.99,12243.85,2025-04-07,2025-12-29,2,266,141,67,37,30,7,3,4,1,20.58,0.2624,0.2128,0.0496,7,97890.92,0
C00564,medium,referral,Bhubaneswar,18,female,12,23,192324,181509.84,132548.84,48961.0,26.97,15125.82,2025-03-20,2025-12-31,0,286,135,78,33,17,7,3,4,1,15.31,0.2444,0.1259,0.0519,2,7391.44,0
C00353,medium,referral,Ahmedabad,49,male,5,11,192269,186424.3,143628.21,42796.09,22.96,37284.86,2025-06-13,2025-12-05,26,175,109,57,24,21,7,3,4,1,10.43,0.2202,0.1927,0.0642,1,4814.679999999999,0
C00944,high,organic,Ahmedabad,23,male,11,24,191792,178833.36,142248.90000000002,36584.459999999985,20.46,16257.58,2025-10-28,2025-12-17,14,50,68,30,21,12,5,3,4,1,80.3,0.3088,0.1765,0.0735,9,71940.45,0
C00273,medium,organic,Bhubaneswar,36,male,10,20,190896,144001.75999999998,134138.02,9863.739999999994,6.85,14400.18,2025-04-14,2025-11-16,45,216,126,62,39,11,14,3,4,1,16.9,0.3095,0.0873,0.1111,2,28089.539999999997,0
C00903,medium,ads,Delhi,34,male,17,34,190098,175069.26,133324.39,41744.869999999995,23.84,10298.19,2024-06-14,2025-12-11,20,545,273,127,71,43,32,3,4,1,11.39,0.2601,0.1575,0.1172,1,49468.44,0
C00592,high,referral,Jaipur,36,female,13,29,189910,179404.97,135679.9,43725.069999999985,24.37,13800.38,2025-10-01,2025-12-23,8,83,110,53,26,16,15,3,4,1,57.17,0.2364,0.1455,0.1364,8,270514.96,0
C00650,medium,referral,Bangalore,43,other,15,27,189654,174795.88,140625.1,34170.78,19.55,11653.06,2025-02-08,2025-12-20,11,315,154,74,41,19,20,3,4,1,17.38,0.2662,0.1234,0.1299,3,14831.84,0
C00356,high,ads,Bangalore,20,female,13,21,189510,177825.18,132194.43,45630.75,25.66,13678.86,2025-09-12,2025-12-29,2,108,119,56,33,20,10,3,4,1,43.94,0.2773,0.1681,0.084,10,107910.45,0
C00950,medium,organic,Pune,23,male,8,17,187706,148227.81,133102.34999999998,15125.46,10.2,18528.48,2025-09-01,2025-12-21,10,111,71,34,20,11,6,3,4,1,26.31,0.2817,0.1549,0.0845,4,28084.14,0
C01090,medium,ads,Pune,29,female,13,32,186915,178552.81,129028.88,49523.93,27.74,13734.83,2024-12-05,2025-11-28,33,358,189,101,43,32,13,3,4,1,13.25,0.2275,0.1693,0.0688,3,29090.58,0
C00326,medium,referral,Pune,19,female,7,13,186712,177123.04,125695.36,51427.68000000001,29.04,25303.29,2025-09-17,2025-11-08,53,52,134,75,30,16,13,3,4,1,49.13,0.2239,0.1194,0.097,3,49266.72,0
C00037,medium,ads,Mumbai,36,female,13,27,186601,155324.44,125522.84000000001,29801.6,19.19,11948.03,2025-05-03,2025-12-13,18,224,123,56,30,25,12,3,4,1,21.18,0.2439,0.2033,0.0976,6,118630.90000000001,0
C00865,medium,ads,Bhubaneswar,35,female,21,38,186324,171119.55,134773.36000000002,36346.189999999995,21.24,8148.55,2024-09-15,2025-11-26,35,437,236,111,69,35,21,3,4,1,17.54,0.2924,0.1483,0.089,5,60287.43,0
C01155,medium,organic,Bhubaneswar,39,female,7,13,185821,169475.36000000002,120210.36000000002,49265.0,29.07,24210.77,2025-03-27,2025-09-29,93,186,177,97,37,21,22,3,4,1,13.74,0.209,0.1186,0.1243,4,77054.44,0
C00063,medium,organic,Mumbai,22,other,9,21,185629,174796.3,137894.23,36902.07,21.11,19421.81,2025-05-31,2025-11-24,37,177,98,48,31,15,4,3,4,1,18.56,0.3163,0.1531,0.0408,3,16638.44,0
C00520,medium,ads,Hyderabad,25,male,17,33,185417,169166.93,128061.71,41105.219999999994,24.3,9951.0,2024-04-14,2025-11-26,35,591,267,144,59,41,23,3,4,1,10.5,0.221,0.1536,0.0861,5,73886.09999999999,0
C00218,medium,referral,Ahmedabad,55,male,14,27,185255,175247.58,135668.65,39578.92999999999,22.58,12517.68,2025-03-11,2025-12-16,15,280,172,79,45,30,18,3,4,1,18.25,0.2616,0.1744,0.1047,5,114297.23,0
C00402,high,ads,Hyderabad,45,female,10,18,185155,161818.86,129685.03,32133.829999999998,19.86,16181.89,2025-10-30,2025-12-17,14,48,74,38,15,13,8,3,4,1,76.04,0.2027,0.1757,0.1081,14,138045.81,0
C00374,high,organic,Delhi,41,male,4,7,183955,172858.47,126792.3,46066.16999999999,26.65,43214.62,2025-11-03,2025-11-22,39,19,98,47,31,11,9,3,4,1,76.84,0.3163,0.1122,0.0918,10,256782.63999999998,0
C00222,medium,organic,Mumbai,33,male,17,30,183263,169782.28,130492.72,39289.55999999999,23.14,9987.19,2024-03-27,2025-11-09,52,592,306,156,78,39,33,3,4,1,10.48,0.2549,0.1275,0.1078,4,173822.5,0
C00169,high,ads,Bangalore,27,female,9,18,183167,172703.48,140481.13999999998,32222.34,18.66,19189.28,2025-10-02,2025-12-31,0,90,97,47,26,15,9,3,4,1,36.5,0.268,0.1546,0.0928,13,183697.53,0
C00706,medium,ads,Delhi,18,male,7,11,182541,146638.57,121952.68999999999,24685.88,16.83,20948.37,2025-05-18,2025-12-28,3,224,104,51,22,19,12,3,4,1,11.41,0.2115,0.1827,0.1154,2,85283.04000000001,0
C01064,medium,referral,Ahmedabad,43,female,11,23,181590,171786.04,122865.74,48920.299999999996,28.48,15616.91,2025-07-02,2025-12-24,7,175,119,56,33,19,11,3,4,1,22.94,0.2773,0.1597,0.0924,4,138278.63999999998,0
C00819,low,organic,Hyderabad,42,male,5,10,181496,173353.49000000002,133543.69,39809.8,22.96,34670.7,2024-04-22,2025-03-12,294,324,58,29,14,9,6,3,4,1,5.63,0.2414,0.1552,0.1034,0,0.0,1
C01054,medium,ads,Mumbai,28,male,11,25,181182,162536.93,122231.67,40305.25999999999,24.8,14776.08,2025-08-31,2025-12-19,12,110,79,47,22,7,3,3,4,1,36.5,0.2785,0.0886,0.038,5,200399.19,0
C00024,medium,ads,Ahmedabad,22,male,10,23,178179,160905.78,128272.21,32633.56999999999,20.28,16090.58,2025-02-15,2025-11-28,33,286,138,64,35,24,15,3,4,1,12.76,0.2536,0.1739,0.1087,0,0.0,1
C00232,medium,referral,Delhi,18,male,22,41,177242,166697.71,119811.63,46886.08,28.13,7577.17,2024-06-04,2025-12-28,3,572,298,143,81,45,29,3,4,1,14.04,0.2718,0.151,0.0973,1,14188.2,0
C00641,medium,ads,Ahmedabad,40,female,3,9,176301,171172.28999999998,134675.94,36496.34999999998,21.32,57057.43,2025-11-02,2025-11-25,36,23,33,15,5,10,3,3,4,1,47.61,0.1515,0.303,0.0909,4,78248.28,0
C00831,high,referral,Jaipur,32,male,10,25,175011,160567.05,127460.29000000001,33106.759999999995,20.62,16056.7,2025-10-18,2025-12-18,13,61,82,35,25,17,5,3,4,1,59.84,0.3049,0.2073,0.061,11,96042.2,0
C00598,medium,ads,Kolkata,46,female,3,8,174802,162065.2,118530.53,43534.67000000001,26.86,54021.73,2025-08-22,2025-10-17,75,56,67,30,23,4,10,3,4,1,19.55,0.3433,0.0597,0.1493,3,9799.31,0
C00457,medium,organic,Jaipur,48,male,9,21,173741,163902.75,125173.55,38729.2,23.63,18211.42,2025-08-24,2025-12-31,0,129,69,32,15,11,11,3,4,1,25.47,0.2174,0.1594,0.1594,6,181908.84,0
C00056,medium,ads,Mumbai,32,female,5,8,173442,160496.75,121785.55000000002,38711.19999999999,24.12,32099.35,2025-03-28,2025-10-10,82,196,153,83,28,22,20,3,4,1,9.31,0.183,0.1438,0.1307,6,76411.31,0
C00090,medium,ads,Kolkata,34,male,11,19,173145,163934.04,121457.38,42476.66,25.91,14903.09,2025-01-21,2025-11-18,43,301,168,81,51,20,16,3,4,1,13.34,0.3036,0.119,0.0952,3,48144.93,0
C01034,medium,referral,Mumbai,42,female,11,22,172251,159167.02,117788.90000000001,41378.11999999998,26.0,14469.73,2025-06-21,2025-12-26,5,188,158,82,41,16,19,3,4,1,21.36,0.2595,0.1013,0.1203,1,10705.52,0
C00571,medium,organic,Kolkata,24,female,8,16,171676,161604.53,127527.88,34076.65,21.09,20200.57,2025-07-24,2025-12-11,20,140,82,44,19,12,7,3,4,1,20.86,0.2317,0.1463,0.0854,5,63189.19,0
C00159,medium,organic,Bangalore,28,female,8,16,171546,167631.13,125435.27,42195.85999999999,25.17,20953.89,2025-08-03,2025-11-12,49,101,67,31,18,9,9,3,4,1,28.91,0.2687,0.1343,0.1343,2,19910.96,0
C01176,medium,ads,Hyderabad,34,other,16,29,171158,158187.47,122885.85,35301.62,22.32,9886.72,2025-04-25,2025-12-18,13,237,141,61,36,31,13,3,4,1,24.64,0.2553,0.2199,0.0922,3,44545.28,0
C00664,medium,ads,Jaipur,37,female,20,30,170361,161806.29,122687.62,39118.67,24.18,8090.31,2024-07-11,2025-12-12,19,519,253,128,64,46,15,3,4,1,14.07,0.253,0.1818,0.0593,4,71258.52,0
C00562,high,organic,Mumbai,22,male,11,22,167857,146002.6,115654.2,30348.4,20.79,13272.96,2025-09-12,2025-12-27,4,106,121,70,30,13,8,3,4,1,37.88,0.2479,0.1074,0.0661,8,92825.97,0
C00415,medium,ads,Chennai,49,male,8,15,167148,162859.4,118549.63,44309.77,27.21,20357.42,2025-03-26,2025-12-14,17,263,104,44,36,13,11,3,4,1,11.1,0.3462,0.125,0.1058,2,7594.3,0
C00622,high,organic,Hyderabad,20,female,8,13,164987,157401.25999999998,115145.02,42256.23999999999,26.85,19675.16,2025-11-09,2025-12-27,4,48,77,31,25,9,12,3,4,1,60.83,0.3247,0.1169,0.1558,9,278984.33999999997,0
C00371,medium,referral,Kolkata,36,male,5,9,164632,153499.08,113831.95,39667.12999999999,25.84,30699.82,2025-09-25,2025-12-07,24,73,63,28,15,12,8,3,4,1,25.0,0.2381,0.1905,0.127,5,39074.36,0
C00919,medium,organic,Pune,22,female,12,22,163737,140720.01,110059.45,30660.559999999998,21.79,11726.67,2025-03-05,2025-12-16,15,286,165,72,44,24,25,3,4,1,15.31,0.2667,0.1455,0.1515,4,55249.81,0
C01062,high,organic,Ahmedabad,36,other,10,18,163593,151240.26,119433.31,31806.95,21.03,15124.03,2025-11-03,2025-12-29,2,56,72,33,17,15,7,3,4,1,65.18,0.2361,0.2083,0.0972,10,191398.4,0
C00771,medium,ads,Ahmedabad,24,male,9,21,163217,145920.33,120698.93000000001,25221.399999999983,17.28,16213.37,2025-04-17,2025-12-31,0,258,137,66,26,27,18,3,4,1,12.73,0.1898,0.1971,0.1314,2,4839.3099999999995,0
C00590,medium,organic,Bangalore,29,male,14,32,163213,152131.72,110974.82,41156.9,27.05,10866.55,2025-02-03,2025-12-16,15,316,145,72,35,26,12,3,4,1,16.17,0.2414,0.1793,0.0828,5,99294.33,0
C00597,high,ads,Chennai,48,male,11,20,162967,150027.14,111839.66,38187.48,25.45,13638.83,2025-10-20,2025-12-31,0,72,71,36,15,13,7,3,4,1,55.76,0.2113,0.1831,0.0986,7,227511.09,0
C01125,medium,ads,Delhi,27,female,22,46,162945,154052.92,110171.34,43881.58,28.48,7002.41,2024-03-03,2025-11-13,48,620,290,143,78,40,29,3,4,1,12.95,0.269,0.1379,0.1,5,137748.8,0
C00683,medium,ads,Kolkata,50,female,15,28,161437,146540.41,112621.58,33918.829999999994,23.15,9769.36,2025-02-19,2025-12-18,13,302,179,91,41,35,12,3,4,1,18.13,0.2291,0.1955,0.067,2,10534.880000000001,0
C00977,medium,organic,Ahmedabad,36,female,16,32,160685,147927.99,108179.01,39748.979999999996,26.87,9245.5,2024-09-17,2025-12-14,17,453,284,159,58,43,24,3,4,1,12.89,0.2042,0.1514,0.0845,4,92960.28,0
C00674,medium,organic,Ahmedabad,35,female,14,26,160585,146072.74,112528.11,33544.63,22.96,10433.77,2025-03-19,2025-12-06,25,262,118,58,25,18,17,3,4,1,19.5,0.2119,0.1525,0.1441,6,105441.01,0
C00630,medium,ads,Bangalore,47,female,11,19,157935,143016.13999999998,111653.63,31362.50999999999,21.93,13001.47,2025-03-05,2025-12-15,16,285,137,50,45,24,18,3,4,1,14.09,0.3285,0.1752,0.1314,4,183861.74,0
C00233,medium,referral,Jaipur,35,male,12,27,155948,134628.23,113611.35,21016.880000000005,15.61,11219.02,2025-02-27,2025-12-29,2,305,163,86,32,29,16,3,4,1,14.36,0.1963,0.1779,0.0982,1,20807.64,0
C00245,medium,referral,Pune,30,male,7,14,155259,143269.50999999998,108826.15,34443.35999999999,24.04,20467.07,2025-07-14,2025-12-22,9,161,106,55,23,16,12,3,4,1,15.87,0.217,0.1509,0.1132,5,156633.09999999998,0
C00150,high,organic,Chennai,47,male,10,20,153642,148042.94,110988.91,37054.02999999999,25.03,14804.29,2025-10-20,2025-12-09,22,50,70,36,17,10,7,3,4,1,73.0,0.2429,0.1429,0.1,10,128831.24,0
C00741,medium,ads,Bhubaneswar,31,male,8,16,153607,133272.61,107138.92,26133.690000000002,19.61,16659.08,2025-06-04,2025-12-20,11,199,102,54,29,12,7,3,4,1,14.67,0.2843,0.1176,0.0686,6,150577.74,0
C00697,high,referral,Pune,57,female,9,16,152734,142044.09,112111.87000000001,29932.219999999987,21.07,15782.68,2025-11-11,2025-12-30,1,49,60,31,18,8,3,3,4,1,67.04,0.3,0.1333,0.05,10,243678.87,0
C00143,medium,ads,Ahmedabad,37,male,8,16,152445,142701.53999999998,111447.61,31253.929999999982,21.9,17837.69,2025-08-28,2025-12-24,7,118,87,45,23,12,7,3,4,1,24.75,0.2644,0.1379,0.0805,2,18758.04,0
C00580,medium,ads,Jaipur,29,male,8,16,151242,145511.28,110020.95,35490.329999999994,24.39,18188.91,2025-05-06,2025-09-26,96,143,94,38,26,16,14,3,4,1,20.42,0.2766,0.1702,0.1489,0,0.0,1
C00404,medium,ads,Kolkata,64,male,4,6,151175,125228.4,105372.8,19855.599999999988,15.86,31307.1,2025-09-24,2025-12-20,11,87,74,37,15,12,10,3,4,1,16.78,0.2027,0.1622,0.1351,3,7618.27,0
C00761,medium,organic,Pune,27,female,10,19,151013,144979.47,109596.5,35382.97,24.41,14497.95,2025-04-17,2025-12-29,2,256,149,80,32,26,11,3,4,1,14.26,0.2148,0.1745,0.0738,1,6729.86,0
C00058,low,referral,Mumbai,44,male,3,6,149476,143158.32,105344.23000000001,37814.08999999999,26.41,47719.44,2025-05-20,2025-10-21,71,154,71,36,18,10,7,3,4,1,7.11,0.2535,0.1408,0.0986,0,0.0,1
C00094,medium,organic,Bhubaneswar,37,female,14,27,149095,140595.1,99506.43000000001,41088.66999999999,29.22,10042.51,2025-03-06,2025-12-15,16,284,164,94,37,21,12,3,4,1,17.99,0.2256,0.128,0.0732,1,134444.31,0
C00657,medium,ads,Delhi,18,female,9,23,149068,137041.63,110372.94,26668.69,19.46,15226.85,2025-02-22,2025-10-24,68,244,156,81,41,20,14,3,4,1,13.46,0.2628,0.1282,0.0897,3,11004.76,0
C00134,low,organic,Jaipur,36,other,1,3,147741,141831.36,105299.70000000001,36531.659999999974,25.76,141831.36,2025-02-14,2025-02-14,320,0,62,34,18,7,3,3,4,1,1.0,0.2903,0.1129,0.0484,0,0.0,1
C00400,high,ads,Mumbai,32,female,1,3,147561,146085.38999999998,115950.48000000001,30134.909999999974,20.63,146085.39,2025-12-27,2025-12-27,4,0,3,2,1,0,0,1,2,1,1.0,0.3333,0.0,0.0,9,84285.7,0
C00711,medium,organic,Jaipur,56,female,10,23,146520,135877.44999999998,95675.16,40202.289999999986,29.59,13587.74,2025-07-12,2025-12-18,13,159,95,46,25,16,8,3,4,1,22.96,0.2632,0.1684,0.0842,4,47223.95,0
C00166,low,referral,Delhi,32,male,3,7,144849,137143.22999999998,108953.94000000002,28189.28999999998,20.55,45714.41,2025-07-25,2025-11-26,35,124,39,16,11,9,3,3,4,1,8.83,0.2821,0.2308,0.0769,1,1934.1999999999998,0
C00938,medium,organic,Jaipur,41,male,5,10,143425,136743.72,93677.78,43065.939999999995,31.49,27348.74,2025-09-19,2025-11-17,44,59,60,35,14,6,5,3,4,1,30.93,0.2333,0.1,0.0833,4,18603.620000000003,0
C00806,medium,ads,Bangalore,18,female,10,19,143183,136973.88999999998,102823.57,34150.31999999999,24.93,13697.39,2025-05-13,2025-10-01,91,141,164,90,32,16,26,3,4,1,25.89,0.1951,0.0976,0.1585,5,58827.45,0
C00386,medium,organic,Pune,40,male,10,18,141479,130624.42,99668.68,30955.740000000005,23.7,13062.44,2025-06-04,2025-12-25,6,204,153,67,45,27,14,3,4,1,17.89,0.2941,0.1765,0.0915,5,49765.909999999996,0
C00449,medium,organic,Ahmedabad,48,male,7,11,141167,135128.22,100185.56000000001,34942.65999999999,25.86,19304.03,2025-09-17,2025-12-07,24,81,76,36,22,10,8,3,4,1,31.54,0.2895,0.1316,0.1053,7,168185.2,0
C00238,medium,referral,Ahmedabad,51,female,11,23,140948,119677.36,101446.13,18231.229999999996,15.23,10879.76,2025-06-02,2025-12-10,21,191,110,42,40,19,9,3,4,1,21.02,0.3636,0.1727,0.0818,4,67711.29,0
C00318,medium,ads,Mumbai,31,male,10,20,139559,113224.3,95088.54,18135.760000000002,16.02,11322.43,2025-04-17,2025-12-25,6,252,101,52,29,9,11,3,4,1,14.48,0.2871,0.0891,0.1089,6,283721.91,0
C01057,medium,referral,Pune,45,female,7,11,139208,136507.4,102720.78000000001,33786.619999999995,24.75,19501.06,2025-08-03,2025-12-31,0,150,78,34,22,15,7,3,4,1,17.03,0.2821,0.1923,0.0897,1,28087.859999999997,0
C00843,medium,referral,Pune,33,female,4,8,137354,125746.09000000001,98693.84,27052.250000000007,21.51,31436.52,2025-08-22,2025-11-26,35,96,83,41,15,14,13,3,4,1,15.21,0.1807,0.1687,0.1566,4,60049.33,0
C00022,medium,ads,Jaipur,29,female,8,18,137328,126620.31,99040.25,27580.05999999999,21.78,15827.54,2025-05-29,2025-12-16,15,201,115,59,27,18,11,3,4,1,14.53,0.2348,0.1565,0.0957,4,10866.73,0
C00021,medium,ads,Chennai,32,male,12,27,136964,127109.84999999999,97193.13,29916.719999999994,23.54,10592.49,2025-01-03,2025-10-17,75,287,184,82,50,37,15,3,4,1,15.26,0.2717,0.2011,0.0815,3,16639.05,0
C01219,medium,ads,Bangalore,20,male,7,16,136802,129831.98,93726.89,36105.090000000004,27.81,18547.43,2025-06-20,2025-12-18,13,181,96,50,26,12,8,3,4,1,14.12,0.2708,0.125,0.0833,4,48337.44,0
C00675,medium,referral,Jaipur,46,female,14,30,136667,128225.44,93448.77,34776.67,27.12,9158.96,2025-03-30,2025-12-17,14,262,182,89,47,23,23,3,4,1,19.5,0.2582,0.1264,0.1264,3,85872.91,0
C00801,medium,referral,Jaipur,57,male,6,11,134798,122564.72,92981.11,29583.61,24.14,20427.45,2025-09-01,2025-12-08,23,98,71,34,16,12,9,3,4,1,22.35,0.2254,0.169,0.1268,5,84538.41,0
C00240,medium,referral,Bangalore,32,male,6,14,134389,123175.17,101490.93000000001,21684.239999999998,17.6,20529.19,2025-09-10,2025-12-27,4,108,53,34,6,6,7,3,4,1,20.28,0.1132,0.1132,0.1321,2,106173.95999999999,0
C00587,low,organic,Hyderabad,35,female,2,4,134204,126956.16999999998,105991.54000000001,20964.62999999999,16.51,63478.08,2025-11-23,2025-12-14,17,21,4,0,2,2,0,2,2,1,34.76,0.5,0.5,0.0,0,0.0,1
C00259,medium,organic,Ahmedabad,21,female,9,15,133959,123315.45,98409.52,24905.930000000004,20.2,13701.72,2025-04-21,2025-12-27,4,250,122,66,30,14,12,3,4,1,13.14,0.2459,0.1148,0.0984,5,89166.81,0
C00972,medium,referral,Kolkata,35,female,10,20,132532,127116.17,86629.6,40486.56999999999,31.85,12711.62,2025-02-23,2025-09-19,103,208,149,78,35,21,15,3,4,1,17.55,0.2349,0.1409,0.1007,4,36139.87,0
C00715,medium,ads,Ahmedabad,43,female,4,9,132468,122209.75,85744.20999999999,36465.54,29.84,30552.44,2025-08-20,2025-10-24,68,65,62,33,10,12,7,3,4,1,22.46,0.1613,0.1935,0.1129,2,170711.47999999998,0
C00329,medium,organic,Bangalore,39,female,13,20,129559,117900.48,82225.83,35674.649999999994,30.26,9069.27,2024-08-19,2025-12-24,7,492,241,123,65,32,21,3,4,1,9.64,0.2697,0.1328,0.0871,8,114433.63,0
C01138,low,organic,Bhubaneswar,33,male,7,18,128286,120963.0,87645.92,33317.08,27.54,17280.43,2024-01-17,2025-10-15,77,637,124,63,27,25,9,3,4,1,4.01,0.2177,0.2016,0.0726,0,0.0,1
C00545,high,referral,Bangalore,31,female,7,15,128194,121509.67,89494.95,32014.719999999998,26.35,17358.52,2025-10-26,2025-12-31,0,66,59,33,9,12,5,3,4,1,38.71,0.1525,0.2034,0.0847,7,74274.1,0
C00313,medium,referral,Chennai,33,female,10,20,127040,112604.39,87218.05,25386.339999999993,22.54,11260.44,2025-03-27,2025-11-22,39,240,166,81,39,26,20,3,4,1,15.21,0.2349,0.1566,0.1205,1,13167.0,0
C00979,high,organic,Chennai,42,male,15,25,126953,114667.4,91474.85,23192.550000000003,20.23,7644.49,2025-07-24,2025-12-25,6,154,161,87,41,19,14,3,4,1,35.55,0.2547,0.118,0.087,13,263533.69,0
C01197,medium,ads,Chennai,27,female,12,29,126721,105234.25,89777.95,15456.300000000003,14.69,8769.52,2024-10-11,2025-12-22,9,437,207,96,48,32,31,3,4,1,10.02,0.2319,0.1546,0.1498,1,666.49,0
C00046,medium,organic,Ahmedabad,43,male,9,11,126204,106561.95,82054.4,24507.55,23.0,11840.22,2025-06-21,2025-12-14,17,176,104,51,19,19,15,3,4,1,18.66,0.1827,0.1827,0.1442,2,82165.20000000001,0
C01158,low,ads,Ahmedabad,54,female,1,3,124806,88612.26,82384.47,6227.789999999994,7.03,88612.26,2025-03-21,2025-03-21,285,0,6,2,3,1,0,2,3,1,1.0,0.5,0.1667,0.0,0,0.0,1
C00738,medium,ads,Ahmedabad,32,male,11,18,124068,115995.16,85775.7,30219.460000000003,26.05,10545.01,2025-05-26,2025-12-06,25,194,98,51,22,19,6,3,4,1,20.7,0.2245,0.1939,0.0612,3,31326.03,0
C00008,high,ads,Kolkata,31,other,16,29,122827,111533.92,81907.87,29626.05,26.56,6970.87,2025-09-18,2025-12-22,9,95,102,55,18,18,11,3,4,1,61.47,0.1765,0.1765,0.1078,6,49065.14,0
C00939,medium,ads,Bhubaneswar,29,male,10,14,122178,113797.15000000001,86540.83,27256.32,23.95,11379.72,2025-06-17,2025-11-27,34,163,106,55,27,13,11,3,4,1,22.39,0.2547,0.1226,0.1038,6,82795.85,0
C01114,high,organic,Chennai,36,female,11,24,122117,114239.31,83098.34,31140.97,27.26,10385.39,2025-09-14,2025-12-15,16,92,75,31,22,13,9,3,4,1,43.64,0.2933,0.1733,0.12,10,87407.5,0
C00040,low,ads,Ahmedabad,27,female,2,4,121068,110776.20000000001,79460.98999999999,31315.210000000006,28.27,55388.1,2025-12-02,2025-12-24,7,22,6,3,1,2,0,2,3,1,33.18,0.1667,0.3333,0.0,0,0.0,1
C00451,medium,ads,Mumbai,40,male,6,14,120300,108838.31999999999,83155.13,25683.189999999995,23.6,18139.72,2025-06-19,2025-12-07,24,171,105,56,28,7,14,3,4,1,12.81,0.2667,0.0667,0.1333,3,187170.66999999998,0
C00606,high,organic,Chennai,43,female,8,13,120251,114934.28,93441.37,21492.909999999996,18.7,14366.78,2025-10-18,2025-12-21,10,64,72,39,13,15,5,3,4,1,45.63,0.1806,0.2083,0.0694,9,95697.68,0
C01003,medium,referral,Ahmedabad,42,female,10,19,120174,110922.68,80977.6,29945.079999999994,27.0,11092.27,2025-05-01,2025-12-16,15,229,168,74,50,21,23,3,4,1,15.94,0.2976,0.125,0.1369,2,3677.6000000000004,0
C00692,high,referral,Bhubaneswar,25,female,6,7,117548,99972.67,79936.26,20036.41,20.04,16662.11,2025-11-02,2025-12-21,10,49,62,34,14,8,6,3,4,1,44.69,0.2258,0.129,0.0968,13,292616.21,0
C00941,medium,ads,Pune,36,male,10,22,117532,113061.0,87221.05,25839.95,22.85,11306.1,2025-05-06,2025-11-07,54,185,131,71,31,17,12,3,4,1,19.73,0.2366,0.1298,0.0916,2,25047.61,0
C01010,medium,organic,Chennai,34,female,11,21,115757,108479.06999999999,78710.41,29768.659999999993,27.44,9861.73,2025-01-20,2025-12-28,3,342,169,92,48,22,7,3,4,1,11.74,0.284,0.1302,0.0414,2,8580.28,0
C00119,medium,organic,Chennai,38,female,8,14,115446,109029.98,73071.64,35958.34,32.98,13628.75,2024-08-08,2025-08-24,129,381,238,130,57,27,24,3,4,1,7.66,0.2395,0.1134,0.1008,2,71509.76,0
C00873,medium,ads,Ahmedabad,31,male,11,26,115431,108416.74,76913.06,31503.68,29.06,9856.07,2025-05-07,2025-11-30,31,207,131,62,39,21,9,3,4,1,19.4,0.2977,0.1603,0.0687,4,21728.71,0
C00287,medium,referral,Hyderabad,41,male,4,9,115270,100012.79999999999,77826.20999999999,22186.589999999997,22.18,25003.2,2025-10-26,2025-12-24,7,59,42,21,8,7,6,3,4,1,24.75,0.1905,0.1667,0.1429,2,33561.18,0
C01007,medium,ads,Kolkata,35,female,10,24,114797,109799.08,83672.81,26126.269999999997,23.79,10979.91,2024-12-03,2025-10-23,69,324,201,101,48,36,16,3,4,1,11.27,0.2388,0.1791,0.0796,3,14822.439999999999,0
C00566,low,ads,Bhubaneswar,24,male,4,5,113855,102943.90999999999,82201.03,20742.87999999999,20.15,25735.98,2024-04-28,2024-06-09,570,42,23,11,6,5,1,3,4,1,34.76,0.2609,0.2174,0.0435,0,0.0,1
C00764,medium,organic,Bangalore,40,female,10,16,113126,103920.66,83203.65,20717.01,19.94,10392.07,2025-02-06,2025-11-26,35,293,150,84,36,20,10,3,4,1,12.46,0.24,0.1333,0.0667,4,111907.5,0
C00123,medium,referral,Jaipur,27,male,9,21,112787,96627.06,77944.44,18682.62,19.33,10736.34,2025-03-05,2025-08-11,142,159,165,80,48,20,17,3,4,1,20.66,0.2909,0.1212,0.103,5,188598.03999999998,0
C00936,medium,ads,Pune,24,female,7,16,111196,102474.59000000001,80968.41,21506.180000000008,20.99,14639.23,2025-08-05,2025-12-20,11,137,62,32,15,8,7,3,4,1,18.65,0.2419,0.129,0.1129,4,39610.43,0
C00691,medium,ads,Bangalore,41,male,7,11,110980,104681.75,82824.67,21857.07999999999,20.88,14954.54,2025-04-03,2025-10-20,72,200,174,88,47,23,16,3,4,1,12.78,0.2701,0.1322,0.092,3,145993.08,0
C00267,medium,ads,Bangalore,24,female,3,5,110849,105269.74999999999,81419.83,23849.919999999987,22.66,35089.92,2025-09-27,2025-12-23,8,87,54,29,16,6,3,3,4,1,12.59,0.2963,0.1111,0.0556,3,13737.5,0
C00523,medium,ads,Bangalore,37,female,10,22,109689,103484.88,76369.85,27115.03,26.2,10348.49,2025-02-23,2025-12-04,27,284,134,69,30,18,17,3,4,1,12.85,0.2239,0.1343,0.1269,4,122572.9,0
C00130,medium,referral,Bangalore,20,female,4,8,109165,103953.4,80556.42,23396.97999999999,22.51,25988.35,2025-09-14,2025-11-17,44,64,57,26,16,10,5,3,4,1,22.81,0.2807,0.1754,0.0877,5,78029.98,0
C01173,high,ads,Delhi,18,male,3,6,108943,100661.9,70867.64,29794.26,29.6,33553.97,2025-11-03,2025-12-11,20,38,63,37,13,4,9,3,4,1,28.82,0.2063,0.0635,0.1429,10,230609.92,0
C01182,medium,organic,Delhi,45,male,8,17,108854,99774.60999999999,75195.27,24579.33999999999,24.63,12471.83,2025-09-26,2025-12-30,1,95,53,25,9,13,6,3,4,1,30.74,0.1698,0.2453,0.1132,2,144635.37,0
C00108,medium,referral,Ahmedabad,48,female,5,11,108744,101562.36,74575.92,26986.439999999995,26.57,20312.47,2025-10-01,2025-12-30,1,90,68,37,17,6,8,3,4,1,20.28,0.25,0.0882,0.1176,2,6122.68,0
C00283,medium,ads,Kolkata,31,female,15,29,107253,98133.68000000001,73767.42,24366.260000000002,24.83,6542.25,2024-06-06,2025-10-22,70,503,284,145,67,42,30,3,4,1,10.88,0.2359,0.1479,0.1056,4,221382.5,0
C00129,medium,referral,Mumbai,36,female,6,13,106906,92292.45999999999,71239.26000000001,21053.199999999997,22.81,15382.08,2025-09-07,2025-11-14,47,68,89,42,24,16,7,3,4,1,32.21,0.2697,0.1798,0.0787,5,92271.84,0
C00548,medium,organic,Bhubaneswar,25,male,11,18,105888,94056.51999999999,78473.4,15583.119999999997,16.57,8550.59,2025-01-28,2025-12-12,19,318,175,82,40,27,26,3,4,1,12.63,0.2286,0.1543,0.1486,2,16330.4,0
C00376,medium,organic,Bhubaneswar,41,female,7,14,103770,85943.91,73379.03,12564.880000000003,14.62,12277.7,2025-05-05,2025-12-18,13,227,103,57,26,15,5,3,4,1,11.26,0.2524,0.1456,0.0485,2,36296.4,0
C00888,medium,ads,Delhi,22,female,14,24,103711,89719.78,72054.78,17664.999999999996,19.69,6408.56,2024-09-30,2025-12-26,5,452,188,92,57,20,19,3,4,1,11.31,0.3032,0.1064,0.1011,5,143807.8,0
C00618,medium,ads,Hyderabad,18,female,9,20,103422,96233.64,75673.79,20559.849999999995,21.36,10692.63,2025-05-16,2025-12-21,10,219,112,59,26,19,8,3,4,1,15.0,0.2321,0.1696,0.0714,4,51322.299999999996,0
C01059,medium,ads,Chennai,40,male,8,14,102266,92755.99,74279.18000000001,18476.810000000005,19.92,11594.5,2025-05-23,2025-11-07,54,168,103,54,26,15,8,3,4,1,17.38,0.2524,0.1456,0.0777,2,28524.48,0
C00792,medium,referral,Jaipur,44,male,5,9,101217,93843.29999999999,68343.83,25499.469999999994,27.17,18768.66,2025-06-21,2025-12-28,3,190,143,73,40,20,10,3,4,1,9.61,0.2797,0.1399,0.0699,2,6666.41,0
C00424,low,ads,Delhi,48,male,2,3,101125,95531.12,68977.66,26553.46,27.8,47765.56,2025-03-25,2025-07-17,167,114,47,19,15,9,4,3,4,1,6.4,0.3191,0.1915,0.0851,0,0.0,1
C00864,medium,ads,Delhi,45,male,5,10,100207,88347.27,66777.89,21569.379999999997,24.41,17669.45,2025-10-08,2025-12-22,9,75,50,26,11,8,5,3,4,1,24.33,0.22,0.16,0.1,4,53782.66,0
C00943,medium,referral,Delhi,45,male,6,10,100175,95266.24999999999,65046.07,30220.179999999993,31.72,15877.71,2025-09-04,2025-11-12,49,69,59,30,14,11,4,3,4,1,31.74,0.2373,0.1864,0.0678,2,4499.4,0
C00112,medium,organic,Jaipur,25,female,11,21,99357,89202.59,70590.11,18612.480000000003,20.87,8109.33,2024-10-23,2025-10-16,76,358,214,113,50,34,17,3,4,1,11.22,0.2336,0.1589,0.0794,2,7354.92,0
C00970,medium,organic,Pune,34,male,3,5,99256,94572.95000000001,64287.14000000001,30285.81,32.02,31524.32,2025-10-15,2025-12-13,18,59,35,14,8,11,2,3,4,1,18.56,0.2286,0.3143,0.0571,2,52599.85,0
C00679,medium,ads,Pune,32,female,6,14,99254,92205.58,68503.94,23701.640000000003,25.71,15367.6,2025-06-14,2025-11-22,39,161,81,38,23,11,9,3,4,1,13.6,0.284,0.1358,0.1111,5,98771.62,0
C00070,medium,ads,Ahmedabad,40,male,14,28,99163,89945.44,69661.59,20283.85,22.55,6424.67,2025-03-27,2025-10-08,84,195,174,94,39,23,18,3,4,1,26.21,0.2241,0.1322,0.1034,3,31692.21,0
C00015,medium,ads,Mumbai,41,male,9,14,98642,86796.91,66761.31,20035.6,23.08,9644.1,2025-02-08,2025-09-30,92,234,148,82,38,16,12,3,4,1,14.04,0.2568,0.1081,0.0811,5,126556.53,0
C00916,medium,ads,Bangalore,37,female,5,10,97770,95829.97,68647.69,27182.28,28.37,19165.99,2025-04-18,2025-12-12,19,238,106,58,22,12,14,3,4,1,7.67,0.2075,0.1132,0.1321,5,64870.29,0
C00538,medium,referral,Mumbai,28,male,9,17,96878,93289.76,71829.07,21460.689999999995,23.0,10365.53,2025-07-13,2025-12-11,20,151,119,56,29,22,12,3,4,1,21.75,0.2437,0.1849,0.1008,6,68081.51,0
C01218,high,organic,Bhubaneswar,43,female,8,18,95562,88267.85,70264.03,18003.819999999996,20.4,11033.48,2025-10-08,2025-12-30,1,83,89,58,15,9,7,3,4,1,35.18,0.1685,0.1011,0.0787,8,195943.62,0
C00663,high,organic,Ahmedabad,50,female,4,11,95395,86604.7,72612.98000000001,13991.719999999992,16.16,21651.17,2025-11-16,2025-12-15,16,29,53,28,12,6,7,3,4,1,50.34,0.2264,0.1132,0.1321,12,211916.94,0
C00965,medium,organic,Jaipur,23,female,9,14,95021,88613.5,66922.04000000001,21691.460000000003,24.48,9845.94,2025-02-11,2025-10-07,85,238,155,72,41,25,17,3,4,1,13.8,0.2645,0.1613,0.1097,1,5804.16,0
C00182,medium,organic,Delhi,58,female,4,9,94441,78145.41,60633.280000000006,17512.129999999997,22.41,19536.35,2025-01-01,2025-10-09,83,281,140,65,40,16,19,3,4,1,5.2,0.2857,0.1143,0.1357,3,151312.05000000002,0
C00927,low,referral,Bangalore,22,male,2,5,94247,85942.24,71330.84000000001,14611.399999999998,17.0,42971.12,2025-01-01,2025-01-22,343,21,26,10,7,5,4,3,4,1,34.76,0.2692,0.1923,0.1538,0,0.0,1
C00310,medium,referral,Mumbai,38,female,8,19,92723,86639.79,64896.07,21743.719999999998,25.1,10829.97,2025-02-23,2025-11-12,49,262,172,74,43,37,18,3,4,1,11.15,0.25,0.2151,0.1047,3,7101.45,0
C00933,medium,referral,Bangalore,32,male,3,6,92481,79680.54,63255.36,16425.18,20.61,26560.18,2025-11-23,2025-12-21,10,28,30,18,7,1,4,3,4,1,39.11,0.2333,0.0333,0.1333,1,905.52,0
C00995,medium,referral,Hyderabad,47,male,10,18,91063,84854.9,61868.130000000005,22986.769999999993,27.09,8485.49,2024-06-22,2025-08-18,135,422,246,130,54,41,21,3,4,1,8.65,0.2195,0.1667,0.0854,5,19970.8,0
C00341,low,organic,Mumbai,30,female,1,2,90422,89517.78,68421.32,21096.459999999992,23.57,89517.78,2024-02-28,2024-02-28,672,0,13,8,1,2,2,3,4,1,1.0,0.0769,0.1538,0.1538,0,0.0,1
C01037,low,ads,Pune,39,female,2,5,89052,85401.48,60831.71,24569.770000000004,28.77,42700.74,2025-11-14,2025-12-07,24,23,23,12,4,4,3,3,4,1,31.74,0.1739,0.1739,0.1304,1,6310.08,0
C00447,medium,ads,Hyderabad,30,male,3,7,89019,81373.32,63677.04,17696.28,21.75,27124.44,2025-11-04,2025-11-08,53,4,41,24,10,2,5,3,4,1,273.75,0.2439,0.0488,0.122,4,71581.76,0
C00924,medium,referral,Hyderabad,31,female,10,17,88506,81100.19,57158.21,23941.979999999996,29.52,8110.02,2025-06-03,2025-11-05,56,155,113,62,19,16,16,3,4,1,23.55,0.1681,0.1416,0.1416,1,3499.62,0
C00442,medium,referral,Mumbai,38,female,3,8,88237,86472.26,65561.14,20911.120000000003,24.18,28824.09,2025-10-06,2025-12-27,4,82,36,18,10,6,2,3,4,1,13.35,0.2778,0.1667,0.0556,2,10006.84,0
C00489,medium,referral,Mumbai,40,female,13,25,86895,82250.45999999999,58852.57,23397.889999999996,28.45,6326.96,2024-11-25,2025-10-27,65,336,195,86,59,25,25,3,4,1,14.12,0.3026,0.1282,0.1282,4,10041.26,0
C00762,medium,ads,Kolkata,34,female,6,10,85598,79304.76000000001,55770.49,23534.27,29.68,13217.46,2025-06-23,2025-12-29,2,189,105,62,21,11,11,3,4,1,11.59,0.2,0.1048,0.1048,1,3704.43,0
C00620,low,organic,Kolkata,32,female,1,2,83204,79875.84,54922.98,24952.859999999993,31.24,79875.84,2025-05-09,2025-05-09,236,0,27,9,12,3,3,3,4,1,1.0,0.4444,0.1111,0.1111,0,0.0,1
C01153,medium,ads,Bhubaneswar,54,female,4,8,82499,75097.98,55746.18,19351.799999999992,25.77,18774.49,2025-09-13,2025-12-04,27,82,50,24,6,15,5,3,4,1,17.8,0.12,0.3,0.1,4,150070.99,0
C00500,medium,ads,Hyderabad,21,male,6,12,81560,75394.85,58232.84,17162.010000000002,22.76,12565.81,2025-01-22,2025-12-07,24,319,182,91,40,32,19,3,4,1,6.87,0.2198,0.1758,0.1044,3,16882.44,0
C00717,medium,organic,Mumbai,18,female,1,2,81416,75716.87999999999,56032.88,19683.999999999993,26.0,75716.88,2025-12-29,2025-12-29,2,0,7,1,3,2,1,3,4,1,1.0,0.4286,0.2857,0.1429,2,22411.48,0
C00881,low,organic,Hyderabad,26,female,1,2,81416,74088.56,56032.88,18055.68,24.37,74088.56,2025-12-01,2025-12-01,30,0,4,2,2,0,0,2,2,1,1.0,0.5,0.0,0.0,0,0.0,1
C00528,high,organic,Bhubaneswar,42,female,10,19,80043,75978.93000000001,57492.630000000005,18486.3,24.33,7597.89,2025-09-19,2025-12-25,6,97,113,56,24,16,17,3,4,1,37.63,0.2124,0.1416,0.1504,8,35214.6,0
C00735,medium,organic,Mumbai,51,female,6,14,80011,69626.95999999999,57604.19,12022.769999999999,17.27,11604.49,2025-10-04,2025-12-17,14,74,41,18,6,12,5,3,4,1,29.59,0.1463,0.2927,0.122,5,27993.66,0
C00579,medium,referral,Bangalore,41,female,10,17,78749,74958.52,54669.49,20289.03,27.07,7495.85,2025-05-18,2025-12-28,3,224,103,50,21,18,14,3,4,1,16.29,0.2039,0.1748,0.1359,7,189548.56,0
C00019,high,ads,Delhi,36,female,9,16,77936,68728.47,57657.67,11070.799999999996,16.11,7636.5,2025-10-24,2025-12-31,0,68,64,29,13,15,7,3,4,1,48.31,0.2031,0.2344,0.1094,14,323035.37,0
C01221,medium,ads,Mumbai,54,female,9,18,77813,69466.85,55109.15,14357.7,20.67,7718.54,2025-02-11,2025-12-04,27,296,166,85,38,29,14,3,4,1,11.1,0.2289,0.1747,0.0843,1,2105.04,0
C01112,low,organic,Hyderabad,19,female,1,2,76278,73989.66,48985.64,25004.020000000004,33.79,73989.66,2025-12-15,2025-12-15,16,0,22,12,7,3,0,2,3,1,1.0,0.3182,0.1364,0.0,1,4120.32,0
C00482,low,ads,Jaipur,47,male,2,6,75072,70133.15999999999,51008.04,19125.11999999999,27.27,35066.58,2025-06-21,2025-09-30,92,101,30,18,6,5,1,3,4,1,7.23,0.2,0.1667,0.0333,0,0.0,1
C00368,medium,referral,Bhubaneswar,27,female,7,14,74982,72247.72,54152.5,18095.219999999998,25.05,10321.1,2025-08-04,2025-11-29,32,117,69,36,21,6,6,3,4,1,21.84,0.3043,0.087,0.087,7,45703.69,0
C01002,medium,ads,Mumbai,46,female,5,12,74498,71218.26,50669.36,20548.899999999998,28.85,14243.65,2025-08-26,2025-12-25,6,121,82,47,17,12,6,3,4,1,15.08,0.2073,0.1463,0.0732,3,5948.96,0
C01195,low,organic,Kolkata,48,male,2,3,73286,73175.6,53874.23,19301.37,26.38,36587.8,2024-03-01,2024-05-01,609,61,31,15,8,4,4,3,4,1,11.97,0.2581,0.129,0.129,0,0.0,1
C00670,high,organic,Kolkata,37,female,6,15,71831,67108.67,47225.67,19883.0,29.63,11184.78,2025-11-23,2025-12-29,2,36,51,24,15,5,7,3,4,1,60.83,0.2941,0.098,0.1373,12,149070.99,0
C01180,medium,ads,Hyderabad,36,male,5,8,71472,68958.36,49072.15,19886.21,28.84,13791.67,2025-11-23,2025-12-24,7,31,24,12,4,8,0,2,3,1,58.87,0.1667,0.3333,0.0,5,90186.13,0
C00335,medium,referral,Chennai,22,male,6,13,69951,67013.75,48186.549999999996,18827.2,28.09,11168.96,2025-11-10,2025-12-28,3,48,29,16,8,1,4,3,4,1,45.63,0.2759,0.0345,0.1379,3,71811.36,0
C00255,medium,ads,Jaipur,24,male,5,10,69335,66591.81,50759.12,15832.689999999997,23.78,13318.36,2025-10-10,2025-11-17,44,38,53,29,12,8,4,3,4,1,48.03,0.2264,0.1509,0.0755,0,0.0,1
C00486,medium,ads,Ahmedabad,56,male,1,3,68748,65998.08,46434.78,19563.300000000003,29.64,65998.08,2025-11-20,2025-11-20,41,0,32,19,6,5,2,3,4,1,1.0,0.1875,0.1563,0.0625,5,248350.55000000002,0
C00836,medium,ads,Hyderabad,37,female,4,9,68724,55482.14,50969.450000000004,4512.689999999996,8.13,13870.53,2025-09-16,2025-12-30,1,105,60,30,15,10,5,3,4,1,13.9,0.25,0.1667,0.0833,6,73584.98999999999,0
C00250,medium,organic,Bangalore,47,other,8,16,68176,59676.439999999995,44835.33,14841.109999999999,24.87,7459.55,2025-05-31,2025-11-20,41,173,101,55,25,12,9,3,4,1,16.88,0.2475,0.1188,0.0891,4,38525.85,0
C00319,medium,ads,Ahmedabad,21,female,10,20,67657,63363.4,46313.880000000005,17049.52,26.91,6336.34,2025-05-19,2025-11-24,37,189,142,72,40,18,12,3,4,1,19.31,0.2817,0.1268,0.0845,4,30852.079999999998,0
C00006,high,ads,Chennai,29,male,6,13,66848,63302.92,46767.41,16535.509999999995,26.12,10550.49,2025-12-01,2025-12-30,1,29,32,16,6,8,2,3,4,1,75.52,0.1875,0.25,0.0625,11,86907.79,0
C00322,low,ads,Mumbai,33,female,4,6,66265,58773.45,42379.21,16394.239999999998,27.89,14693.36,2024-04-17,2024-12-22,374,249,58,27,14,10,7,3,4,1,5.86,0.2414,0.1724,0.1207,0,0.0,1
C00358,high,ads,Ahmedabad,37,female,2,5,65041,51487.47,49631.92,1855.5499999999984,3.6,25743.74,2025-12-06,2025-12-12,19,6,24,12,7,3,2,3,4,1,121.67,0.2917,0.125,0.0833,8,72288.46,0
C00433,medium,organic,Chennai,44,male,5,9,62907,58883.46,42038.18,16845.280000000002,28.61,11776.69,2025-11-04,2025-12-30,1,56,27,12,9,4,2,3,4,1,32.59,0.3333,0.1481,0.0741,2,10988.58,0
C00529,low,organic,Ahmedabad,29,male,2,6,61530,57506.13,44825.97,12680.159999999996,22.05,28753.06,2025-06-21,2025-07-05,179,14,20,7,8,4,1,3,4,1,52.14,0.4,0.2,0.05,0,0.0,1
C00429,medium,referral,Kolkata,21,female,4,7,61521,58726.270000000004,46746.29,11979.98,20.4,14681.57,2025-10-03,2025-12-02,29,60,40,25,8,6,1,3,4,1,24.33,0.2,0.15,0.025,5,32865.56,0
C00208,medium,referral,Mumbai,34,other,2,4,60729,52501.29,43348.9,9152.39,17.43,26250.65,2025-09-23,2025-10-09,83,16,49,25,15,3,6,3,4,1,45.63,0.3061,0.0612,0.1224,3,57278.95,0
C00223,high,organic,Bangalore,26,male,5,10,60398,49106.11,40751.37,8354.739999999998,17.01,9821.22,2025-12-01,2025-12-26,5,25,32,16,7,6,3,3,4,1,73.0,0.2188,0.1875,0.0938,12,304384.11,0
C01085,low,organic,Ahmedabad,42,female,3,6,59870,57238.9,45398.16,11840.739999999998,20.69,19079.63,2024-06-12,2025-03-27,279,288,48,24,7,11,6,3,4,1,3.8,0.1458,0.2292,0.125,0,0.0,1
C01115,medium,referral,Hyderabad,33,male,5,10,59219,54863.1,43967.79,10895.309999999996,19.86,10972.62,2025-09-17,2025-11-25,36,69,53,26,13,10,4,3,4,1,26.45,0.2453,0.1887,0.0755,6,60751.8,0
C00188,high,ads,Ahmedabad,18,male,8,15,59070,53878.18,43524.9,10353.279999999999,19.22,6734.77,2025-11-11,2025-12-23,8,42,46,23,12,7,4,3,4,1,69.52,0.2609,0.1522,0.087,11,110758.01999999999,0
C00748,high,referral,Bangalore,18,female,8,9,58705,52985.369999999995,41801.58,11183.789999999997,21.11,6623.17,2025-11-09,2025-12-29,2,50,52,27,12,8,5,3,4,1,58.4,0.2308,0.1538,0.0962,14,243372.21,0
C00645,high,referral,Ahmedabad,33,male,9,18,57536,51792.47,43160.01,8632.46,16.67,5754.72,2025-10-23,2025-12-26,5,64,83,38,22,15,8,3,4,1,51.33,0.2651,0.1807,0.0964,11,305209.95999999996,0
C00770,medium,ads,Jaipur,29,female,3,6,57251,53860.52,43300.85,10559.669999999998,19.61,17953.51,2025-11-30,2025-12-07,24,7,17,10,2,2,3,3,4,1,156.43,0.1176,0.1176,0.1765,3,40548.0,0
C01150,medium,ads,Hyderabad,25,male,6,11,57120,52688.159999999996,42590.86,10097.299999999997,19.16,8781.36,2025-09-13,2025-12-05,26,83,54,27,9,14,4,3,4,1,26.39,0.1667,0.2593,0.0741,0,0.0,1
C00060,low,ads,Pune,54,male,1,2,56226,52852.439999999995,37689.18,15163.259999999995,28.69,52852.44,2025-02-01,2025-02-01,333,0,69,35,13,13,8,3,4,1,1.0,0.1884,0.1884,0.1159,0,0.0,1
C00656,low,referral,Bangalore,54,female,2,6,56013,54844.56,40059.12,14785.439999999995,26.96,27422.28,2025-03-18,2025-04-25,250,38,71,31,21,16,3,3,4,1,19.21,0.2958,0.2254,0.0423,1,4203.36,0
C01053,medium,ads,Delhi,37,female,4,7,55408,50430.7,39086.72,11343.979999999998,22.49,12607.67,2025-11-10,2025-12-24,7,44,35,21,3,7,4,3,4,1,33.18,0.0857,0.2,0.1143,5,151778.96,0
C01018,medium,organic,Chennai,18,female,3,9,54753,53638.59,36649.47,16989.12,31.67,17879.53,2025-08-28,2025-10-19,73,52,70,34,16,14,6,3,4,1,21.06,0.2286,0.2,0.0857,3,109476.81,0
C00817,medium,ads,Bangalore,29,female,4,7,54450,43287.88,38034.68,5253.199999999999,12.14,10821.97,2025-11-19,2025-12-22,9,33,33,17,6,9,1,3,4,1,44.24,0.1818,0.2727,0.0303,5,147940.74,0
C00179,medium,referral,Pune,27,male,1,3,53763,52150.11,42164.04,9986.07,19.15,52150.11,2025-12-17,2025-12-17,14,0,40,21,10,5,4,3,4,1,1.0,0.25,0.125,0.1,5,124397.72,0
C01006,medium,organic,Bangalore,28,female,1,2,52988,52458.12,39564.76,12893.36,24.58,52458.12,2025-08-12,2025-08-12,141,0,81,36,26,13,6,3,4,1,1.0,0.321,0.1605,0.0741,3,32868.6,0
C01061,medium,organic,Chennai,41,male,4,6,52810,49377.06,37600.68,11776.38,23.85,12344.26,2025-09-25,2025-11-03,58,39,43,18,11,5,9,3,4,1,37.44,0.2558,0.1163,0.2093,1,7366.66,0
C00747,medium,ads,Ahmedabad,42,male,3,6,52636,45674.04,36826.049999999996,8847.990000000002,19.37,15224.68,2025-09-15,2025-12-19,12,95,83,50,24,5,4,3,4,1,11.53,0.2892,0.0602,0.0482,6,98685.51,0
C00514,medium,organic,Chennai,34,other,6,11,51971,49246.84,37039.39,12207.449999999997,24.79,8207.81,2025-09-02,2025-12-26,5,115,58,29,19,7,3,3,4,1,19.04,0.3276,0.1207,0.0517,1,27887.960000000003,0
C00390,medium,ads,Jaipur,27,female,2,3,51795,48429.70999999999,32403.9,16025.809999999994,33.09,24214.85,2025-11-23,2025-12-03,28,10,18,9,5,3,1,3,4,1,73.0,0.2778,0.1667,0.0556,5,155380.52999999997,0
C00672,medium,referral,Hyderabad,50,male,2,2,51100,48508.899999999994,34058.86,14450.039999999997,29.79,24254.45,2025-11-06,2025-11-29,32,23,32,15,9,5,3,3,4,1,31.74,0.2813,0.1563,0.0938,1,67249.71,0
C00269,low,organic,Bhubaneswar,23,female,4,7,50951,40173.58,33877.270000000004,6296.309999999998,15.67,10043.4,2024-10-30,2025-02-25,309,118,79,39,22,11,7,3,4,1,12.37,0.2785,0.1392,0.0886,0,0.0,1
C00163,medium,ads,Bhubaneswar,22,female,2,4,50882,49454.26,34963.46,14490.800000000003,29.3,24727.13,2025-12-02,2025-12-09,22,7,39,16,11,10,2,3,4,1,104.29,0.2821,0.2564,0.0513,3,23769.300000000003,0
C01075,medium,organic,Ahmedabad,19,female,6,10,50324,47412.18,35544.28,11867.9,25.03,7902.03,2025-09-23,2025-12-27,4,95,62,36,10,9,7,3,4,1,23.05,0.1613,0.1452,0.1129,4,157955.96,0
C00183,high,organic,Chennai,38,male,5,12,49951,42535.94,34385.91,8150.029999999999,19.16,8507.19,2025-12-15,2025-12-25,6,10,22,11,4,6,1,3,4,1,182.5,0.1818,0.2727,0.0455,11,110333.03,0
C01099,medium,ads,Kolkata,49,male,3,7,48783,45175.68,37301.15,7874.529999999997,17.43,15058.56,2025-10-23,2025-12-10,21,48,31,14,7,6,4,3,4,1,22.81,0.2258,0.1935,0.129,4,86244.79,0
C00829,medium,ads,Delhi,21,female,3,5,48569,42168.649999999994,34399.92,7768.729999999997,18.42,14056.22,2025-11-21,2025-12-22,9,31,34,13,13,7,1,3,4,1,35.32,0.3824,0.2059,0.0294,4,9246.01,0
C00420,medium,organic,Pune,29,male,6,14,47336,40987.26,33106.47,7880.790000000001,19.23,6831.21,2025-09-12,2025-12-26,5,105,50,25,12,8,5,3,4,1,20.86,0.24,0.16,0.1,2,124918.17,0
C00258,medium,organic,Pune,23,male,3,7,47276,44679.24,32188.940000000002,12490.299999999997,27.96,14893.08,2025-10-16,2025-12-12,19,57,41,21,12,5,3,3,4,1,19.21,0.2927,0.122,0.0732,5,158503.74,0
C00161,low,referral,Mumbai,18,female,1,2,47274,36400.98,36716.0,-315.0199999999968,-0.87,36400.98,2025-09-11,2025-09-11,111,0,30,18,6,2,4,3,4,1,1.0,0.2,0.0667,0.1333,0,0.0,1
C00588,low,organic,Delhi,58,female,1,2,47274,45383.04,36716.0,8667.04,19.1,45383.04,2024-02-23,2024-02-23,677,0,14,6,3,3,2,3,4,1,1.0,0.2143,0.2143,0.1429,0,0.0,1
C00387,medium,organic,Delhi,18,female,5,11,47066,44659.299999999996,31973.21,12686.089999999998,28.41,8931.86,2025-08-13,2025-10-24,68,72,92,40,25,16,11,3,4,1,25.35,0.2717,0.1739,0.1196,5,109065.18,0
C00036,medium,ads,Jaipur,46,male,2,3,45775,43944.0,35817.14,8126.860000000001,18.49,21972.0,2025-11-16,2025-11-18,43,2,36,17,9,6,4,3,4,1,365.0,0.25,0.1667,0.1111,4,189666.13999999998,0
C00996,medium,organic,Pune,50,female,2,2,45702,41588.82,31531.41,10057.41,24.18,20794.41,2025-10-04,2025-10-29,63,25,38,19,10,5,4,3,4,1,29.2,0.2632,0.1316,0.1053,1,15476.24,0
C00797,medium,organic,Delhi,26,other,3,5,45234,41359.89,30428.870000000003,10931.019999999997,26.43,13786.63,2025-06-17,2025-12-07,24,173,116,63,30,14,9,3,4,1,6.33,0.2586,0.1207,0.0776,1,1770.8600000000001,0
C00623,medium,organic,Kolkata,49,female,5,7,45032,38919.61,32338.09,6581.5199999999995,16.91,7783.92,2025-06-10,2025-12-18,13,191,75,33,16,16,10,3,4,1,9.55,0.2133,0.2133,0.1333,5,103418.51,0
C00219,medium,ads,Kolkata,41,female,7,15,43671,39864.67,29618.57,10246.099999999999,25.7,5694.95,2025-02-07,2025-11-08,53,274,147,75,36,16,20,3,4,1,9.32,0.2449,0.1088,0.1361,2,26404.08,0
C00426,medium,organic,Chennai,59,female,3,7,43196,42387.51,29009.910000000003,13377.599999999999,31.56,14129.17,2025-10-20,2025-11-16,45,27,38,22,7,5,4,3,4,1,40.56,0.1842,0.1316,0.1053,2,26493.44,0
C00362,low,organic,Chennai,30,female,2,6,43005,39624.450000000004,33153.509999999995,6470.940000000004,16.33,19812.23,2024-06-16,2024-09-04,483,80,36,20,5,5,6,3,4,1,9.13,0.1389,0.1389,0.1667,0,0.0,1
C00122,medium,organic,Pune,29,other,5,9,41650,36951.979999999996,28876.309999999998,8075.669999999998,21.85,7390.4,2025-06-24,2025-09-24,98,92,103,54,20,21,8,3,4,1,19.84,0.1942,0.2039,0.0777,3,140766.96000000002,0
C00573,low,referral,Bangalore,25,male,1,1,41602,41185.98,27461.49,13724.490000000002,33.32,41185.98,2025-01-22,2025-01-22,343,0,41,22,9,4,6,3,4,1,1.0,0.2195,0.0976,0.1463,0,0.0,1
C01227,high,organic,Chennai,34,male,7,13,40921,36308.59,27132.96,9175.63,25.27,5186.94,2024-12-28,2025-02-15,319,49,72,39,13,8,12,3,4,1,52.14,0.1806,0.1111,0.1667,0,0.0,1
C00705,medium,referral,Kolkata,27,female,1,1,40708,39486.76,28016.44,11470.320000000003,29.05,39486.76,2025-12-29,2025-12-29,2,0,16,8,7,0,1,3,3,1,1.0,0.4375,0.0,0.0625,5,110959.14,0
C00884,low,organic,Kolkata,44,female,3,6,40670,34432.09,29421.699999999997,5010.390000000001,14.55,11477.36,2024-02-03,2025-01-03,362,335,118,61,31,17,9,3,4,1,3.27,0.2627,0.1441,0.0763,0,0.0,1
C01174,high,organic,Mumbai,32,male,5,10,40660,36713.42,27818.79,8894.63,24.23,7342.68,2025-10-31,2025-12-29,2,59,50,24,10,10,6,3,4,1,30.93,0.2,0.2,0.12,14,489279.42,0
C00450,medium,ads,Bangalore,36,male,2,4,39494,34751.36,25545.94,9205.419999999998,26.49,17375.68,2025-09-04,2025-12-11,20,98,67,30,21,6,10,3,4,1,7.45,0.3134,0.0896,0.1493,6,56710.54,0
C00314,medium,ads,Bhubaneswar,40,male,3,7,39355,35390.39,28112.75,7277.6399999999985,20.56,11796.8,2025-10-21,2025-11-18,43,28,50,26,10,7,7,3,4,1,39.11,0.2,0.14,0.14,1,7873.92,0
C00569,medium,ads,Mumbai,35,female,1,2,38626,37467.22,29456.18,8011.040000000001,21.38,37467.22,2025-12-27,2025-12-27,4,0,6,4,2,0,0,2,2,1,1.0,0.3333,0.0,0.0,0,0.0,1
C00186,medium,organic,Ahmedabad,32,female,5,11,38541,36353.34,29317.260000000002,7036.079999999996,19.35,7270.67,2025-10-15,2025-12-05,26,51,40,17,13,6,4,3,4,1,35.78,0.325,0.15,0.1,3,84640.36,0
C00132,medium,organic,Delhi,24,male,3,5,38218,27753.26,29876.93,-2123.670000000001,-7.65,9251.09,2025-10-04,2025-11-07,54,34,36,17,13,2,4,3,4,1,32.21,0.3611,0.0556,0.1111,2,16113.060000000001,0
C00444,medium,organic,Bhubaneswar,28,male,4,6,37885,34709.03,23700.890000000003,11008.139999999998,31.72,8677.26,2025-10-06,2025-11-07,54,32,40,23,8,4,5,3,4,1,45.63,0.2,0.1,0.125,3,39582.06,0
C00403,medium,organic,Mumbai,34,male,1,1,37838,35946.1,24884.77,11061.329999999998,30.77,35946.1,2025-12-04,2025-12-04,27,0,14,9,4,0,1,3,3,1,1.0,0.2857,0.0,0.0714,3,73705.84,0
C01049,medium,ads,Mumbai,39,male,2,4,37697,33705.770000000004,27115.440000000002,6590.329999999999,19.55,16852.89,2025-10-26,2025-12-31,0,66,55,31,13,6,5,3,4,1,11.06,0.2364,0.1091,0.0909,4,126465.54,0
C00299,low,organic,Jaipur,29,female,4,7,37076,35038.98,27739.85,7299.13,20.83,8759.75,2024-12-19,2025-10-01,91,286,110,69,20,14,7,3,4,1,5.1,0.1818,0.1273,0.0636,0,0.0,1
C01038,low,organic,Chennai,19,female,1,2,35842,34408.32,28109.36,6298.959999999999,18.31,34408.32,2025-07-19,2025-07-19,165,0,12,7,4,0,1,3,3,1,1.0,0.3333,0.0,0.0833,0,0.0,1
C00984,low,organic,Ahmedabad,44,male,2,6,35718,32049.960000000003,27691.29,4358.670000000001,13.6,16024.98,2025-11-01,2025-12-31,0,60,35,15,12,6,2,3,4,1,12.17,0.3429,0.1714,0.0571,1,6701.400000000001,0
C00102,low,organic,Kolkata,40,female,2,4,35687,32727.230000000003,27220.37,5506.860000000003,16.83,16363.62,2024-05-28,2024-07-26,523,59,38,17,8,7,6,3,4,1,12.37,0.2105,0.1842,0.1579,0,0.0,1
C00473,medium,referral,Delhi,28,male,9,17,35480,33860.409999999996,25471.07,8389.339999999998,24.78,3762.27,2025-05-11,2025-12-10,21,213,107,55,21,26,5,3,4,1,15.42,0.1963,0.243,0.0467,4,20683.36,0
C00333,medium,referral,Kolkata,45,female,5,9,35291,32598.97,23910.51,8688.460000000001,26.65,6519.79,2025-06-17,2025-12-23,8,189,109,46,27,16,20,3,4,1,9.66,0.2477,0.1468,0.1835,1,30729.6,0
C00042,low,ads,Bhubaneswar,26,male,1,3,35103,28784.460000000003,26543.22,2241.2400000000016,7.79,28784.46,2025-08-03,2025-08-03,150,0,9,3,3,1,2,2,4,1,1.0,0.3333,0.1111,0.2222,0,0.0,1
C00957,medium,ads,Kolkata,51,male,4,9,35047,29770.66,24762.74,5007.919999999999,16.82,7442.66,2025-10-22,2025-12-25,6,64,50,23,16,7,4,3,4,1,22.81,0.32,0.14,0.08,2,25289.739999999998,0
C01191,low,ads,Jaipur,22,other,4,9,33963,33114.69,24702.079999999998,8412.61,25.4,8278.67,2024-09-07,2025-03-25,281,199,46,21,16,8,1,3,4,1,7.34,0.3478,0.1739,0.0217,0,0.0,1
C00023,low,organic,Delhi,41,female,1,2,33550,31537.0,20262.08,11274.919999999998,35.75,31537.0,2025-02-24,2025-02-24,310,0,9,3,4,2,0,2,3,1,1.0,0.4444,0.2222,0.0,0,0.0,1
C00600,low,organic,Kolkata,41,male,1,1,33217,32884.83,25227.08,7657.75,23.29,32884.83,2024-03-18,2024-03-18,653,0,8,5,1,1,1,3,4,1,1.0,0.125,0.125,0.125,0,0.0,1
C00194,medium,organic,Mumbai,41,female,4,8,33126,30349.46,21690.13,8659.33,28.53,7587.36,2025-11-03,2025-12-05,26,32,23,11,7,2,3,3,4,1,45.63,0.3043,0.087,0.1304,2,9935.31,0
C00546,low,referral,Mumbai,30,male,2,5,31440,30913.32,21259.9,9653.419999999998,31.23,15456.66,2024-08-08,2024-08-27,491,19,13,4,6,0,3,3,3,1,38.42,0.4615,0.0,0.2308,0,0.0,1
C01000,medium,ads,Mumbai,23,male,6,10,31232,29468.899999999998,22749.71,6719.189999999998,22.8,4911.48,2025-09-04,2025-12-03,28,90,48,24,11,9,4,3,4,1,24.33,0.2292,0.1875,0.0833,2,21956.41,0
C00744,medium,organic,Chennai,45,female,4,9,31165,27160.47,21464.47,5695.999999999999,20.97,6790.12,2025-11-02,2025-12-30,1,58,34,12,12,8,2,3,4,1,25.17,0.3529,0.2353,0.0588,8,138897.63999999998,0
C01132,medium,organic,Hyderabad,51,male,2,5,29916,28133.04,18918.79,9214.25,32.75,14066.52,2025-11-11,2025-12-05,26,24,51,22,13,8,8,3,4,1,30.42,0.2549,0.1569,0.1569,2,36841.84,0
C01091,medium,ads,Bhubaneswar,33,male,3,9,29037,25770.09,20798.46,4971.63,19.29,8590.03,2025-11-15,2025-12-31,0,46,19,8,8,3,0,2,3,1,23.8,0.4211,0.1579,0.0,1,2984.8,0
C00923,medium,organic,Pune,55,male,5,10,28995,25697.08,20151.79,5545.29,21.58,5139.42,2025-09-08,2025-10-13,79,35,54,27,15,8,4,3,4,1,52.14,0.2778,0.1481,0.0741,3,75130.20000000001,0
C01224,low,ads,Ahmedabad,31,other,2,6,28746,27521.22,20969.16,6552.060000000001,23.81,13760.61,2025-05-11,2025-05-22,223,11,9,5,1,3,0,2,3,1,66.36,0.1111,0.3333,0.0,0,0.0,1
C00321,medium,ads,Bhubaneswar,45,female,2,4,28681,27672.489999999998,21111.620000000003,6560.869999999997,23.71,13836.24,2025-12-16,2025-12-18,13,2,28,13,8,6,1,3,4,1,365.0,0.2857,0.2143,0.0357,2,16583.6,0
C00616,low,organic,Hyderabad,21,male,2,4,28652,26646.64,19123.98,7522.660000000001,28.23,13323.32,2025-03-30,2025-12-29,2,274,67,35,18,8,6,3,4,1,2.66,0.2687,0.1194,0.0896,0,0.0,1
C00236,medium,referral,Bangalore,33,female,3,7,28406,26471.989999999998,18841.75,7630.240000000001,28.82,8824.0,2025-09-29,2025-12-16,15,78,53,25,15,10,3,3,4,1,14.04,0.283,0.1887,0.0566,2,29698.02,0
C01023,high,organic,Kolkata,56,male,1,3,28323,21525.48,18637.260000000002,2888.2199999999975,13.42,21525.48,2025-12-30,2025-12-30,1,0,10,6,0,2,2,3,3,1,1.0,0.0,0.2,0.2,11,196644.31,0
C00890,low,ads,Bhubaneswar,43,male,2,6,27948,26261.489999999998,17989.949999999997,8271.54,31.5,13130.74,2024-01-27,2024-02-16,684,20,13,4,4,4,1,3,4,1,36.5,0.3077,0.3077,0.0769,0,0.0,1
C00435,medium,ads,Jaipur,21,male,4,9,27712,22249.64,17591.37,4658.2699999999995,20.94,5562.41,2025-09-07,2025-12-17,14,101,52,30,10,7,5,3,4,1,14.46,0.1923,0.1346,0.0962,2,9812.2,0
C00601,low,ads,Bhubaneswar,34,female,3,4,27319,26036.64,20385.04,5651.599999999999,21.71,8678.88,2025-10-09,2025-12-21,10,73,38,21,11,4,2,3,4,1,15.0,0.2895,0.1053,0.0526,0,0.0,1
C00544,medium,ads,Kolkata,27,other,4,8,27077,25681.249999999996,18849.78,6831.4699999999975,26.6,6420.31,2025-11-06,2025-12-22,9,46,33,15,8,6,4,3,4,1,31.74,0.2424,0.1818,0.1212,5,21928.94,0
C00474,low,referral,Bangalore,48,male,1,1,26494,26229.06,19782.38,6446.68,24.58,26229.06,2025-08-05,2025-08-05,148,0,33,15,10,6,2,3,4,1,1.0,0.303,0.1818,0.0606,0,0.0,1
C00779,medium,referral,Bhubaneswar,34,female,3,7,26126,23979.76,19475.47,4504.289999999999,18.78,7993.25,2025-10-19,2025-11-19,42,31,42,17,11,7,7,3,4,1,35.32,0.2619,0.1667,0.1667,3,157056.96,0
C00581,medium,organic,Bangalore,21,male,3,6,25854,24439.68,17712.329999999998,6727.35,27.53,8146.56,2025-11-02,2025-12-26,5,54,71,36,12,13,10,3,4,1,20.28,0.169,0.1831,0.1408,2,11811.18,0
C01123,medium,organic,Delhi,53,other,2,4,25827,24843.839999999997,17268.260000000002,7575.579999999998,30.49,12421.92,2025-10-10,2025-10-11,81,1,58,31,17,5,5,3,4,1,730.0,0.2931,0.0862,0.0862,3,38677.52,0
C00758,medium,ads,Ahmedabad,28,male,3,4,25759,24551.039999999997,16784.56,7766.479999999998,31.63,8183.68,2025-11-16,2025-12-30,1,44,21,14,5,1,1,3,4,1,24.89,0.2381,0.0476,0.0476,1,4086.6,0
C00412,low,organic,Jaipur,46,female,1,1,25363,20544.030000000002,18710.14,1833.890000000003,8.93,20544.03,2025-12-13,2025-12-13,18,0,8,6,1,1,0,2,3,1,1.0,0.125,0.125,0.0,0,0.0,1
C00767,low,referral,Ahmedabad,45,female,1,3,25206,19156.56,17965.14,1191.420000000002,6.22,19156.56,2025-08-02,2025-08-02,151,0,8,4,3,0,1,3,3,1,1.0,0.375,0.0,0.125,0,0.0,1
C00355,low,ads,Mumbai,39,female,1,3,24999,21499.14,18710.94,2788.2000000000007,12.97,21499.14,2024-07-28,2024-07-28,521,0,11,4,3,3,1,3,4,1,1.0,0.2727,0.2727,0.0909,0,0.0,1
C00202,medium,ads,Jaipur,25,female,4,10,24020,21605.76,15408.070000000002,6197.689999999998,28.69,5401.44,2025-08-08,2025-12-13,18,127,89,46,14,16,13,3,4,1,11.5,0.1573,0.1798,0.1461,6,149451.69,0
C01207,low,organic,Pune,37,male,1,2,23938,22980.48,16279.78,6700.699999999999,29.16,22980.48,2025-02-18,2025-02-18,316,0,22,12,3,6,1,3,4,1,1.0,0.1364,0.2727,0.0455,0,0.0,1
C01121,low,referral,Chennai,24,male,2,4,22294,20468.940000000002,15878.880000000001,4590.06,22.42,10234.47,2024-08-18,2024-08-31,487,13,34,15,7,6,6,3,4,1,56.15,0.2059,0.1765,0.1765,0,0.0,1
C00067,low,ads,Bhubaneswar,22,female,2,4,22235,21677.15,13434.970000000001,8242.179999999998,38.02,10838.58,2025-09-22,2025-10-01,91,9,15,8,4,2,1,3,4,1,81.11,0.2667,0.1333,0.0667,0,0.0,1
C00785,low,ads,Kolkata,30,male,3,5,22014,20394.48,14601.94,5792.539999999999,28.4,6798.16,2025-05-13,2025-07-29,155,77,24,11,7,6,0,2,3,1,14.22,0.2917,0.25,0.0,0,0.0,1
C00733,high,ads,Bangalore,18,female,3,9,21552,20818.23,16646.91,4171.319999999998,20.04,6939.41,2025-11-24,2025-12-21,10,27,34,18,10,4,2,3,4,1,40.56,0.2941,0.1176,0.0588,14,256405.40999999997,0
C00286,medium,referral,Bhubaneswar,30,male,2,4,21506,20551.719999999998,14885.96,5665.7599999999975,27.57,10275.86,2025-11-29,2025-12-04,27,5,19,16,3,0,0,2,2,1,146.0,0.1579,0.0,0.0,2,136389.34,0
C01043,medium,ads,Bhubaneswar,19,male,1,1,21340,18992.6,14781.73,4210.869999999999,22.17,18992.6,2025-10-17,2025-10-17,75,0,73,39,16,9,9,3,4,1,1.0,0.2192,0.1233,0.1233,5,122203.9,0
C00110,medium,ads,Bangalore,38,other,2,5,20868,19824.6,14652.6,5171.999999999998,26.09,9912.3,2025-11-10,2025-11-26,35,16,23,10,7,4,2,3,4,1,45.63,0.3043,0.1739,0.087,3,27786.06,0
C00180,low,ads,Ahmedabad,37,female,2,4,20790,18718.399999999998,15259.460000000001,3458.9399999999982,18.48,9359.2,2025-10-30,2025-11-10,51,11,15,13,1,1,0,2,3,1,66.36,0.0667,0.0667,0.0,0,0.0,1
C00272,medium,organic,Pune,41,female,3,6,20578,16993.11,13589.35,3403.7599999999993,20.03,5664.37,2025-10-23,2025-12-04,27,42,38,12,15,6,5,3,4,1,26.07,0.3947,0.1579,0.1316,1,1393.92,0
C01102,low,ads,Mumbai,18,female,3,7,20537,19078.9,14322.23,4756.670000000001,24.93,6359.63,2025-09-23,2025-12-06,25,74,34,16,7,7,4,3,4,1,14.8,0.2059,0.2059,0.1176,1,34829.79,0
C00373,medium,ads,Bangalore,46,female,2,5,20096,18147.86,13483.150000000001,4664.71,25.7,9073.93,2025-11-05,2025-12-26,5,51,27,13,9,2,3,3,4,1,14.31,0.3333,0.0741,0.1111,3,130029.7,0
C00196,low,organic,Mumbai,44,female,1,3,19950,17755.5,13749.39,4006.1100000000006,22.56,17755.5,2025-06-10,2025-06-10,204,0,5,2,3,0,0,2,2,1,1.0,0.6,0.0,0.0,0,0.0,1
C00671,low,organic,Pune,41,male,1,3,19950,18952.5,13749.39,5203.110000000001,27.45,18952.5,2024-11-20,2024-11-20,406,0,19,11,0,2,6,3,3,1,1.0,0.0,0.1053,0.3158,0,0.0,1
C01144,low,ads,Ahmedabad,39,male,1,3,19950,19750.5,13749.39,6001.110000000001,30.38,19750.5,2024-05-31,2024-05-31,579,0,10,5,3,2,0,2,3,1,1.0,0.3,0.2,0.0,0,0.0,1
C00846,low,ads,Chennai,18,male,2,2,19417,16262.13,14067.630000000001,2194.499999999999,13.49,8131.06,2025-07-23,2025-07-26,158,3,8,3,2,3,0,2,3,1,243.33,0.25,0.375,0.0,0,0.0,1
C01083,high,referral,Delhi,47,male,2,2,19255,17670.85,11757.5,5913.3499999999985,33.46,8835.42,2025-11-26,2025-12-06,25,10,39,20,9,5,5,3,4,1,73.0,0.2308,0.1282,0.1282,11,131936.89,0
C00788,medium,referral,Pune,46,female,2,4,18932,16289.699999999999,13370.58,2919.119999999999,17.92,8144.85,2025-12-05,2025-12-17,14,12,19,9,3,1,6,3,4,1,60.83,0.1579,0.0526,0.3158,0,0.0,1
C01213,low,organic,Jaipur,47,female,1,2,18190,17644.3,14154.66,3489.6399999999994,19.78,17644.3,2024-12-09,2024-12-09,387,0,24,15,2,3,4,3,4,1,1.0,0.0833,0.125,0.1667,0,0.0,1
C00031,low,organic,Delhi,36,male,2,4,18054,17058.54,13827.880000000001,3230.659999999999,18.94,8529.27,2024-09-14,2024-10-08,449,24,13,5,3,2,3,3,4,1,30.42,0.2308,0.1538,0.2308,0,0.0,1
C00207,low,referral,Bangalore,31,male,1,1,17868,17331.96,12726.29,4605.669999999998,26.57,17331.96,2024-06-13,2024-06-13,566,0,13,7,2,3,1,3,4,1,1.0,0.1538,0.2308,0.0769,0,0.0,1
C00268,medium,ads,Chennai,41,female,5,8,17090,14642.369999999999,12327.470000000001,2314.8999999999996,15.81,2928.47,2025-08-26,2025-11-09,52,75,85,45,14,7,19,3,4,1,24.33,0.1647,0.0824,0.2235,2,28702.8,0
C00776,low,referral,Hyderabad,33,female,1,3,16917,13702.77,11201.82,2500.9500000000007,18.25,13702.77,2024-08-28,2024-08-28,490,0,14,7,1,4,2,3,4,1,1.0,0.0714,0.2857,0.1429,0,0.0,1
C00704,low,referral,Delhi,30,male,1,3,16386,16058.279999999999,11055.84,5002.439999999999,31.15,16058.28,2024-02-10,2024-02-10,690,0,12,7,2,2,1,2,4,1,1.0,0.1667,0.1667,0.0833,0,0.0,1
C01169,low,referral,Kolkata,31,female,1,2,15830,15355.1,12006.54,3348.5599999999995,21.81,15355.1,2024-08-04,2024-08-04,514,0,9,6,0,1,2,3,3,1,1.0,0.0,0.1111,0.2222,0,0.0,1
C00017,medium,ads,Bangalore,34,male,5,11,15639,14711.31,11667.19,3044.12,20.69,2942.26,2025-11-19,2025-12-28,3,39,28,10,12,4,2,3,4,1,46.79,0.4286,0.1429,0.0714,1,16653.78,0
C00454,low,organic,Delhi,34,male,3,6,15633,14559.98,10539.529999999999,4020.4500000000003,27.61,4853.33,2024-07-21,2025-06-23,191,337,98,49,25,17,7,3,4,1,3.25,0.2551,0.1735,0.0714,0,0.0,1
C00708,low,organic,Delhi,25,male,1,2,15078,14474.88,10526.94,3947.9399999999987,27.27,14474.88,2024-09-13,2024-09-13,474,0,15,6,2,5,2,3,4,1,1.0,0.1333,0.3333,0.1333,0,0.0,1
C00375,low,organic,Chennai,25,male,3,7,14878,13915.48,9912.24,4003.24,28.77,4638.49,2024-06-25,2024-08-09,509,45,17,6,9,1,1,3,4,1,24.33,0.5294,0.0588,0.0588,0,0.0,1
C00872,low,referral,Pune,20,female,2,6,14454,13509.72,9711.36,3798.3599999999997,28.12,6754.86,2025-06-11,2025-08-04,149,54,16,8,4,2,2,3,4,1,13.52,0.25,0.125,0.125,0,0.0,1
C00920,medium,referral,Chennai,39,female,5,8,14440,13525.88,10040.720000000001,3485.1599999999994,25.77,2705.18,2025-10-05,2025-12-02,29,58,62,26,22,6,8,3,4,1,31.47,0.3548,0.0968,0.129,3,44371.68,0
C00686,medium,organic,Ahmedabad,53,male,1,3,14274,14274.0,10391.55,3882.4500000000007,27.2,14274.0,2025-10-17,2025-10-17,75,0,30,11,5,5,9,3,4,1,1.0,0.1667,0.1667,0.3,4,56055.439999999995,0
C01193,medium,referral,Bangalore,45,female,1,3,13950,12694.5,9481.53,3212.9699999999993,25.31,12694.5,2025-12-25,2025-12-25,6,0,4,3,1,0,0,2,2,1,1.0,0.25,0.0,0.0,2,20557.89,0
C00688,low,ads,Pune,54,female,1,2,13300,12236.0,9166.26,3069.74,25.09,12236.0,2024-02-25,2024-02-25,675,0,14,6,4,3,1,3,4,1,1.0,0.2857,0.2143,0.0714,0,0.0,1
C00378,low,ads,Ahmedabad,24,male,3,7,13231,12166.9,9155.64,3011.26,24.75,4055.63,2024-06-19,2024-09-13,474,86,45,24,10,5,6,3,4,1,12.73,0.2222,0.1111,0.1333,0,0.0,1
C00925,medium,organic,Jaipur,25,male,2,3,12735,12189.199999999999,9279.95,2909.249999999999,23.87,6094.6,2025-11-25,2025-12-30,1,35,20,9,4,3,4,3,4,1,20.86,0.2,0.15,0.2,4,26868.79,0
C00570,low,ads,Mumbai,35,female,2,4,12690,9919.2,9672.119999999999,247.07999999999993,2.49,4959.6,2025-02-14,2025-02-28,306,14,10,4,5,1,0,2,3,1,52.14,0.5,0.1,0.0,0,0.0,1
C00827,low,organic,Chennai,23,female,1,3,11850,10072.5,8477.01,1595.4899999999998,15.84,10072.5,2025-11-03,2025-11-03,58,0,6,2,1,2,1,3,4,1,1.0,0.1667,0.3333,0.1667,0,0.0,1
C00116,low,referral,Mumbai,47,male,2,4,11680,11589.31,7587.200000000001,4002.109999999999,34.53,5794.65,2024-06-20,2024-06-30,549,10,20,11,3,6,0,2,3,1,73.0,0.15,0.3,0.0,0,0.0,1
C01013,low,ads,Bhubaneswar,20,male,2,5,11430,10859.039999999999,7454.549999999999,3404.4900000000002,31.35,5429.52,2025-11-06,2025-11-27,34,21,22,7,7,5,3,3,4,1,34.76,0.3182,0.2273,0.1364,0,0.0,1
C00035,low,ads,Jaipur,18,female,1,2,11260,10471.8,6832.3,3639.499999999999,34.76,10471.8,2025-05-31,2025-05-31,214,0,5,4,1,0,0,2,2,1,1.0,0.2,0.0,0.0,0,0.0,1
C00162,medium,organic,Delhi,36,male,3,5,11149,10329.67,8610.6,1719.0699999999993,16.64,3443.22,2025-08-07,2025-12-15,16,130,69,38,13,8,10,3,4,1,8.42,0.1884,0.1159,0.1449,3,26702.1,0
C01192,low,referral,Pune,48,female,1,1,11069,10736.93,8729.57,2007.3600000000006,18.7,10736.93,2025-03-21,2025-03-21,285,0,21,15,1,1,4,3,4,1,1.0,0.0476,0.0476,0.1905,0,0.0,1
C00394,low,organic,Jaipur,45,male,2,3,10497,9757.240000000002,6922.27,2834.9700000000003,29.06,4878.62,2025-04-16,2025-08-15,138,121,65,38,11,10,6,3,4,1,6.03,0.1692,0.1538,0.0923,0,0.0,1
C00534,medium,organic,Chennai,38,female,1,1,10349,9728.06,7510.77,2217.289999999999,22.79,9728.06,2025-12-29,2025-12-29,2,0,3,2,0,1,0,2,2,1,1.0,0.0,0.3333,0.0,5,75585.02,0
C00805,low,referral,Kolkata,43,male,2,3,10288,9822.92,6781.9800000000005,3040.9399999999996,30.96,4911.46,2025-02-04,2025-04-12,263,67,98,46,23,20,9,3,4,1,10.9,0.2347,0.2041,0.0918,1,10163.79,0
C00095,low,ads,Kolkata,39,male,1,2,9988,7191.36,7029.94,161.42000000000007,2.24,7191.36,2025-05-14,2025-05-14,231,0,16,9,2,2,3,3,4,1,1.0,0.125,0.125,0.1875,0,0.0,1
C00455,medium,organic,Hyderabad,37,male,1,2,9872,9477.119999999999,6203.62,3273.499999999999,34.54,9477.12,2025-12-13,2025-12-13,18,0,19,8,4,3,4,3,4,1,1.0,0.2105,0.1579,0.2105,7,138128.43,0
C00135,low,ads,Mumbai,18,male,1,3,9798,7348.5,6964.799999999999,383.7000000000007,5.22,7348.5,2025-06-26,2025-06-26,188,0,10,6,1,2,1,3,4,1,1.0,0.1,0.2,0.1,0,0.0,1
C00869,medium,organic,Jaipur,27,male,3,6,9656,9312.699999999999,6992.95,2319.7499999999995,24.91,3104.23,2025-10-03,2025-12-15,16,73,33,17,8,5,3,3,4,1,15.0,0.2424,0.1515,0.0909,4,36483.27,0
C00160,low,organic,Delhi,26,female,2,2,9587,8817.17,6306.9400000000005,2510.23,28.47,4408.59,2025-12-12,2025-12-20,11,8,9,3,2,4,0,2,3,1,91.25,0.2222,0.4444,0.0,0,0.0,1
C00959,medium,referral,Kolkata,37,female,2,3,9581,7514.91,6183.52,1331.3899999999999,17.72,3757.45,2025-09-26,2025-10-31,61,35,64,36,14,7,7,3,4,1,20.86,0.2188,0.1094,0.1094,3,87353.62000000001,0
C00030,low,ads,Pune,44,female,1,1,9498,9403.02,6597.37,2805.6500000000005,29.84,9403.02,2024-02-14,2024-02-14,686,0,7,6,0,1,0,2,2,1,1.0,0.0,0.1429,0.0,0,0.0,1
C00138,low,ads,Jaipur,20,male,1,1,9441,9441.0,6212.42,3228.58,34.2,9441.0,2024-09-06,2024-09-06,481,0,16,8,3,2,3,3,4,1,1.0,0.1875,0.125,0.1875,0,0.0,1
C00635,high,referral,Bhubaneswar,43,female,2,2,9406,8766.3,6710.22,2056.08,23.45,4383.15,2025-12-25,2025-12-26,5,1,14,6,5,2,1,3,4,1,730.0,0.3571,0.1429,0.0714,12,82977.68,0
C00146,low,referral,Ahmedabad,30,male,2,4,9338,8234.9,6444.04,1790.8600000000001,21.75,4117.45,2024-07-22,2024-08-12,506,21,39,21,9,6,3,3,4,1,34.76,0.2308,0.1538,0.0769,0,0.0,1
C01183,low,ads,Bangalore,53,female,1,1,8497,8412.03,5570.09,2841.9400000000005,33.78,8412.03,2025-03-21,2025-03-21,285,0,36,20,7,7,2,3,4,1,1.0,0.1944,0.1944,0.0556,0,0.0,1
C00891,low,ads,Jaipur,34,other,1,1,8250,7672.499999999999,5292.91,2379.5899999999992,31.01,7672.5,2024-07-26,2024-07-26,523,0,6,3,1,1,1,3,4,1,1.0,0.1667,0.1667,0.1667,0,0.0,1
C00790,low,referral,Bangalore,26,male,1,3,8220,7480.2,5225.28,2254.92,30.15,7480.2,2024-05-12,2024-05-12,598,0,23,13,7,3,0,2,3,1,1.0,0.3043,0.1304,0.0,0,0.0,1
C00902,low,referral,Bhubaneswar,33,female,1,2,8202,7791.9,5400.0,2391.8999999999996,30.7,7791.9,2025-09-24,2025-09-24,98,0,16,10,2,1,3,3,4,1,1.0,0.125,0.0625,0.1875,0,0.0,1
C00082,low,organic,Hyderabad,25,female,1,3,7569,7266.24,4880.25,2385.99,32.84,7266.24,2025-04-19,2025-04-19,256,0,6,4,1,0,1,3,3,1,1.0,0.1667,0.0,0.1667,0,0.0,1
C00499,medium,organic,Kolkata,38,male,1,3,7569,7341.929999999999,4880.25,2461.6799999999994,33.53,7341.93,2025-11-16,2025-11-16,45,0,21,8,9,2,2,3,4,1,1.0,0.4286,0.0952,0.0952,5,54040.8,0
C00778,low,ads,Mumbai,34,female,1,3,7569,7266.24,4880.25,2385.99,32.84,7266.24,2025-07-24,2025-07-24,160,0,45,22,10,8,5,3,4,1,1.0,0.2222,0.1778,0.1111,2,57684.119999999995,0
C00472,low,organic,Pune,33,male,2,5,7505,7209.15,5343.46,1865.6899999999996,25.88,3604.57,2024-09-19,2024-12-10,386,82,18,10,3,3,2,3,4,1,8.9,0.1667,0.1667,0.1111,0,0.0,1
C00339,low,organic,Mumbai,28,male,1,3,7440,7216.8,4879.38,2337.42,32.39,7216.8,2024-04-01,2024-04-01,639,0,14,6,4,1,3,3,4,1,1.0,0.2857,0.0714,0.2143,0,0.0,1
C00971,low,referral,Ahmedabad,23,male,1,3,7440,6844.8,4879.38,1965.42,28.71,6844.8,2024-11-25,2024-11-25,401,0,19,10,3,3,3,3,4,1,1.0,0.1579,0.1579,0.1579,0,0.0,1
C00113,low,ads,Hyderabad,18,male,1,2,7436,6766.76,5212.74,1554.0200000000004,22.97,6766.76,2025-01-20,2025-01-20,345,0,8,4,3,0,1,3,3,1,1.0,0.375,0.0,0.125,0,0.0,1
C00497,low,ads,Ahmedabad,39,female,1,2,6532,6270.719999999999,4643.2,1627.5199999999995,25.95,6270.72,2025-11-08,2025-11-08,53,0,3,1,2,0,0,2,2,1,1.0,0.6667,0.0,0.0,0,0.0,1
C00151,low,referral,Bhubaneswar,20,female,1,1,6509,6509.0,4062.84,2446.16,37.58,6509.0,2024-08-04,2024-08-04,514,0,14,5,5,2,2,3,4,1,1.0,0.3571,0.1429,0.1429,0,0.0,1
C00401,low,ads,Bangalore,18,male,1,1,6509,6053.37,4062.84,1990.5299999999997,32.88,6053.37,2024-03-02,2024-03-02,669,0,9,5,2,2,0,2,3,1,1.0,0.2222,0.2222,0.0,0,0.0,1
C00722,low,referral,Bangalore,52,male,1,3,6324,6071.04,4573.26,1497.7799999999997,24.67,6071.04,2024-03-19,2024-03-19,652,0,18,7,3,1,7,3,4,1,1.0,0.1667,0.0556,0.3889,0,0.0,1
C00746,low,ads,Hyderabad,37,male,1,2,6146,6084.54,4001.62,2082.92,34.23,6084.54,2024-02-01,2024-02-01,699,0,9,3,2,3,1,2,4,1,1.0,0.2222,0.3333,0.1111,0,0.0,1
C00198,medium,organic,Chennai,38,male,1,1,6138,5892.48,4817.89,1074.5899999999992,18.24,5892.48,2025-12-02,2025-12-02,29,0,19,9,6,2,2,3,4,1,1.0,0.3158,0.1053,0.1053,2,51569.06,0
C00253,medium,organic,Chennai,34,male,1,3,6081,5533.71,4274.28,1259.4300000000003,22.76,5533.71,2025-12-25,2025-12-25,6,0,5,4,0,1,0,2,2,1,1.0,0.0,0.2,0.0,3,20360.97,0
C00844,low,organic,Delhi,24,female,1,3,6081,4925.610000000001,4274.28,651.3300000000008,13.22,4925.61,2025-01-03,2025-01-03,362,0,9,2,6,1,0,2,3,1,1.0,0.6667,0.1111,0.0,0,0.0,1
C01044,low,organic,Jaipur,27,male,1,3,6081,6020.19,4274.28,1745.9099999999999,29.0,6020.19,2024-06-20,2024-06-20,559,0,8,3,4,1,0,2,3,1,1.0,0.5,0.125,0.0,0,0.0,1
C00536,medium,ads,Chennai,24,female,2,4,6065,5793.87,3792.2300000000005,2001.6399999999992,34.55,2896.93,2025-12-05,2025-12-22,9,17,27,12,8,5,2,3,4,1,42.94,0.2963,0.1852,0.0741,7,60238.409999999996,0
C00263,low,ads,Bhubaneswar,40,male,1,3,6027,4520.25,3703.6499999999996,816.6000000000004,18.07,4520.25,2025-09-06,2025-09-06,116,0,12,5,5,0,2,3,3,1,1.0,0.4167,0.0,0.1667,0,0.0,1
C00699,low,organic,Jaipur,33,female,1,3,5859,4570.02,4636.47,-66.44999999999982,-1.45,4570.02,2025-12-21,2025-12-21,10,0,10,6,1,2,1,3,4,1,1.0,0.1,0.2,0.1,0,0.0,1
C00348,low,organic,Pune,57,female,2,3,5624,5384.88,4162.96,1221.92,22.69,2692.44,2025-07-11,2025-09-04,118,55,42,26,9,5,2,3,4,1,13.27,0.2143,0.119,0.0476,0,0.0,1
C00192,medium,organic,Kolkata,44,female,1,3,5397,3993.7799999999997,3940.26,53.51999999999953,1.34,3993.78,2025-11-20,2025-11-20,41,0,26,17,5,4,0,2,3,1,1.0,0.1923,0.1538,0.0,5,121503.21,0
C00502,medium,ads,Delhi,45,female,1,2,5266,5213.34,3725.62,1487.7200000000003,28.54,5213.34,2025-12-28,2025-12-28,3,0,12,6,3,1,2,3,4,1,1.0,0.25,0.0833,0.1667,5,42146.409999999996,0
C00793,low,referral,Ahmedabad,38,female,1,2,5266,5213.34,3725.62,1487.7200000000003,28.54,5213.34,2025-04-02,2025-04-02,273,0,8,6,1,1,0,2,3,1,1.0,0.125,0.125,0.0,0,0.0,1
C01104,medium,ads,Bangalore,32,female,1,2,5222,5117.5599999999995,3895.96,1221.5999999999995,23.87,5117.56,2025-12-31,2025-12-31,0,0,5,3,1,0,1,2,3,1,1.0,0.2,0.0,0.2,4,12695.640000000001,0
C01161,low,ads,Mumbai,18,female,1,2,5222,4699.8,3895.96,803.8400000000001,17.1,4699.8,2025-12-23,2025-12-23,8,0,20,10,5,3,2,3,4,1,1.0,0.25,0.15,0.1,1,37081.24,0
C00133,low,organic,Mumbai,28,female,1,2,5152,5048.96,3933.42,1115.54,22.09,5048.96,2024-06-26,2024-06-26,553,0,34,17,10,5,2,3,4,1,1.0,0.2941,0.1471,0.0588,0,0.0,1
C00517,low,ads,Bhubaneswar,24,female,1,1,4994,4844.18,3514.97,1329.2100000000005,27.44,4844.18,2025-09-18,2025-09-18,104,0,29,14,9,3,3,3,4,1,1.0,0.3103,0.1034,0.1034,0,0.0,1
C00120,low,organic,Delhi,18,male,1,1,4758,3378.18,3463.85,-85.67000000000007,-2.54,3378.18,2024-03-06,2024-03-06,665,0,23,11,7,3,2,3,4,1,1.0,0.3043,0.1304,0.087,0,0.0,1
C00246,low,organic,Chennai,40,female,2,3,4712,4624.88,3489.59,1135.29,24.55,2312.44,2025-01-02,2025-03-14,292,71,31,14,11,3,3,3,4,1,10.28,0.3548,0.0968,0.0968,0,0.0,1
C01167,medium,organic,Hyderabad,22,female,1,1,4638,4359.719999999999,3494.01,865.7099999999991,19.86,4359.72,2025-12-26,2025-12-26,5,0,6,1,2,2,1,3,4,1,1.0,0.3333,0.3333,0.1667,2,135381.33,0
C00308,low,organic,Pune,20,other,1,2,4378,4071.5399999999995,3191.12,880.4199999999996,21.62,4071.54,2025-09-20,2025-09-20,102,0,70,44,14,5,7,3,4,1,1.0,0.2,0.0714,0.1,0,0.0,1
C00345,low,referral,Chennai,33,female,1,3,4305,4046.7,3132.0,914.6999999999998,22.6,4046.7,2025-06-04,2025-06-04,210,0,19,8,5,4,2,3,4,1,1.0,0.2632,0.2105,0.1053,0,0.0,1
C00205,low,ads,Jaipur,23,female,1,2,4292,3948.6400000000003,3271.66,676.9800000000005,17.14,3948.64,2025-02-27,2025-02-27,307,0,8,3,4,0,1,3,3,1,1.0,0.5,0.0,0.125,0,0.0,1
C00421,low,ads,Bangalore,43,male,1,3,3825,2945.25,2909.52,35.73000000000002,1.21,2945.25,2024-01-27,2024-01-27,704,0,13,8,1,4,0,2,3,1,1.0,0.0769,0.3077,0.0,0,0.0,1
C01079,low,ads,Pune,47,female,1,3,3825,2907.0,2909.52,-2.519999999999982,-0.09,2907.0,2024-06-07,2024-06-07,572,0,9,3,4,1,1,3,4,1,1.0,0.4444,0.1111,0.1111,0,0.0,1
C00558,low,ads,Delhi,51,female,1,1,3819,2940.63,2381.7,558.9300000000003,19.01,2940.63,2025-02-18,2025-02-18,316,0,4,3,1,0,0,1,2,1,1.0,0.25,0.0,0.0,0,0.0,1
C00742,low,ads,Chennai,41,female,1,3,3792,3716.16,2691.1499999999996,1025.0100000000002,27.58,3716.16,2025-04-28,2025-04-28,247,0,31,14,10,6,1,3,4,1,1.0,0.3226,0.1935,0.0323,0,0.0,1
C00976,low,ads,Bangalore,44,male,1,3,3792,3488.6400000000003,2691.1499999999996,797.4900000000007,22.86,3488.64,2025-08-06,2025-08-06,147,0,27,12,12,2,1,3,4,1,1.0,0.4444,0.0741,0.037,0,0.0,1
C00997,low,ads,Pune,25,male,1,3,3747,3634.5899999999997,2258.2200000000003,1376.3699999999994,37.87,3634.59,2025-08-28,2025-08-28,125,0,8,5,2,1,0,2,3,1,1.0,0.25,0.125,0.0,0,0.0,1
C00862,low,ads,Pune,39,female,1,2,3404,2961.48,2342.56,618.9200000000001,20.9,2961.48,2024-10-07,2024-10-07,450,0,9,5,3,0,1,3,3,1,1.0,0.3333,0.0,0.1111,0,0.0,1
C00621,low,referral,Bangalore,39,male,1,1,3073,3042.27,2000.81,1041.46,34.23,3042.27,2025-06-01,2025-06-01,213,0,18,12,2,3,1,3,4,1,1.0,0.1111,0.1667,0.0556,0,0.0,1
C00077,low,organic,Chennai,36,male,1,3,3054,2962.38,1938.3000000000002,1024.08,34.57,2962.38,2025-12-04,2025-12-04,27,0,32,16,9,4,3,3,4,1,1.0,0.2813,0.125,0.0938,0,0.0,1
C00904,low,referral,Bangalore,26,female,1,3,3054,2443.2000000000003,1938.3000000000002,504.9000000000001,20.67,2443.2,2025-09-18,2025-09-18,104,0,25,13,6,3,3,3,4,1,1.0,0.24,0.12,0.12,0,0.0,1
C00409,low,organic,Jaipur,38,female,1,3,3000,2820.0,2028.27,791.73,28.08,2820.0,2025-07-24,2025-07-24,160,0,9,6,2,0,1,3,3,1,1.0,0.2222,0.0,0.1111,0,0.0,1
C00949,low,ads,Kolkata,45,female,1,1,2770,2132.9,2092.43,40.470000000000255,1.9,2132.9,2024-08-29,2024-08-29,489,0,10,5,1,4,0,2,3,1,1.0,0.1,0.4,0.0,0,0.0,1
C00271,low,organic,Bhubaneswar,31,male,1,1,2745,2607.75,1951.06,656.69,25.18,2607.75,2024-11-24,2024-11-24,402,0,20,10,2,7,1,3,4,1,1.0,0.1,0.35,0.05,0,0.0,1
C00302,low,referral,Delhi,33,male,1,2,2740,2630.4,1949.26,681.1400000000001,25.89,2630.4,2024-06-19,2024-06-19,560,0,17,9,5,2,1,3,4,1,1.0,0.2941,0.1176,0.0588,0,0.0,1
C00662,medium,ads,Delhi,23,female,1,1,2633,2501.35,1862.81,638.54,25.53,2501.35,2025-12-08,2025-12-08,23,0,21,9,7,2,3,3,4,1,1.0,0.3333,0.0952,0.1429,0,0.0,1
C00476,low,ads,Jaipur,38,female,1,3,2568,2465.2799999999997,1610.16,855.1199999999997,34.69,2465.28,2025-08-12,2025-08-12,141,0,19,9,6,2,2,3,4,1,1.0,0.3158,0.1053,0.1053,0,0.0,1
C00051,low,ads,Jaipur,37,female,1,2,2528,2452.16,1794.1,658.06,26.84,2452.16,2025-02-23,2025-02-23,311,0,11,3,5,0,3,3,3,1,1.0,0.4545,0.0,0.2727,0,0.0,1
C01020,low,organic,Hyderabad,22,male,1,1,2526,2500.74,1678.81,821.9299999999998,32.87,2500.74,2024-09-15,2024-09-15,472,0,10,6,3,1,0,2,3,1,1.0,0.3,0.1,0.0,0,0.0,1
C00914,low,ads,Hyderabad,18,male,1,3,2409,2312.64,1880.25,432.3899999999999,18.7,2312.64,2024-10-27,2024-10-27,430,0,13,5,4,4,0,2,3,1,1.0,0.3077,0.3077,0.0,0,0.0,1
C00510,low,ads,Delhi,24,female,1,1,2108,1855.04,1524.42,330.6199999999999,17.82,1855.04,2025-10-13,2025-10-13,79,0,22,6,8,7,1,3,4,1,1.0,0.3636,0.3182,0.0455,0,0.0,1
C00631,low,organic,Chennai,35,female,1,1,1930,1756.3,1375.22,381.0799999999999,21.7,1756.3,2025-04-19,2025-04-19,256,0,11,7,3,0,1,3,3,1,1.0,0.2727,0.0,0.0909,0,0.0,1
C00655,low,ads,Mumbai,27,female,1,1,1930,1756.3,1375.22,381.0799999999999,21.7,1756.3,2025-06-08,2025-06-08,206,0,6,3,2,1,0,1,3,1,1.0,0.3333,0.1667,0.0,0,0.0,1
C00594,low,organic,Mumbai,36,female,1,1,1799,1781.01,1313.42,467.5899999999999,26.25,1781.01,2024-06-27,2024-06-27,552,0,22,7,4,6,5,3,4,1,1.0,0.1818,0.2727,0.2273,0,0.0,1
C00823,low,referral,Delhi,30,male,1,2,1606,1477.52,1253.5,224.01999999999998,15.16,1477.52,2025-11-30,2025-11-30,31,0,8,4,2,2,0,2,3,1,1.0,0.25,0.25,0.0,0,0.0,1
C00651,low,ads,Delhi,24,male,1,1,1408,1323.52,1114.12,209.4000000000001,15.82,1323.52,2025-01-19,2025-01-19,346,0,8,4,3,0,1,3,3,1,1.0,0.375,0.0,0.125,0,0.0,1
C00835,low,referral,Ahmedabad,46,female,1,3,1350,1255.5,813.78,441.72,35.18,1255.5,2025-04-24,2025-04-24,251,0,23,13,4,2,4,3,4,1,1.0,0.1739,0.087,0.1739,0,0.0,1
C00405,low,organic,Mumbai,30,female,1,1,1000,900.0,676.09,223.90999999999997,24.88,900.0,2024-08-20,2024-08-20,498,0,34,23,4,4,3,3,4,1,1.0,0.1176,0.1176,0.0882,0,0.0,1
C00727,low,referral,Delhi,31,female,1,1,856,830.3199999999999,536.72,293.5999999999999,35.36,830.32,2024-09-15,2024-09-15,472,0,18,12,5,1,0,2,3,1,1.0,0.2778,0.0556,0.0,0,0.0,1
C00549,medium,referral,Delhi,44,male,1,3,780,709.8000000000001,541.23,168.57000000000005,23.75,709.8,2025-12-06,2025-12-06,25,0,18,7,6,3,2,3,4,1,1.0,0.3333,0.1667,0.1111,4,134152.77,0
C00413,medium,organic,Bangalore,25,male,1,1,260,241.79999999999998,180.41,61.389999999999986,25.39,241.8,2025-12-12,2025-12-12,19,0,20,11,3,4,2,3,4,1,1.0,0.15,0.2,0.1,5,30345.06,0
